trip_id,taxi_id,start_time,end_time,duration_minutes
1372717190620000388,20000388,2013-07-01 23:19:50,2013-07-02 00:04:35,44.75
1372718162620000560,20000560,2013-07-01 23:36:02,2013-07-02 00:02:02,26.00
1372718798620000370,20000370,2013-07-01 23:46:38,2013-07-02 00:01:53,15.25
1372719050620000596,20000596,2013-07-01 23:50:50,2013-07-02 00:05:35,14.75
1372719093620000022,20000022,2013-07-01 23:51:33,2013-07-02 00:02:03,10.50
1372719098620000509,20000509,2013-07-01 23:51:38,2013-07-02 00:01:38,10.00
1372719157620000632,20000632,2013-07-01 23:52:37,2013-07-02 00:00:37,8.00
1372719200620000031,20000031,2013-07-01 23:53:20,2013-07-02 00:06:35,13.25
1372719230620000406,20000406,2013-07-01 23:53:50,2013-07-02 00:08:20,14.50
1372719271620000503,20000503,2013-07-01 23:54:31,2013-07-02 00:03:01,8.50
1372719315620000008,20000008,2013-07-01 23:55:15,2013-07-02 00:05:15,10.00
1372719317620000101,20000101,2013-07-01 23:55:17,2013-07-02 00:12:17,17.00
1372719396620000304,20000304,2013-07-01 23:56:36,2013-07-02 00:13:36,17.00
1372719469620000409,20000409,2013-07-01 23:57:49,2013-07-02 00:02:19,4.50
1372804573620000665,20000665,2013-07-02 23:36:13,2013-07-03 00:36:43,60.50
1372805001620000007,20000007,2013-07-02 23:43:21,2013-07-03 00:08:21,25.00
1372805426620000514,20000514,2013-07-02 23:50:26,2013-07-03 00:05:11,14.75
1372805441620000472,20000472,2013-07-02 23:50:41,2013-07-03 00:13:56,23.25
1372805454620000307,20000307,2013-07-02 23:50:54,2013-07-03 00:00:24,9.50
1372805480620000671,20000671,2013-07-02 23:51:20,2013-07-03 00:15:05,23.75
1372805493620000486,20000486,2013-07-02 23:51:33,2013-07-03 00:02:03,10.50
1372805702620000497,20000497,2013-07-02 23:55:02,2013-07-03 00:28:47,33.75
1372805705620000596,20000596,2013-07-02 23:55:05,2013-07-03 00:06:35,11.50
1372805716620000570,20000570,2013-07-02 23:55:16,2013-07-03 00:30:31,35.25
1372805722620000080,20000080,2013-07-02 23:55:22,2013-07-03 00:08:52,13.50
1372805724620000263,20000263,2013-07-02 23:55:24,2013-07-03 00:13:09,17.75
1372805749620000423,20000423,2013-07-02 23:55:49,2013-07-03 00:02:49,7.00
1372805751620000684,20000684,2013-07-02 23:55:51,2013-07-03 00:24:06,28.25
1372805759620000233,20000233,2013-07-02 23:55:59,2013-07-03 00:04:44,8.75
1372805775620000626,20000626,2013-07-02 23:56:15,2013-07-03 00:06:30,10.25
1372805801620000195,20000195,2013-07-02 23:56:41,2013-07-03 00:08:56,12.25
1372805908620000101,20000101,2013-07-02 23:58:28,2013-07-03 00:07:13,8.75
1372890420620000321,20000321,2013-07-03 23:27:00,2013-07-04 00:23:15,56.25
1372890742620000476,20000476,2013-07-03 23:32:22,2013-07-04 00:02:07,29.75
1372891533620000653,20000653,2013-07-03 23:45:33,2013-07-04 00:10:48,25.25
1372891591620000492,20000492,2013-07-03 23:46:31,2013-07-04 00:00:16,13.75
1372891655620000112,20000112,2013-07-03 23:47:35,2013-07-04 00:03:05,15.50
1372891713620000481,20000481,2013-07-03 23:48:33,2013-07-04 00:07:33,19.00
1372891875620000320,20000320,2013-07-03 23:51:15,2013-07-04 00:00:30,9.25
1372891887620000472,20000472,2013-07-03 23:51:27,2013-07-04 00:03:27,12.00
1372891890620000010,20000010,2013-07-03 23:51:30,2013-07-04 00:11:00,19.50
1372892003620000344,20000344,2013-07-03 23:53:23,2013-07-04 00:03:53,10.50
1372892034620000310,20000310,2013-07-03 23:53:54,2013-07-04 00:02:54,9.00
1372892066620000311,20000311,2013-07-03 23:54:26,2013-07-04 00:05:41,11.25
1372892087620000596,20000596,2013-07-03 23:54:47,2013-07-04 00:04:17,9.50
1372892117620000577,20000577,2013-07-03 23:55:17,2013-07-04 00:02:02,6.75
1372892121620000403,20000403,2013-07-03 23:55:21,2013-07-04 00:14:06,18.75
1372892134620000101,20000101,2013-07-03 23:55:34,2013-07-04 00:10:49,15.25
1372892137620000517,20000517,2013-07-03 23:55:37,2013-07-04 00:10:37,15.00
1372892149620000431,20000431,2013-07-03 23:55:49,2013-07-04 00:11:04,15.25
1372892152620000684,20000684,2013-07-03 23:55:52,2013-07-04 00:04:07,8.25
1372892192620000356,20000356,2013-07-03 23:56:32,2013-07-04 00:05:32,9.00
1372892240620000657,20000657,2013-07-03 23:57:20,2013-07-04 00:03:20,6.00
1372892242620000668,20000668,2013-07-03 23:57:22,2013-07-04 00:03:07,5.75
1372892258620000520,20000520,2013-07-03 23:57:38,2013-07-04 00:01:23,3.75
1372892271620000304,20000304,2013-07-03 23:57:51,2013-07-04 00:02:51,5.00
1372892359620000195,20000195,2013-07-03 23:59:19,2013-07-04 00:11:19,12.00
1372892365620000252,20000252,2013-07-03 23:59:25,2013-07-04 00:05:55,6.50
1372976903620000108,20000108,2013-07-04 23:28:23,2013-07-05 00:38:53,70.50
1372977374620000038,20000038,2013-07-04 23:36:14,2013-07-05 00:02:59,26.75
1372977460620000345,20000345,2013-07-04 23:37:40,2013-07-05 00:10:10,32.50
1372977864620000395,20000395,2013-07-04 23:44:24,2013-07-05 00:12:54,28.50
1372977976620000157,20000157,2013-07-04 23:46:16,2013-07-05 00:02:31,16.25
1372978155620000161,20000161,2013-07-04 23:49:15,2013-07-05 00:33:45,44.50
1372978187620000030,20000030,2013-07-04 23:49:47,2013-07-05 00:11:17,21.50
1372978203620000473,20000473,2013-07-04 23:50:03,2013-07-05 00:11:48,21.75
1372978316620000359,20000359,2013-07-04 23:51:56,2013-07-05 00:07:26,15.50
1372978399620000051,20000051,2013-07-04 23:53:19,2013-07-05 00:05:19,12.00
1372978425620000235,20000235,2013-07-04 23:53:45,2013-07-05 00:19:00,25.25
1372978434620000042,20000042,2013-07-04 23:53:54,2013-07-05 00:06:24,12.50
1372978438620000424,20000424,2013-07-04 23:53:58,2013-07-05 00:03:58,10.00
1372978456620000486,20000486,2013-07-04 23:54:16,2013-07-05 00:01:46,7.50
1372978499620000356,20000356,2013-07-04 23:54:59,2013-07-05 00:39:59,45.00
1372978513620000463,20000463,2013-07-04 23:55:13,2013-07-05 00:00:28,5.25
1372978518620000488,20000488,2013-07-04 23:55:18,2013-07-05 00:02:18,7.00
1372978536620000431,20000431,2013-07-04 23:55:36,2013-07-05 00:02:36,7.00
1372978555620000657,20000657,2013-07-04 23:55:55,2013-07-05 00:02:25,6.50
1372978579620000310,20000310,2013-07-04 23:56:19,2013-07-05 00:09:19,13.00
1372978595620000423,20000423,2013-07-04 23:56:35,2013-07-05 00:00:50,4.25
1372978597620000688,20000688,2013-07-04 23:56:37,2013-07-05 00:07:07,10.50
1372978617620000525,20000525,2013-07-04 23:56:57,2013-07-05 00:02:12,5.25
1372978645620000574,20000574,2013-07-04 23:57:25,2013-07-05 00:17:40,20.25
1372978672620000101,20000101,2013-07-04 23:57:52,2013-07-05 00:10:07,12.25
1372978691620000624,20000624,2013-07-04 23:58:11,2013-07-05 00:18:41,20.50
1372978704620000632,20000632,2013-07-04 23:58:24,2013-07-05 00:07:09,8.75
1372978737620000037,20000037,2013-07-04 23:58:57,2013-07-05 00:08:42,9.75
1372978747620000610,20000610,2013-07-04 23:59:07,2013-07-05 00:15:37,16.50
1372978759620000010,20000010,2013-07-04 23:59:19,2013-07-05 00:03:34,4.25
1372978762620000434,20000434,2013-07-04 23:59:22,2013-07-05 00:10:22,11.00
1373055885620000520,20000520,2013-07-05 21:24:45,2013-07-06 03:45:45,381.00
1373063683620000454,20000454,2013-07-05 23:34:43,2013-07-06 00:23:43,49.00
1373063845620000268,20000268,2013-07-05 23:37:25,2013-07-06 00:05:40,28.25
1373064303620000217,20000217,2013-07-05 23:45:03,2013-07-06 00:02:48,17.75
1373064362620000233,20000233,2013-07-05 23:46:02,2013-07-06 00:01:32,15.50
1373064470620000446,20000446,2013-07-05 23:47:50,2013-07-06 00:41:35,53.75
1373064497620000483,20000483,2013-07-05 23:48:17,2013-07-06 00:00:47,12.50
1373064560620000216,20000216,2013-07-05 23:49:20,2013-07-06 00:02:35,13.25
1373064562620000009,20000009,2013-07-05 23:49:22,2013-07-06 00:11:22,22.00
1373064569620000675,20000675,2013-07-05 23:49:29,2013-07-06 00:05:29,16.00
1373064639620000192,20000192,2013-07-05 23:50:39,2013-07-06 00:02:24,11.75
1373064646620000297,20000297,2013-07-05 23:50:46,2013-07-06 00:02:01,11.25
1373064659620000067,20000067,2013-07-05 23:50:59,2013-07-06 00:02:14,11.25
1373064667620000360,20000360,2013-07-05 23:51:07,2013-07-06 00:13:22,22.25
1373064681620000561,20000561,2013-07-05 23:51:21,2013-07-06 00:01:06,9.75
1373064687620000011,20000011,2013-07-05 23:51:27,2013-07-06 00:01:27,10.00
1373064703620000651,20000651,2013-07-05 23:51:43,2013-07-06 00:00:43,9.00
1373064712620000013,20000013,2013-07-05 23:51:52,2013-07-06 00:02:52,11.00
1373064712620000303,20000303,2013-07-05 23:51:52,2013-07-06 00:00:37,8.75
1373064731620000617,20000617,2013-07-05 23:52:11,2013-07-06 00:06:26,14.25
1373064776620000612,20000612,2013-07-05 23:52:56,2013-07-06 00:07:26,14.50
1373064798620000195,20000195,2013-07-05 23:53:18,2013-07-06 00:02:48,9.50
1373064830620000649,20000649,2013-07-05 23:53:50,2013-07-06 00:06:35,12.75
1373064870620000419,20000419,2013-07-05 23:54:30,2013-07-06 00:03:15,8.75
1373064896620000081,20000081,2013-07-05 23:54:56,2013-07-06 00:08:41,13.75
1373064905620000671,20000671,2013-07-05 23:55:05,2013-07-06 00:07:50,12.75
1373064913620000406,20000406,2013-07-05 23:55:13,2013-07-06 00:16:13,21.00
1373064923620000440,20000440,2013-07-05 23:55:23,2013-07-06 00:01:53,6.50
1373064943620000486,20000486,2013-07-05 23:55:43,2013-07-06 00:01:58,6.25
1373064945620000488,20000488,2013-07-05 23:55:45,2013-07-06 00:07:45,12.00
1373064946620000279,20000279,2013-07-05 23:55:46,2013-07-06 00:03:46,8.00
1373064986620000280,20000280,2013-07-05 23:56:26,2013-07-06 00:11:56,15.50
1373065079620000260,20000260,2013-07-05 23:57:59,2013-07-06 00:05:29,7.50
1373065082620000359,20000359,2013-07-05 23:58:02,2013-07-06 00:08:32,10.50
1373065088620000624,20000624,2013-07-05 23:58:08,2013-07-06 00:05:53,7.75
1373065089620000657,20000657,2013-07-05 23:58:09,2013-07-06 00:19:09,21.00
1373065109620000497,20000497,2013-07-05 23:58:29,2013-07-06 00:05:44,7.25
1373065115620000157,20000157,2013-07-05 23:58:35,2013-07-06 00:06:50,8.25
1373065115620000338,20000338,2013-07-05 23:58:35,2013-07-06 00:03:50,5.25
1373065133620000517,20000517,2013-07-05 23:58:53,2013-07-06 00:11:08,12.25
1373065153620000179,20000179,2013-07-05 23:59:13,2013-07-06 00:07:13,8.00
1373065159620000235,20000235,2013-07-05 23:59:19,2013-07-06 00:10:34,11.25
1373149517620000672,20000672,2013-07-06 23:25:17,2013-07-07 00:00:17,35.00
1373150841620000360,20000360,2013-07-06 23:47:21,2013-07-07 00:05:06,17.75
1373150866620000395,20000395,2013-07-06 23:47:46,2013-07-07 00:12:46,25.00
1373150973620000077,20000077,2013-07-06 23:49:33,2013-07-07 00:03:18,13.75
1373150982620000610,20000610,2013-07-06 23:49:42,2013-07-07 00:02:27,12.75
1373151075620000267,20000267,2013-07-06 23:51:15,2013-07-07 00:12:30,21.25
1373151083620000120,20000120,2013-07-06 23:51:23,2013-07-07 00:00:23,9.00
1373151101620000473,20000473,2013-07-06 23:51:41,2013-07-07 00:06:56,15.25
1373151107620000067,20000067,2013-07-06 23:51:47,2013-07-07 00:02:47,11.00
1373151107620000153,20000153,2013-07-06 23:51:47,2013-07-07 00:00:32,8.75
1373151118620000011,20000011,2013-07-06 23:51:58,2013-07-07 00:34:13,42.25
1373151141620000105,20000105,2013-07-06 23:52:21,2013-07-07 00:02:06,9.75
1373151150620000008,20000008,2013-07-06 23:52:30,2013-07-07 00:08:15,15.75
1373151179620000621,20000621,2013-07-06 23:52:59,2013-07-07 00:02:14,9.25
1373151183620000384,20000384,2013-07-06 23:53:03,2013-07-07 00:01:18,8.25
1373151183620000653,20000653,2013-07-06 23:53:03,2013-07-07 00:08:33,15.50
1373151188620000157,20000157,2013-07-06 23:53:08,2013-07-07 00:02:38,9.50
1373151222620000675,20000675,2013-07-06 23:53:42,2013-07-07 00:11:12,17.50
1373151223620000640,20000640,2013-07-06 23:53:43,2013-07-07 00:06:13,12.50
1373151277620000353,20000353,2013-07-06 23:54:37,2013-07-07 00:09:37,15.00
1373151306620000003,20000003,2013-07-06 23:55:06,2013-07-07 00:09:51,14.75
1373151322620000612,20000612,2013-07-06 23:55:22,2013-07-07 00:00:37,5.25
1373151338620000297,20000297,2013-07-06 23:55:38,2013-07-07 00:05:23,9.75
1373151358620000482,20000482,2013-07-06 23:55:58,2013-07-07 00:12:58,17.00
1373151359620000304,20000304,2013-07-06 23:55:59,2013-07-07 00:07:14,11.25
1373151373620000463,20000463,2013-07-06 23:56:13,2013-07-07 00:17:28,21.25
1373151405620000196,20000196,2013-07-06 23:56:45,2013-07-07 00:05:45,9.00
1373151410620000013,20000013,2013-07-06 23:56:50,2013-07-07 00:12:05,15.25
1373151443620000252,20000252,2013-07-06 23:57:23,2013-07-07 00:01:38,4.25
1373151447620000002,20000002,2013-07-06 23:57:27,2013-07-07 00:06:27,9.00
1373151471620000436,20000436,2013-07-06 23:57:51,2013-07-07 00:09:36,11.75
1373151512620000254,20000254,2013-07-06 23:58:32,2013-07-07 00:04:02,5.50
1373151527620000372,20000372,2013-07-06 23:58:47,2013-07-07 00:07:17,8.50
1373151537620000310,20000310,2013-07-06 23:58:57,2013-07-07 00:07:42,8.75
1373151542620000503,20000503,2013-07-06 23:59:02,2013-07-07 00:01:17,2.25
1373151558620000671,20000671,2013-07-06 23:59:18,2013-07-07 00:17:33,18.25
1373151573620000251,20000251,2013-07-06 23:59:33,2013-07-07 00:06:33,7.00
1373151593620000303,20000303,2013-07-06 23:59:53,2013-07-07 00:10:53,11.00
1373151597620000242,20000242,2013-07-06 23:59:57,2013-07-07 00:07:12,7.25
1373236421620000574,20000574,2013-07-07 23:33:41,2013-07-08 00:05:11,31.50
1373237232620000617,20000617,2013-07-07 23:47:12,2013-07-08 00:04:57,17.75
1373237261620000482,20000482,2013-07-07 23:47:41,2013-07-08 00:10:11,22.50
1373237372620000423,20000423,2013-07-07 23:49:32,2013-07-08 00:05:17,15.75
1373237410620000178,20000178,2013-07-07 23:50:10,2013-07-08 00:07:25,17.25
1373237427620000557,20000557,2013-07-07 23:50:27,2013-07-08 00:22:42,32.25
1373237523620000668,20000668,2013-07-07 23:52:03,2013-07-08 00:07:18,15.25
1373237540620000231,20000231,2013-07-07 23:52:20,2013-07-08 00:06:35,14.25
1373237549620000167,20000167,2013-07-07 23:52:29,2013-07-08 00:03:44,11.25
1373237675620000101,20000101,2013-07-07 23:54:35,2013-07-08 00:01:20,6.75
1373237689620000344,20000344,2013-07-07 23:54:49,2013-07-08 00:03:19,8.50
1373237693620000473,20000473,2013-07-07 23:54:53,2013-07-08 00:07:38,12.75
1373237818620000520,20000520,2013-07-07 23:56:58,2013-07-08 00:03:43,6.75
1373237876620000195,20000195,2013-07-07 23:57:56,2013-07-08 00:05:41,7.75
1373237924620000309,20000309,2013-07-07 23:58:44,2013-07-08 00:06:59,8.25
1373237964620000561,20000561,2013-07-07 23:59:24,2013-07-08 00:16:09,16.75
1373237971620000356,20000356,2013-07-07 23:59:31,2013-07-08 00:19:31,20.00
1373237989620000529,20000529,2013-07-07 23:59:49,2013-07-08 00:05:34,5.75
1373309660620000520,20000520,2013-07-08 19:54:20,2013-07-09 04:37:05,522.75
1373321731620000307,20000307,2013-07-08 23:15:31,2013-07-09 00:02:31,47.00
1373323519620000387,20000387,2013-07-08 23:45:19,2013-07-09 00:01:49,16.50
1373323715620000454,20000454,2013-07-08 23:48:35,2013-07-09 00:06:50,18.25
1373323770620000337,20000337,2013-07-08 23:49:30,2013-07-09 00:05:30,16.00
1373323914620000011,20000011,2013-07-08 23:51:54,2013-07-09 00:02:09,10.25
1373323983620000470,20000470,2013-07-08 23:53:03,2013-07-09 00:00:48,7.75
1373324040620000263,20000263,2013-07-08 23:54:00,2013-07-09 00:02:30,8.50
1373324059620000310,20000310,2013-07-08 23:54:19,2013-07-09 00:02:49,8.50
1373324090620000409,20000409,2013-07-08 23:54:50,2013-07-09 00:11:05,16.25
1373324117620000108,20000108,2013-07-08 23:55:17,2013-07-09 00:04:17,9.00
1373324125620000624,20000624,2013-07-08 23:55:25,2013-07-09 00:01:55,6.50
1373324154620000356,20000356,2013-07-08 23:55:54,2013-07-09 00:10:54,15.00
1373324155620000665,20000665,2013-07-08 23:55:55,2013-07-09 01:57:25,121.50
1373324160620000653,20000653,2013-07-08 23:56:00,2013-07-09 00:02:15,6.25
1373324173620000424,20000424,2013-07-08 23:56:13,2013-07-09 00:02:13,6.00
1373324200620000589,20000589,2013-07-08 23:56:40,2013-07-09 00:05:10,8.50
1373324217620000648,20000648,2013-07-08 23:56:57,2013-07-09 00:01:12,4.25
1373324251620000577,20000577,2013-07-08 23:57:31,2013-07-09 00:05:31,8.00
1373324263620000031,20000031,2013-07-08 23:57:43,2013-07-09 00:03:13,5.50
1373324270620000260,20000260,2013-07-08 23:57:50,2013-07-09 00:02:20,4.50
1373324316620000215,20000215,2013-07-08 23:58:36,2013-07-09 00:09:36,11.00
1373324332620000403,20000403,2013-07-08 23:58:52,2013-07-09 00:03:52,5.00
1373324395620000325,20000325,2013-07-08 23:59:55,2013-07-09 00:08:40,8.75
1373410012620000351,20000351,2013-07-09 23:46:52,2013-07-10 00:00:07,13.25
1373410031620000624,20000624,2013-07-09 23:47:11,2013-07-10 00:01:11,14.00
1373410151620000153,20000153,2013-07-09 23:49:11,2013-07-10 00:00:56,11.75
1373410196620000453,20000453,2013-07-09 23:49:56,2013-07-10 00:05:56,16.00
1373410326620000549,20000549,2013-07-09 23:52:06,2013-07-10 00:04:36,12.50
1373410478620000589,20000589,2013-07-09 23:54:38,2013-07-10 00:06:38,12.00
1373410513620000012,20000012,2013-07-09 23:55:13,2013-07-10 00:00:43,5.50
1373410522620000664,20000664,2013-07-09 23:55:22,2013-07-10 00:03:07,7.75
1373410567620000540,20000540,2013-07-09 23:56:07,2013-07-10 00:11:52,15.75
1373410571620000328,20000328,2013-07-09 23:56:11,2013-07-10 00:02:11,6.00
1373410578620000268,20000268,2013-07-09 23:56:18,2013-07-10 00:02:48,6.50
1373410585620000598,20000598,2013-07-09 23:56:25,2013-07-10 00:04:40,8.25
1373410605620000476,20000476,2013-07-09 23:56:45,2013-07-10 00:05:30,8.75
1373410620620000470,20000470,2013-07-09 23:57:00,2013-07-10 00:05:30,8.50
1373410637620000486,20000486,2013-07-09 23:57:17,2013-07-10 00:08:32,11.25
1373410644620000520,20000520,2013-07-09 23:57:24,2013-07-10 00:03:39,6.25
1373410664620000321,20000321,2013-07-09 23:57:44,2013-07-10 00:02:59,5.25
1373410670620000688,20000688,2013-07-09 23:57:50,2013-07-10 00:05:35,7.75
1373410672620000569,20000569,2013-07-09 23:57:52,2013-07-10 00:01:52,4.00
1373410711620000195,20000195,2013-07-09 23:58:31,2013-07-10 00:06:01,7.50
1373410760620000653,20000653,2013-07-09 23:59:20,2013-07-10 00:10:20,11.00
1373491938620000395,20000395,2013-07-10 22:32:18,2013-07-11 00:02:18,90.00
1373495569620000308,20000308,2013-07-10 23:32:49,2013-07-11 00:11:34,38.75
1373495912620000310,20000310,2013-07-10 23:38:32,2013-07-11 00:29:17,50.75
1373495949620000337,20000337,2013-07-10 23:39:09,2013-07-11 00:45:09,66.00
1373496131620000625,20000625,2013-07-10 23:42:11,2013-07-11 00:10:11,28.00
1373496266620000473,20000473,2013-07-10 23:44:26,2013-07-11 00:08:11,23.75
1373496313620000004,20000004,2013-07-10 23:45:13,2013-07-11 00:01:28,16.25
1373496490620000672,20000672,2013-07-10 23:48:10,2013-07-11 00:00:40,12.50
1373496560620000129,20000129,2013-07-10 23:49:20,2013-07-11 00:02:20,13.00
1373496661620000520,20000520,2013-07-10 23:51:01,2013-07-11 00:00:01,9.00
1373496754620000684,20000684,2013-07-10 23:52:34,2013-07-11 00:54:19,61.75
1373496760620000154,20000154,2013-07-10 23:52:40,2013-07-11 00:01:25,8.75
1373496798620000231,20000231,2013-07-10 23:53:18,2013-07-11 00:03:18,10.00
1373496806620000051,20000051,2013-07-10 23:53:26,2013-07-11 00:04:26,11.00
1373496877620000255,20000255,2013-07-10 23:54:37,2013-07-11 00:01:07,6.50
1373496971620000311,20000311,2013-07-10 23:56:11,2013-07-11 00:09:26,13.25
1373496994620000005,20000005,2013-07-10 23:56:34,2013-07-11 00:11:04,14.50
1373497005620000038,20000038,2013-07-10 23:56:45,2013-07-11 00:05:45,9.00
1373497026620000260,20000260,2013-07-10 23:57:06,2013-07-11 00:02:51,5.75
1373497033620000105,20000105,2013-07-10 23:57:13,2013-07-11 00:00:43,3.50
1373497044620000307,20000307,2013-07-10 23:57:24,2013-07-11 00:05:39,8.25
1373497088620000586,20000586,2013-07-10 23:58:08,2013-07-11 00:02:53,4.75
1373497136620000112,20000112,2013-07-10 23:58:56,2013-07-11 00:10:41,11.75
1373497162620000276,20000276,2013-07-10 23:59:22,2013-07-11 00:17:52,18.50
1373581685620000574,20000574,2013-07-11 23:28:05,2013-07-12 00:06:05,38.00
1373582807620000159,20000159,2013-07-11 23:46:47,2013-07-12 00:02:02,15.25
1373582961620000304,20000304,2013-07-11 23:49:21,2013-07-12 01:04:36,75.25
1373582964620000570,20000570,2013-07-11 23:49:24,2013-07-12 00:11:54,22.50
1373582983620000260,20000260,2013-07-11 23:49:43,2013-07-12 00:04:13,14.50
1373583058620000472,20000472,2013-07-11 23:50:58,2013-07-12 00:03:58,13.00
1373583113620000624,20000624,2013-07-11 23:51:53,2013-07-12 00:12:53,21.00
1373583242620000320,20000320,2013-07-11 23:54:02,2013-07-12 00:02:47,8.75
1373583244620000051,20000051,2013-07-11 23:54:04,2013-07-12 00:03:19,9.25
1373583262620000520,20000520,2013-07-11 23:54:22,2013-07-12 00:04:37,10.25
1373583268620000363,20000363,2013-07-11 23:54:28,2013-07-12 00:03:58,9.50
1373583286620000451,20000451,2013-07-11 23:54:46,2013-07-12 01:06:16,71.50
1373583327620000640,20000640,2013-07-11 23:55:27,2013-07-12 00:03:12,7.75
1373583352620000500,20000500,2013-07-11 23:55:52,2013-07-12 00:12:07,16.25
1373583384620000325,20000325,2013-07-11 23:56:24,2013-07-12 00:07:39,11.25
1373583401620000424,20000424,2013-07-11 23:56:41,2013-07-12 00:07:26,10.75
1373583412620000009,20000009,2013-07-11 23:56:52,2013-07-12 00:04:07,7.25
1373583441620000470,20000470,2013-07-11 23:57:21,2013-07-12 00:12:21,15.00
1373583461620000612,20000612,2013-07-11 23:57:41,2013-07-12 00:11:11,13.50
1373667898620000108,20000108,2013-07-12 23:24:58,2013-07-13 00:27:28,62.50
1373668767620000403,20000403,2013-07-12 23:39:27,2013-07-13 00:01:12,21.75
1373668857620000395,20000395,2013-07-12 23:40:57,2013-07-13 00:06:12,25.25
1373668944620000486,20000486,2013-07-12 23:42:24,2013-07-13 00:15:54,33.50
1373669046620000307,20000307,2013-07-12 23:44:06,2013-07-13 00:23:06,39.00
1373669380620000085,20000085,2013-07-12 23:49:40,2013-07-13 00:06:10,16.50
1373669412620000500,20000500,2013-07-12 23:50:12,2013-07-13 00:01:12,11.00
1373669451620000497,20000497,2013-07-12 23:50:51,2013-07-13 00:00:06,9.25
1373669460620000153,20000153,2013-07-12 23:51:00,2013-07-13 00:02:30,11.50
1373669478620000570,20000570,2013-07-12 23:51:18,2013-07-13 00:10:48,19.50
1373669485620000297,20000297,2013-07-12 23:51:25,2013-07-13 00:08:25,17.00
1373669505620000574,20000574,2013-07-12 23:51:45,2013-07-13 00:01:45,10.00
1373669527620000525,20000525,2013-07-12 23:52:07,2013-07-13 00:00:37,8.50
1373669554620000359,20000359,2013-07-12 23:52:34,2013-07-13 00:00:34,8.00
1373669590620000671,20000671,2013-07-12 23:53:10,2013-07-13 00:05:55,12.75
1373669603620000005,20000005,2013-07-12 23:53:23,2013-07-13 00:04:23,11.00
1373669621620000324,20000324,2013-07-12 23:53:41,2013-07-13 00:09:56,16.25
1373669625620000347,20000347,2013-07-12 23:53:45,2013-07-13 00:07:45,14.00
1373669660620000561,20000561,2013-07-12 23:54:20,2013-07-13 00:00:20,6.00
1373669694620000586,20000586,2013-07-12 23:54:54,2013-07-13 00:01:24,6.50
1373669755620000157,20000157,2013-07-12 23:55:55,2013-07-13 00:09:25,13.50
1373669755620000268,20000268,2013-07-12 23:55:55,2013-07-13 00:04:40,8.75
1373669766620000685,20000685,2013-07-12 23:56:06,2013-07-13 00:04:21,8.25
1373669803620000430,20000430,2013-07-12 23:56:43,2013-07-13 00:10:43,14.00
1373669856620000105,20000105,2013-07-12 23:57:36,2013-07-13 00:13:36,16.00
1373669904620000320,20000320,2013-07-12 23:58:24,2013-07-13 00:05:39,7.25
1373669910620000086,20000086,2013-07-12 23:58:30,2013-07-13 00:08:45,10.25
1373669931620000160,20000160,2013-07-12 23:58:51,2013-07-13 00:08:51,10.00
1373669953620000022,20000022,2013-07-12 23:59:13,2013-07-13 00:15:13,16.00
1373669983620000473,20000473,2013-07-12 23:59:43,2013-07-13 00:08:43,9.00
1373754154620000665,20000665,2013-07-13 23:22:34,2013-07-14 00:13:34,51.00
1373754539620000356,20000356,2013-07-13 23:28:59,2013-07-14 00:02:44,33.75
1373754855620000377,20000377,2013-07-13 23:34:15,2013-07-14 00:00:00,25.75
1373755062620000011,20000011,2013-07-13 23:37:42,2013-07-14 00:13:12,35.50
1373755165620000308,20000308,2013-07-13 23:39:25,2013-07-14 00:00:40,21.25
1373755450620000179,20000179,2013-07-13 23:44:10,2013-07-14 00:01:40,17.50
1373755450620000476,20000476,2013-07-13 23:44:10,2013-07-14 00:49:55,65.75
1373755477620000672,20000672,2013-07-13 23:44:37,2013-07-14 00:01:07,16.50
1373755555620000570,20000570,2013-07-13 23:45:55,2013-07-14 00:01:40,15.75
1373755612620000271,20000271,2013-07-13 23:46:52,2013-07-14 00:00:22,13.50
1373755664620000041,20000041,2013-07-13 23:47:44,2013-07-14 00:06:14,18.50
1373755699620000624,20000624,2013-07-13 23:48:19,2013-07-14 00:00:04,11.75
1373755800620000518,20000518,2013-07-13 23:50:00,2013-07-14 00:00:45,10.75
1373755853620000481,20000481,2013-07-13 23:50:53,2013-07-14 00:09:53,19.00
1373755909620000268,20000268,2013-07-13 23:51:49,2013-07-14 00:02:04,10.25
1373755942620000051,20000051,2013-07-13 23:52:22,2013-07-14 00:02:07,9.75
1373755965620000255,20000255,2013-07-13 23:52:45,2013-07-14 00:04:00,11.25
1373756061620000215,20000215,2013-07-13 23:54:21,2013-07-14 00:04:21,10.00
1373756080620000601,20000601,2013-07-13 23:54:40,2013-07-14 00:04:25,9.75
1373756099620000075,20000075,2013-07-13 23:54:59,2013-07-14 00:10:29,15.50
1373756120620000529,20000529,2013-07-13 23:55:20,2013-07-14 00:02:35,7.25
1373756154620000360,20000360,2013-07-13 23:55:54,2013-07-14 00:04:24,8.50
1373756170620000504,20000504,2013-07-13 23:56:10,2013-07-14 00:09:25,13.25
1373756215620000067,20000067,2013-07-13 23:56:55,2013-07-14 00:04:10,7.25
1373756247620000256,20000256,2013-07-13 23:57:27,2013-07-14 00:03:27,6.00
1373756261620000403,20000403,2013-07-13 23:57:41,2013-07-14 00:14:41,17.00
1373756262620000142,20000142,2013-07-13 23:57:42,2013-07-14 00:13:12,15.50
1373756282620000252,20000252,2013-07-13 23:58:02,2013-07-14 00:06:32,8.50
1373756321620000269,20000269,2013-07-13 23:58:41,2013-07-14 00:14:56,16.25
1373756322620000105,20000105,2013-07-13 23:58:42,2013-07-14 00:05:57,7.25
1373756331620000108,20000108,2013-07-13 23:58:51,2013-07-14 00:08:36,9.75
1373756371620000450,20000450,2013-07-13 23:59:31,2013-07-14 00:07:46,8.25
1373756393620000013,20000013,2013-07-13 23:59:53,2013-07-14 00:09:53,10.00
1373756398620000231,20000231,2013-07-13 23:59:58,2013-07-14 00:14:43,14.75
1373841894620000249,20000249,2013-07-14 23:44:54,2013-07-15 00:01:54,17.00
1373841990620000160,20000160,2013-07-14 23:46:30,2013-07-15 00:08:45,22.25
1373842104620000426,20000426,2013-07-14 23:48:24,2013-07-15 00:04:39,16.25
1373842137620000688,20000688,2013-07-14 23:48:57,2013-07-15 00:00:42,11.75
1373842238620000574,20000574,2013-07-14 23:50:38,2013-07-15 00:14:38,24.00
1373842353620000453,20000453,2013-07-14 23:52:33,2013-07-15 00:04:03,11.50
1373842359620000612,20000612,2013-07-14 23:52:39,2013-07-15 00:05:39,13.00
1373842523620000497,20000497,2013-07-14 23:55:23,2013-07-15 00:04:08,8.75
1373842550620000167,20000167,2013-07-14 23:55:50,2013-07-15 00:08:20,12.50
1373842660620000320,20000320,2013-07-14 23:57:40,2013-07-15 00:03:55,6.25
1373842701620000004,20000004,2013-07-14 23:58:21,2013-07-15 00:10:36,12.25
1373842723620000529,20000529,2013-07-14 23:58:43,2013-07-15 00:06:43,8.00
1373928255620000308,20000308,2013-07-15 23:44:15,2013-07-16 01:24:45,100.50
1373928325620000424,20000424,2013-07-15 23:45:25,2013-07-16 00:02:10,16.75
1373928444620000574,20000574,2013-07-15 23:47:24,2013-07-16 00:01:24,14.00
1373928531620000173,20000173,2013-07-15 23:48:51,2013-07-16 00:00:21,11.50
1373928689620000013,20000013,2013-07-15 23:51:29,2013-07-16 00:00:44,9.25
1373928824620000108,20000108,2013-07-15 23:53:44,2013-07-16 00:01:44,8.00
1373928877620000216,20000216,2013-07-15 23:54:37,2013-07-16 00:11:22,16.75
1373928884620000472,20000472,2013-07-15 23:54:44,2013-07-16 00:04:44,10.00
1373928888620000380,20000380,2013-07-15 23:54:48,2013-07-16 00:05:03,10.25
1373928900620000601,20000601,2013-07-15 23:55:00,2013-07-16 00:03:00,8.00
1373928905620000476,20000476,2013-07-15 23:55:05,2013-07-16 00:00:05,5.00
1373928912620000431,20000431,2013-07-15 23:55:12,2013-07-16 00:07:57,12.75
1373928992620000453,20000453,2013-07-15 23:56:32,2013-07-16 00:09:02,12.50
1373929000620000624,20000624,2013-07-15 23:56:40,2013-07-16 00:06:10,9.50
1373929015620000363,20000363,2013-07-15 23:56:55,2013-07-16 00:02:40,5.75
1373929128620000626,20000626,2013-07-15 23:58:48,2013-07-16 00:10:48,12.00
1373929139620000529,20000529,2013-07-15 23:58:59,2013-07-16 00:04:29,5.50
1373929145620000192,20000192,2013-07-15 23:59:05,2013-07-16 00:09:05,10.00
1374014376620000684,20000684,2013-07-16 23:39:36,2013-07-17 00:10:21,30.75
1374014464620000688,20000688,2013-07-16 23:41:04,2013-07-17 00:16:04,35.00
1374014848620000167,20000167,2013-07-16 23:47:28,2013-07-17 00:05:28,18.00
1374014957620000463,20000463,2013-07-16 23:49:17,2013-07-17 00:01:32,12.25
1374015018620000311,20000311,2013-07-16 23:50:18,2013-07-17 00:01:18,11.00
1374015207620000392,20000392,2013-07-16 23:53:27,2013-07-17 00:01:42,8.25
1374015225620000601,20000601,2013-07-16 23:53:45,2013-07-17 00:03:15,9.50
1374015236620000904,20000904,2013-07-16 23:53:56,2013-07-17 00:08:56,15.00
1374015283620000395,20000395,2013-07-16 23:54:43,2013-07-17 00:08:13,13.50
1374015344620000231,20000231,2013-07-16 23:55:44,2013-07-17 00:04:44,9.00
1374015421620000610,20000610,2013-07-16 23:57:01,2013-07-17 00:06:46,9.75
1374015461620000663,20000663,2013-07-16 23:57:41,2013-07-17 00:20:56,23.25
1374015527620000263,20000263,2013-07-16 23:58:47,2013-07-17 00:02:32,3.75
1374015554620000409,20000409,2013-07-16 23:59:14,2013-07-17 00:08:14,9.00
1374015579620000007,20000007,2013-07-16 23:59:39,2013-07-17 00:07:24,7.75
1374100588620000011,20000011,2013-07-17 23:36:28,2013-07-18 00:00:13,23.75
1374100614620000216,20000216,2013-07-17 23:36:54,2013-07-18 00:09:54,33.00
1374101171620000664,20000664,2013-07-17 23:46:11,2013-07-18 00:02:41,16.50
1374101304620000572,20000572,2013-07-17 23:48:24,2013-07-18 00:53:09,64.75
1374101439620000307,20000307,2013-07-17 23:50:39,2013-07-18 00:08:24,17.75
1374101442620000179,20000179,2013-07-17 23:50:42,2013-07-18 00:04:12,13.50
1374101470620000483,20000483,2013-07-17 23:51:10,2013-07-18 00:00:40,9.50
1374101643620000601,20000601,2013-07-17 23:54:03,2013-07-18 00:00:03,6.00
1374101693620000542,20000542,2013-07-17 23:54:53,2013-07-18 00:00:53,6.00
1374101693620000610,20000610,2013-07-17 23:54:53,2013-07-18 00:05:38,10.75
1374101768620000081,20000081,2013-07-17 23:56:08,2013-07-18 00:00:38,4.50
1374101822620000518,20000518,2013-07-17 23:57:02,2013-07-18 00:03:32,6.50
1374101825620000367,20000367,2013-07-17 23:57:05,2013-07-18 00:20:05,23.00
1374101828620000431,20000431,2013-07-17 23:57:08,2013-07-18 00:07:53,10.75
1374101837620000037,20000037,2013-07-17 23:57:17,2013-07-18 00:13:32,16.25
1374101838620000364,20000364,2013-07-17 23:57:18,2013-07-18 00:06:48,9.50
1374101844620000276,20000276,2013-07-17 23:57:24,2013-07-18 00:13:54,16.50
1374101884620000333,20000333,2013-07-17 23:58:04,2013-07-18 00:07:34,9.50
1374101917620000540,20000540,2013-07-17 23:58:37,2013-07-18 00:19:37,21.00
1374101946620000089,20000089,2013-07-17 23:59:06,2013-07-18 00:11:06,12.00
1374175360620000520,20000520,2013-07-18 20:22:40,2013-07-19 05:38:25,555.75
1374186849620000303,20000303,2013-07-18 23:34:09,2013-07-19 00:07:54,33.75
1374187612620000217,20000217,2013-07-18 23:46:52,2013-07-19 00:07:52,21.00
1374187615620000554,20000554,2013-07-18 23:46:55,2013-07-19 00:00:55,14.00
1374187654620000334,20000334,2013-07-18 23:47:34,2013-07-19 00:08:04,20.50
1374187690620000005,20000005,2013-07-18 23:48:10,2013-07-19 00:05:25,17.25
1374187826620000007,20000007,2013-07-18 23:50:26,2013-07-19 00:11:11,20.75
1374187886620000470,20000470,2013-07-18 23:51:26,2013-07-19 00:01:56,10.50
1374187898620000101,20000101,2013-07-18 23:51:38,2013-07-19 00:00:53,9.25
1374187959620000363,20000363,2013-07-18 23:52:39,2013-07-19 00:03:54,11.25
1374187997620000320,20000320,2013-07-18 23:53:17,2013-07-19 00:01:47,8.50
1374187999620000006,20000006,2013-07-18 23:53:19,2013-07-19 00:10:19,17.00
1374188042620000216,20000216,2013-07-18 23:54:02,2013-07-19 00:01:32,7.50
1374188064620000310,20000310,2013-07-18 23:54:24,2013-07-19 00:01:39,7.25
1374188123620000671,20000671,2013-07-18 23:55:23,2013-07-19 00:02:23,7.00
1374188131620000167,20000167,2013-07-18 23:55:31,2013-07-19 00:06:16,10.75
1374188191620000586,20000586,2013-07-18 23:56:31,2013-07-19 00:02:46,6.25
1374188236620000465,20000465,2013-07-18 23:57:16,2013-07-19 00:09:46,12.50
1374188241620000136,20000136,2013-07-18 23:57:21,2013-07-19 00:19:21,22.00
1374188281620000215,20000215,2013-07-18 23:58:01,2013-07-19 00:05:16,7.25
1374188365620000380,20000380,2013-07-18 23:59:25,2013-07-19 00:06:55,7.50
1374188383620000649,20000649,2013-07-18 23:59:43,2013-07-19 00:07:43,8.00
1374188399620000129,20000129,2013-07-18 23:59:59,2013-07-19 00:19:44,19.75
1374243217620000902,20000902,2013-07-19 15:13:37,2013-07-20 00:22:52,549.25
1374270987620000195,20000195,2013-07-19 22:56:27,2013-07-20 00:49:57,113.50
1374271607620000337,20000337,2013-07-19 23:06:47,2013-07-20 00:27:47,81.00
1374273328620000486,20000486,2013-07-19 23:35:28,2013-07-20 00:15:58,40.50
1374273349620000051,20000051,2013-07-19 23:35:49,2013-07-20 00:01:19,25.50
1374273640620000436,20000436,2013-07-19 23:40:40,2013-07-20 00:04:10,23.50
1374273644620000632,20000632,2013-07-19 23:40:44,2013-07-20 00:06:59,26.25
1374273746620000453,20000453,2013-07-19 23:42:26,2013-07-20 00:01:26,19.00
1374273815620000518,20000518,2013-07-19 23:43:35,2013-07-20 00:19:20,35.75
1374273820620000347,20000347,2013-07-19 23:43:40,2013-07-20 00:00:55,17.25
1374273859620000328,20000328,2013-07-19 23:44:19,2013-07-20 00:03:04,18.75
1374273940620000395,20000395,2013-07-19 23:45:40,2013-07-20 00:00:40,15.00
1374274140620000389,20000389,2013-07-19 23:49:00,2013-07-20 00:03:15,14.25
1374274162620000423,20000423,2013-07-19 23:49:22,2013-07-20 00:01:07,11.75
1374274189620000173,20000173,2013-07-19 23:49:49,2013-07-20 00:05:49,16.00
1374274243620000527,20000527,2013-07-19 23:50:43,2013-07-20 00:00:28,9.75
1374274251620000398,20000398,2013-07-19 23:50:51,2013-07-20 00:00:06,9.25
1374274328620000520,20000520,2013-07-19 23:52:08,2013-07-20 00:03:08,11.00
1374274335620000472,20000472,2013-07-19 23:52:15,2013-07-20 00:41:15,49.00
1374274350620000678,20000678,2013-07-19 23:52:30,2013-07-20 00:03:30,11.00
1374274368620000338,20000338,2013-07-19 23:52:48,2013-07-20 00:04:03,11.25
1374274387620000038,20000038,2013-07-19 23:53:07,2013-07-20 00:05:22,12.25
1374274404620000360,20000360,2013-07-19 23:53:24,2013-07-20 00:06:09,12.75
1374274411620000426,20000426,2013-07-19 23:53:31,2013-07-20 00:01:31,8.00
1374274522620000279,20000279,2013-07-19 23:55:22,2013-07-20 00:15:37,20.25
1374274527620000577,20000577,2013-07-19 23:55:27,2013-07-20 00:15:42,20.25
1374274546620000364,20000364,2013-07-19 23:55:46,2013-07-20 00:05:16,9.50
1374274564620000419,20000419,2013-07-19 23:56:04,2013-07-20 00:09:49,13.75
1374274574620000260,20000260,2013-07-19 23:56:14,2013-07-20 00:00:59,4.75
1374274584620000370,20000370,2013-07-19 23:56:24,2013-07-20 00:03:54,7.50
1374274592620000574,20000574,2013-07-19 23:56:32,2013-07-20 00:06:32,10.00
1374274654620000045,20000045,2013-07-19 23:57:34,2013-07-20 00:04:49,7.25
1374274698620000424,20000424,2013-07-19 23:58:18,2013-07-20 00:06:03,7.75
1374274717620000450,20000450,2013-07-19 23:58:37,2013-07-20 00:11:07,12.50
1374274731620000311,20000311,2013-07-19 23:58:51,2013-07-20 00:08:36,9.75
1374274747620000307,20000307,2013-07-19 23:59:07,2013-07-20 00:07:07,8.00
1374274767620000503,20000503,2013-07-19 23:59:27,2013-07-20 00:03:42,4.25
1374355796620000472,20000472,2013-07-20 22:29:56,2013-07-21 00:16:11,106.25
1374358735620000308,20000308,2013-07-20 23:18:55,2013-07-21 00:07:55,49.00
1374359683620000129,20000129,2013-07-20 23:34:43,2013-07-21 00:00:13,25.50
1374359959620000140,20000140,2013-07-20 23:39:19,2013-07-21 00:02:04,22.75
1374360070620000395,20000395,2013-07-20 23:41:10,2013-07-21 00:02:25,21.25
1374360082620000687,20000687,2013-07-20 23:41:22,2013-07-21 00:17:22,36.00
1374360156620000367,20000367,2013-07-20 23:42:36,2013-07-21 00:08:36,26.00
1374360292620000345,20000345,2013-07-20 23:44:52,2013-07-21 00:00:52,16.00
1374360293620000421,20000421,2013-07-20 23:44:53,2013-07-21 00:01:38,16.75
1374360328620000483,20000483,2013-07-20 23:45:28,2013-07-21 00:02:28,17.00
1374360329620000453,20000453,2013-07-20 23:45:29,2013-07-21 00:01:14,15.75
1374360330620000601,20000601,2013-07-20 23:45:30,2013-07-21 00:02:15,16.75
1374360402620000080,20000080,2013-07-20 23:46:42,2013-07-21 00:02:12,15.50
1374360506620000649,20000649,2013-07-20 23:48:26,2013-07-21 00:05:11,16.75
1374360626620000267,20000267,2013-07-20 23:50:26,2013-07-21 00:00:11,9.75
1374360640620000280,20000280,2013-07-20 23:50:40,2013-07-21 00:01:25,10.75
1374360651620000007,20000007,2013-07-20 23:50:51,2013-07-21 00:16:21,25.50
1374360655620000167,20000167,2013-07-20 23:50:55,2013-07-21 00:10:40,19.75
1374360674620000310,20000310,2013-07-20 23:51:14,2013-07-21 00:02:14,11.00
1374360708620000619,20000619,2013-07-20 23:51:48,2013-07-21 00:01:18,9.50
1374360728620000398,20000398,2013-07-20 23:52:08,2013-07-21 00:01:53,9.75
1374360761620000600,20000600,2013-07-20 23:52:41,2013-07-21 00:04:41,12.00
1374360776620000626,20000626,2013-07-20 23:52:56,2013-07-21 00:06:41,13.75
1374360800620000560,20000560,2013-07-20 23:53:20,2013-07-21 00:03:20,10.00
1374360807620000353,20000353,2013-07-20 23:53:27,2013-07-21 00:06:42,13.25
1374360869620000002,20000002,2013-07-20 23:54:29,2013-07-21 00:09:44,15.25
1374360891620000424,20000424,2013-07-20 23:54:51,2013-07-21 00:17:51,23.00
1374360966620000618,20000618,2013-07-20 23:56:06,2013-07-21 00:00:21,4.25
1374360970620000255,20000255,2013-07-20 23:56:10,2013-07-21 00:03:40,7.50
1374361021620000216,20000216,2013-07-20 23:57:01,2013-07-21 00:10:46,13.75
1374361042620000611,20000611,2013-07-20 23:57:22,2013-07-21 00:19:07,21.75
1374361058620000608,20000608,2013-07-20 23:57:38,2013-07-21 00:09:38,12.00
1374361079620000446,20000446,2013-07-20 23:57:59,2013-07-21 00:31:59,34.00
1374361100620000092,20000092,2013-07-20 23:58:20,2013-07-21 00:11:05,12.75
1374361102620000525,20000525,2013-07-20 23:58:22,2013-07-21 00:02:37,4.25
1374361131620000023,20000023,2013-07-20 23:58:51,2013-07-21 00:05:06,6.25
1374361154620000320,20000320,2013-07-20 23:59:14,2013-07-21 00:11:14,12.00
1374361156620000497,20000497,2013-07-20 23:59:16,2013-07-21 00:10:16,11.00
1374361175620000621,20000621,2013-07-20 23:59:35,2013-07-21 00:10:50,11.25
1374445836620000529,20000529,2013-07-21 23:30:36,2013-07-22 00:00:36,30.00
1374446409620000458,20000458,2013-07-21 23:40:09,2013-07-22 00:02:09,22.00
1374446839620000013,20000013,2013-07-21 23:47:19,2013-07-22 00:03:19,16.00
1374446902620000179,20000179,2013-07-21 23:48:22,2013-07-22 00:14:22,26.00
1374447028620000657,20000657,2013-07-21 23:50:28,2013-07-22 00:02:28,12.00
1374447271620000333,20000333,2013-07-21 23:54:31,2013-07-22 00:03:01,8.50
1374447308620000632,20000632,2013-07-21 23:55:08,2013-07-22 00:01:08,6.00
1374447402620000305,20000305,2013-07-21 23:56:42,2013-07-22 00:13:42,17.00
1374447497620000108,20000108,2013-07-21 23:58:17,2013-07-22 00:33:02,34.75
1374447498620000309,20000309,2013-07-21 23:58:18,2013-07-22 00:21:33,23.25
1374532225620000380,20000380,2013-07-22 23:30:25,2013-07-23 00:00:10,29.75
1374532760620000640,20000640,2013-07-22 23:39:20,2013-07-23 00:11:50,32.50
1374533315620000665,20000665,2013-07-22 23:48:35,2013-07-23 00:00:50,12.25
1374533433620000179,20000179,2013-07-22 23:50:33,2013-07-23 00:03:03,12.50
1374533441620000192,20000192,2013-07-22 23:50:41,2013-07-23 00:03:56,13.25
1374533466620000574,20000574,2013-07-22 23:51:06,2013-07-23 00:01:36,10.50
1374533700620000450,20000450,2013-07-22 23:55:00,2013-07-23 00:01:45,6.75
1374533703620000621,20000621,2013-07-22 23:55:03,2013-07-23 00:02:33,7.50
1374533749620000395,20000395,2013-07-22 23:55:49,2013-07-23 00:06:04,10.25
1374533773620000167,20000167,2013-07-22 23:56:13,2013-07-23 00:01:58,5.75
1374533773620000356,20000356,2013-07-22 23:56:13,2013-07-23 00:03:13,7.00
1374533782620000569,20000569,2013-07-22 23:56:22,2013-07-23 00:00:22,4.00
1374533806620000488,20000488,2013-07-22 23:56:46,2013-07-23 00:06:46,10.00
1374533816620000042,20000042,2013-07-22 23:56:56,2013-07-23 00:02:56,6.00
1374533850620000105,20000105,2013-07-22 23:57:30,2013-07-23 00:26:45,29.25
1374533861620000013,20000013,2013-07-22 23:57:41,2013-07-23 00:06:11,8.50
1374533893620000108,20000108,2013-07-22 23:58:13,2013-07-23 00:04:28,6.25
1374533901620000431,20000431,2013-07-22 23:58:21,2013-07-23 00:02:51,4.50
1374533916620000231,20000231,2013-07-22 23:58:36,2013-07-23 00:08:06,9.50
1374533919620000311,20000311,2013-07-22 23:58:39,2013-07-23 00:23:54,25.25
1374533927620000338,20000338,2013-07-22 23:58:47,2013-07-23 00:19:17,20.50
1374618372620000045,20000045,2013-07-23 23:26:12,2013-07-24 00:30:27,64.25
1374619532620000297,20000297,2013-07-23 23:45:32,2013-07-24 00:31:02,45.50
1374619557620000472,20000472,2013-07-23 23:45:57,2013-07-24 00:00:42,14.75
1374619574620000273,20000273,2013-07-23 23:46:14,2013-07-24 00:00:14,14.00
1374619592620000337,20000337,2013-07-23 23:46:32,2013-07-24 00:00:17,13.75
1374619638620000057,20000057,2013-07-23 23:47:18,2013-07-24 00:08:03,20.75
1374619696620000269,20000269,2013-07-23 23:48:16,2013-07-24 00:12:16,24.00
1374619705620000901,20000901,2013-07-23 23:48:25,2013-07-24 00:04:25,16.00
1374619808620000235,20000235,2013-07-23 23:50:08,2013-07-24 00:07:08,17.00
1374619931620000450,20000450,2013-07-23 23:52:11,2013-07-24 00:09:56,17.75
1374619968620000136,20000136,2013-07-23 23:52:48,2013-07-24 00:04:33,11.75
1374619999620000589,20000589,2013-07-23 23:53:19,2013-07-24 00:01:19,8.00
1374620012620000476,20000476,2013-07-23 23:53:32,2013-07-24 00:06:02,12.50
1374620049620000577,20000577,2013-07-23 23:54:09,2013-07-24 00:02:24,8.25
1374620065620000503,20000503,2013-07-23 23:54:25,2013-07-24 00:00:40,6.25
1374620073620000192,20000192,2013-07-23 23:54:33,2013-07-24 00:07:03,12.50
1374620096620000686,20000686,2013-07-23 23:54:56,2013-07-24 00:10:56,16.00
1374620148620000665,20000665,2013-07-23 23:55:48,2013-07-24 00:06:03,10.25
1374620166620000006,20000006,2013-07-23 23:56:06,2013-07-24 00:00:21,4.25
1374620179620000435,20000435,2013-07-23 23:56:19,2013-07-24 00:08:34,12.25
1374620219620000307,20000307,2013-07-23 23:56:59,2013-07-24 00:35:44,38.75
1374620277620000009,20000009,2013-07-23 23:57:57,2013-07-24 00:05:57,8.00
1374620305620000453,20000453,2013-07-23 23:58:25,2013-07-24 00:05:10,6.75
1374620309620000250,20000250,2013-07-23 23:58:29,2013-07-24 00:05:14,6.75
1374620321620000657,20000657,2013-07-23 23:58:41,2013-07-24 00:05:11,6.50
1374620327620000051,20000051,2013-07-23 23:58:47,2013-07-24 00:06:02,7.25
1374620364620000463,20000463,2013-07-23 23:59:24,2013-07-24 00:06:09,6.75
1374620365620000360,20000360,2013-07-23 23:59:25,2013-07-24 00:06:40,7.25
1374620369620000395,20000395,2013-07-23 23:59:29,2013-07-24 00:06:59,7.50
1374620372620000520,20000520,2013-07-23 23:59:32,2013-07-24 00:07:47,8.25
1374620372620000674,20000674,2013-07-23 23:59:32,2013-07-24 00:10:02,10.50
1374705815620000431,20000431,2013-07-24 23:43:35,2013-07-25 00:01:20,17.75
1374706012620000436,20000436,2013-07-24 23:46:52,2013-07-25 00:04:07,17.25
1374706069620000037,20000037,2013-07-24 23:47:49,2013-07-25 00:00:34,12.75
1374706138620000514,20000514,2013-07-24 23:48:58,2013-07-25 00:01:13,12.25
1374706170620000005,20000005,2013-07-24 23:49:30,2013-07-25 00:09:45,20.25
1374706256620000327,20000327,2013-07-24 23:50:56,2013-07-25 00:04:11,13.25
1374706334620000395,20000395,2013-07-24 23:52:14,2013-07-25 00:05:29,13.25
1374706336620000359,20000359,2013-07-24 23:52:16,2013-07-25 00:01:46,9.50
1374706419620000273,20000273,2013-07-24 23:53:39,2013-07-25 00:04:24,10.75
1374706435620000525,20000525,2013-07-24 23:53:55,2013-07-25 00:11:25,17.50
1374706440620000450,20000450,2013-07-24 23:54:00,2013-07-25 00:00:15,6.25
1374706528620000409,20000409,2013-07-24 23:55:28,2013-07-25 00:00:28,5.00
1374706555620000360,20000360,2013-07-24 23:55:55,2013-07-25 00:02:55,7.00
1374706588620000367,20000367,2013-07-24 23:56:28,2013-07-25 00:18:58,22.50
1374706641620000675,20000675,2013-07-24 23:57:21,2013-07-25 00:00:51,3.50
1374706669620000011,20000011,2013-07-24 23:57:49,2013-07-25 00:05:04,7.25
1374706726620000453,20000453,2013-07-24 23:58:46,2013-07-25 00:12:46,14.00
1374706774620000529,20000529,2013-07-24 23:59:34,2013-07-25 00:07:04,7.50
1374706775620000610,20000610,2013-07-24 23:59:35,2013-07-25 00:17:05,17.50
1374791811620000476,20000476,2013-07-25 23:36:51,2013-07-26 00:00:36,23.75
1374792452620000663,20000663,2013-07-25 23:47:32,2013-07-26 00:13:17,25.75
1374792543620000038,20000038,2013-07-25 23:49:03,2013-07-26 00:01:03,12.00
1374792605620000403,20000403,2013-07-25 23:50:05,2013-07-26 00:04:50,14.75
1374792693620000612,20000612,2013-07-25 23:51:33,2013-07-26 00:08:33,17.00
1374792705620000570,20000570,2013-07-25 23:51:45,2013-07-26 00:03:00,11.25
1374792720620000304,20000304,2013-07-25 23:52:00,2013-07-26 00:00:30,8.50
1374792919620000431,20000431,2013-07-25 23:55:19,2013-07-26 00:03:04,7.75
1374793017620000153,20000153,2013-07-25 23:56:57,2013-07-26 00:01:42,4.75
1374793023620000450,20000450,2013-07-25 23:57:03,2013-07-26 00:09:48,12.75
1374793044620000409,20000409,2013-07-25 23:57:24,2013-07-26 00:04:24,7.00
1374793050620000192,20000192,2013-07-25 23:57:30,2013-07-26 00:05:45,8.25
1374793053620000249,20000249,2013-07-25 23:57:33,2013-07-26 00:06:18,8.75
1374793058620000255,20000255,2013-07-25 23:57:38,2013-07-26 00:07:38,10.00
1374793065620000031,20000031,2013-07-25 23:57:45,2013-07-26 00:05:30,7.75
1374793078620000136,20000136,2013-07-25 23:57:58,2013-07-26 00:11:58,14.00
1374793131620000101,20000101,2013-07-25 23:58:51,2013-07-26 00:40:21,41.50
1374793150620000406,20000406,2013-07-25 23:59:10,2013-07-26 00:24:25,25.25
1374878272620000042,20000042,2013-07-26 23:37:52,2013-07-27 00:09:37,31.75
1374878425620000520,20000520,2013-07-26 23:40:25,2013-07-27 00:00:10,19.75
1374878712620000561,20000561,2013-07-26 23:45:12,2013-07-27 00:06:27,21.25
1374878905620000038,20000038,2013-07-26 23:48:25,2013-07-27 00:03:40,15.25
1374878907620000389,20000389,2013-07-26 23:48:27,2013-07-27 00:00:12,11.75
1374878939620000589,20000589,2013-07-26 23:48:59,2013-07-27 00:02:59,14.00
1374879033620000591,20000591,2013-07-26 23:50:33,2013-07-27 00:03:33,13.00
1374879079620000610,20000610,2013-07-26 23:51:19,2013-07-27 00:00:49,9.50
1374879105620000235,20000235,2013-07-26 23:51:45,2013-07-27 00:11:00,19.25
1374879130620000101,20000101,2013-07-26 23:52:10,2013-07-27 00:05:10,13.00
1374879154620000280,20000280,2013-07-26 23:52:34,2013-07-27 00:40:04,47.50
1374879253620000341,20000341,2013-07-26 23:54:13,2013-07-27 00:07:43,13.50
1374879277620000359,20000359,2013-07-26 23:54:37,2013-07-27 00:11:07,16.50
1374879288620000395,20000395,2013-07-26 23:54:48,2013-07-27 00:31:33,36.75
1374879299620000687,20000687,2013-07-26 23:54:59,2013-07-27 00:00:29,5.50
1374879308620000006,20000006,2013-07-26 23:55:08,2013-07-27 00:03:38,8.50
1374879326620000338,20000338,2013-07-26 23:55:26,2013-07-27 00:17:56,22.50
1374879384620000598,20000598,2013-07-26 23:56:24,2013-07-27 00:02:54,6.50
1374879394620000540,20000540,2013-07-26 23:56:34,2013-07-27 00:00:49,4.25
1374879403620000337,20000337,2013-07-26 23:56:43,2013-07-27 00:19:13,22.50
1374879451620000577,20000577,2013-07-26 23:57:31,2013-07-27 00:05:16,7.75
1374879526620000619,20000619,2013-07-26 23:58:46,2013-07-27 00:12:01,13.25
1374879543620000333,20000333,2013-07-26 23:59:03,2013-07-27 00:04:18,5.25
1374964035620000470,20000470,2013-07-27 23:27:15,2013-07-28 00:02:45,35.50
1374964688620000508,20000508,2013-07-27 23:38:08,2013-07-28 00:00:53,22.75
1374965123620000337,20000337,2013-07-27 23:45:23,2013-07-28 00:01:08,15.75
1374965461620000310,20000310,2013-07-27 23:51:01,2013-07-28 00:01:01,10.00
1374965484620000610,20000610,2013-07-27 23:51:24,2013-07-28 00:02:24,11.00
1374965499620000041,20000041,2013-07-27 23:51:39,2013-07-28 00:00:39,9.00
1374965504620000392,20000392,2013-07-27 23:51:44,2013-07-28 00:01:59,10.25
1374965525620000473,20000473,2013-07-27 23:52:05,2013-07-28 00:04:05,12.00
1374965562620000463,20000463,2013-07-27 23:52:42,2013-07-28 00:01:57,9.25
1374965670620000324,20000324,2013-07-27 23:54:30,2013-07-28 00:02:30,8.00
1374965673620000657,20000657,2013-07-27 23:54:33,2013-07-28 00:09:48,15.25
1374965689620000436,20000436,2013-07-27 23:54:49,2013-07-28 00:09:04,14.25
1374965721620000014,20000014,2013-07-27 23:55:21,2013-07-28 00:11:21,16.00
1374965722620000901,20000901,2013-07-27 23:55:22,2013-07-28 00:01:37,6.25
1374965746620000589,20000589,2013-07-27 23:55:46,2013-07-28 00:02:31,6.75
1374965751620000243,20000243,2013-07-27 23:55:51,2013-07-28 00:07:36,11.75
1374965754620000006,20000006,2013-07-27 23:55:54,2013-07-28 00:12:24,16.50
1374965763620000167,20000167,2013-07-27 23:56:03,2013-07-28 00:00:33,4.50
1374965781620000525,20000525,2013-07-27 23:56:21,2013-07-28 00:03:36,7.25
1374965802620000160,20000160,2013-07-27 23:56:42,2013-07-28 00:08:27,11.75
1374965844620000108,20000108,2013-07-27 23:57:24,2013-07-28 00:19:09,21.75
1374965860620000077,20000077,2013-07-27 23:57:40,2013-07-28 00:07:25,9.75
1374965883620000351,20000351,2013-07-27 23:58:03,2013-07-28 00:11:18,13.25
1374965888620000664,20000664,2013-07-27 23:58:08,2013-07-28 00:02:08,4.00
1374965939620000009,20000009,2013-07-27 23:58:59,2013-07-28 00:05:44,6.75
1374965954620000347,20000347,2013-07-27 23:59:14,2013-07-28 00:07:59,8.75
1374965962620000663,20000663,2013-07-27 23:59:22,2013-07-28 00:12:22,13.00
1374965968620000430,20000430,2013-07-27 23:59:28,2013-07-28 00:06:28,7.00
1375050493620000657,20000657,2013-07-28 23:28:13,2013-07-29 00:00:58,32.75
1375051643620000173,20000173,2013-07-28 23:47:23,2013-07-29 00:11:38,24.25
1375051842620000674,20000674,2013-07-28 23:50:42,2013-07-29 00:09:42,19.00
1375051907620000225,20000225,2013-07-28 23:51:47,2013-07-29 00:19:17,27.50
1375052046620000395,20000395,2013-07-28 23:54:06,2013-07-29 00:12:51,18.75
1375052088620000520,20000520,2013-07-28 23:54:48,2013-07-29 00:06:03,11.25
1375052103620000008,20000008,2013-07-28 23:55:03,2013-07-29 00:03:33,8.50
1375052136620000570,20000570,2013-07-28 23:55:36,2013-07-29 00:12:36,17.00
1375052203620000160,20000160,2013-07-28 23:56:43,2013-07-29 00:27:43,31.00
1375052231620000011,20000011,2013-07-28 23:57:11,2013-07-29 00:00:26,3.25
1375052247620000178,20000178,2013-07-28 23:57:27,2013-07-29 00:02:27,5.00
1375052268620000574,20000574,2013-07-28 23:57:48,2013-07-29 00:07:18,9.50
1375052299620000120,20000120,2013-07-28 23:58:19,2013-07-29 00:03:19,5.00
1375052325620000529,20000529,2013-07-28 23:58:45,2013-07-29 00:08:15,9.50
1375052326620000632,20000632,2013-07-28 23:58:46,2013-07-29 00:10:16,11.50
1375052384620000320,20000320,2013-07-28 23:59:44,2013-07-29 00:05:14,5.50
1375052397620000254,20000254,2013-07-28 23:59:57,2013-07-29 00:15:42,15.75
1375125273620000520,20000520,2013-07-29 20:14:33,2013-07-30 03:58:33,464.00
1375137206620000235,20000235,2013-07-29 23:33:26,2013-07-30 00:03:11,29.75
1375137539620000276,20000276,2013-07-29 23:38:59,2013-07-30 00:01:44,22.75
1375137719620000577,20000577,2013-07-29 23:41:59,2013-07-30 00:01:44,19.75
1375138079620000549,20000549,2013-07-29 23:47:59,2013-07-30 00:25:29,37.50
1375138096620000625,20000625,2013-07-29 23:48:16,2013-07-30 00:03:01,14.75
1375138227620000657,20000657,2013-07-29 23:50:27,2013-07-30 00:01:27,11.00
1375138326620000060,20000060,2013-07-29 23:52:06,2013-07-30 00:05:36,13.50
1375138363620000663,20000663,2013-07-29 23:52:43,2013-07-30 00:01:58,9.25
1375138376620000013,20000013,2013-07-29 23:52:56,2013-07-30 00:03:11,10.25
1375138389620000167,20000167,2013-07-29 23:53:09,2013-07-30 00:01:09,8.00
1375138410620000574,20000574,2013-07-29 23:53:30,2013-07-30 00:24:15,30.75
1375138413620000424,20000424,2013-07-29 23:53:33,2013-07-30 00:01:03,7.50
1375138429620000356,20000356,2013-07-29 23:53:49,2013-07-30 00:00:49,7.00
1375138460620000665,20000665,2013-07-29 23:54:20,2013-07-30 00:04:05,9.75
1375138524620000364,20000364,2013-07-29 23:55:24,2013-07-30 00:03:24,8.00
1375138565620000900,20000900,2013-07-29 23:56:05,2013-07-30 00:00:50,4.75
1375138644620000351,20000351,2013-07-29 23:57:24,2013-07-30 00:02:09,4.75
1375138650620000554,20000554,2013-07-29 23:57:30,2013-07-30 00:35:15,37.75
1375138656620000675,20000675,2013-07-29 23:57:36,2013-07-30 00:08:36,11.00
1375138680620000370,20000370,2013-07-29 23:58:00,2013-07-30 00:05:30,7.50
1375138697620000080,20000080,2013-07-29 23:58:17,2013-07-30 00:04:02,5.75
1375138778620000310,20000310,2013-07-29 23:59:38,2013-07-30 00:16:08,16.50
1375138791620000684,20000684,2013-07-29 23:59:51,2013-07-30 00:14:06,14.25
1375224017620000672,20000672,2013-07-30 23:40:17,2013-07-31 00:00:17,20.00
1375224025620000167,20000167,2013-07-30 23:40:25,2013-07-31 00:00:40,20.25
1375224134620000037,20000037,2013-07-30 23:42:14,2013-07-31 00:10:14,28.00
1375224471620000307,20000307,2013-07-30 23:47:51,2013-07-31 00:12:36,24.75
1375224603620000450,20000450,2013-07-30 23:50:03,2013-07-31 00:01:18,11.25
1375224642620000900,20000900,2013-07-30 23:50:42,2013-07-31 00:06:57,16.25
1375224700620000525,20000525,2013-07-30 23:51:40,2013-07-31 00:00:25,8.75
1375224705620000004,20000004,2013-07-30 23:51:45,2013-07-31 00:07:15,15.50
1375224736620000473,20000473,2013-07-30 23:52:16,2013-07-31 00:01:16,9.00
1375224778620000903,20000903,2013-07-30 23:52:58,2013-07-31 00:12:58,20.00
1375224801620000686,20000686,2013-07-30 23:53:21,2013-07-31 00:02:51,9.50
1375224814620000328,20000328,2013-07-30 23:53:34,2013-07-31 00:00:19,6.75
1375224865620000154,20000154,2013-07-30 23:54:25,2013-07-31 00:16:40,22.25
1375224953620000179,20000179,2013-07-30 23:55:53,2013-07-31 00:02:38,6.75
1375224961620000171,20000171,2013-07-30 23:56:01,2013-07-31 00:10:01,14.00
1375224963620000038,20000038,2013-07-30 23:56:03,2013-07-31 00:08:48,12.75
1375225038620000321,20000321,2013-07-30 23:57:18,2013-07-31 00:01:18,4.00
1375225068620000372,20000372,2013-07-30 23:57:48,2013-07-31 00:02:48,5.00
1375225093620000351,20000351,2013-07-30 23:58:13,2013-07-31 00:02:58,4.75
1375225177620000347,20000347,2013-07-30 23:59:37,2013-07-31 00:13:07,13.50
1375289927620000902,20000902,2013-07-31 17:58:47,2013-08-01 08:51:17,892.50
1375305599620000529,20000529,2013-07-31 22:19:59,2013-08-01 01:08:44,168.75
1375308294620000179,20000179,2013-07-31 23:04:54,2013-08-01 02:34:54,210.00
1375310697620000344,20000344,2013-07-31 23:44:57,2013-08-01 00:00:42,15.75
1375310897620000387,20000387,2013-07-31 23:48:17,2013-08-01 00:04:17,16.00
1375311051620000157,20000157,2013-07-31 23:50:51,2013-08-01 00:03:51,13.00
1375311096620000454,20000454,2013-07-31 23:51:36,2013-08-01 00:08:36,17.00
1375311165620000549,20000549,2013-07-31 23:52:45,2013-08-01 00:01:45,9.00
1375311200620000542,20000542,2013-07-31 23:53:20,2013-08-01 00:01:50,8.50
1375311280620000195,20000195,2013-07-31 23:54:40,2013-08-01 00:03:25,8.75
1375311335620000011,20000011,2013-07-31 23:55:35,2013-08-01 00:09:20,13.75
1375311438620000388,20000388,2013-07-31 23:57:18,2013-08-01 00:04:48,7.50
1375311493620000611,20000611,2013-07-31 23:58:13,2013-08-01 00:35:58,37.75
1375311518620000598,20000598,2013-07-31 23:58:38,2013-08-01 00:07:53,9.25
1375311520620000192,20000192,2013-07-31 23:58:40,2013-08-01 00:09:55,11.25
1375311597620000173,20000173,2013-07-31 23:59:57,2013-08-01 00:10:27,10.50
1375396520620000108,20000108,2013-08-01 23:35:20,2013-08-02 00:07:20,32.00
1375396781620000451,20000451,2013-08-01 23:39:41,2013-08-02 00:07:41,28.00
1375397121620000395,20000395,2013-08-01 23:45:21,2013-08-02 00:03:21,18.00
1375397168620000311,20000311,2013-08-01 23:46:08,2013-08-02 00:01:38,15.50
1375397237620000687,20000687,2013-08-01 23:47:17,2013-08-02 00:01:32,14.25
1375397564620000304,20000304,2013-08-01 23:52:44,2013-08-02 00:03:29,10.75
1375397642620000675,20000675,2013-08-01 23:54:02,2013-08-02 00:15:47,21.75
1375397650620000496,20000496,2013-08-01 23:54:10,2013-08-02 00:00:40,6.50
1375397651620000101,20000101,2013-08-01 23:54:11,2013-08-02 00:08:11,14.00
1375397692620000337,20000337,2013-08-01 23:54:52,2013-08-02 00:03:07,8.25
1375397702620000297,20000297,2013-08-01 23:55:02,2013-08-02 00:04:02,9.00
1375397734620000167,20000167,2013-08-01 23:55:34,2013-08-02 00:06:19,10.75
1375397848620000310,20000310,2013-08-01 23:57:28,2013-08-02 00:05:28,8.00
1375397873620000671,20000671,2013-08-01 23:57:53,2013-08-02 00:06:23,8.50
1375397931620000621,20000621,2013-08-01 23:58:51,2013-08-02 00:08:51,10.00
1375397940620000112,20000112,2013-08-01 23:59:00,2013-08-02 00:06:30,7.50
1375397942620000285,20000285,2013-08-01 23:59:02,2013-08-02 00:08:17,9.25
1375397949620000260,20000260,2013-08-01 23:59:09,2013-08-02 00:12:24,13.25
1375397958620000360,20000360,2013-08-01 23:59:18,2013-08-02 00:07:18,8.00
1375397970620000276,20000276,2013-08-01 23:59:30,2013-08-02 00:24:15,24.75
1375473368620000651,20000651,2013-08-02 20:56:08,2013-08-03 00:18:23,202.25
1375483129620000307,20000307,2013-08-02 23:38:49,2013-08-03 00:15:04,36.25
1375483393620000540,20000540,2013-08-02 23:43:13,2013-08-03 00:00:43,17.50
1375483420620000337,20000337,2013-08-02 23:43:40,2013-08-03 00:09:10,25.50
1375483664620000120,20000120,2013-08-02 23:47:44,2013-08-03 00:07:29,19.75
1375483680620000338,20000338,2013-08-02 23:48:00,2013-08-03 00:05:30,17.50
1375483716620000108,20000108,2013-08-02 23:48:36,2013-08-03 00:01:21,12.75
1375483751620000542,20000542,2013-08-02 23:49:11,2013-08-03 00:01:26,12.25
1375483856620000497,20000497,2013-08-02 23:50:56,2013-08-03 00:05:26,14.50
1375483952620000549,20000549,2013-08-02 23:52:32,2013-08-03 00:04:02,11.50
1375483984620000467,20000467,2013-08-02 23:53:04,2013-08-03 00:01:19,8.25
1375483992620000684,20000684,2013-08-02 23:53:12,2013-08-03 00:02:57,9.75
1375483996620000424,20000424,2013-08-02 23:53:16,2013-08-03 00:00:16,7.00
1375484008620000525,20000525,2013-08-02 23:53:28,2013-08-03 00:00:43,7.25
1375484027620000431,20000431,2013-08-02 23:53:47,2013-08-03 00:01:17,7.50
1375484046620000649,20000649,2013-08-02 23:54:06,2013-08-03 00:02:06,8.00
1375484109620000554,20000554,2013-08-02 23:55:09,2013-08-03 00:10:24,15.25
1375484152620000686,20000686,2013-08-02 23:55:52,2013-08-03 00:04:07,8.25
1375484161620000901,20000901,2013-08-02 23:56:01,2013-08-03 00:05:01,9.00
1375484165620000632,20000632,2013-08-02 23:56:05,2013-08-03 00:09:35,13.50
1375484187620000309,20000309,2013-08-02 23:56:27,2013-08-03 00:02:57,6.50
1375484211620000015,20000015,2013-08-02 23:56:51,2013-08-03 00:06:51,10.00
1375484231620000327,20000327,2013-08-02 23:57:11,2013-08-03 00:02:56,5.75
1375484273620000503,20000503,2013-08-02 23:57:53,2013-08-03 00:06:23,8.50
1375484282620000671,20000671,2013-08-02 23:58:02,2013-08-03 00:03:17,5.25
1375484305620000325,20000325,2013-08-02 23:58:25,2013-08-03 00:26:25,28.00
1375484330620000269,20000269,2013-08-02 23:58:50,2013-08-03 00:01:05,2.25
1375484345620000672,20000672,2013-08-02 23:59:05,2013-08-03 00:18:20,19.25
1375484367620000045,20000045,2013-08-02 23:59:27,2013-08-03 00:02:57,3.50
1375484384620000570,20000570,2013-08-02 23:59:44,2013-08-03 00:06:59,7.25
1375484386620000436,20000436,2013-08-02 23:59:46,2013-08-03 00:14:31,14.75
1375569320620000101,20000101,2013-08-03 23:35:20,2013-08-04 00:01:35,26.25
1375569540620000658,20000658,2013-08-03 23:39:00,2013-08-04 00:02:45,23.75
1375569758620000392,20000392,2013-08-03 23:42:38,2013-08-04 00:17:23,34.75
1375569899620000337,20000337,2013-08-03 23:44:59,2013-08-04 00:11:14,26.25
1375570102620000664,20000664,2013-08-03 23:48:22,2013-08-04 00:09:22,21.00
1375570126620000179,20000179,2013-08-03 23:48:46,2013-08-04 00:09:01,20.25
1375570147620000011,20000011,2013-08-03 23:49:07,2013-08-04 00:06:37,17.50
1375570148620000431,20000431,2013-08-03 23:49:08,2013-08-04 00:00:23,11.25
1375570185620000304,20000304,2013-08-03 23:49:45,2013-08-04 00:01:15,11.50
1375570231620000569,20000569,2013-08-03 23:50:31,2013-08-04 00:00:46,10.25
1375570236620000440,20000440,2013-08-03 23:50:36,2013-08-04 00:13:51,23.25
1375570270620000344,20000344,2013-08-03 23:51:10,2013-08-04 00:00:40,9.50
1375570297620000688,20000688,2013-08-03 23:51:37,2013-08-04 00:02:07,10.50
1375570369620000254,20000254,2013-08-03 23:52:49,2013-08-04 00:08:34,15.75
1375570404620000577,20000577,2013-08-03 23:53:24,2013-08-04 00:01:39,8.25
1375570437620000667,20000667,2013-08-03 23:53:57,2013-08-04 00:00:57,7.00
1375570442620000108,20000108,2013-08-03 23:54:02,2013-08-04 00:02:32,8.50
1375570461620000310,20000310,2013-08-03 23:54:21,2013-08-04 00:08:06,13.75
1375570482620000540,20000540,2013-08-03 23:54:42,2013-08-04 00:02:12,7.50
1375570515620000171,20000171,2013-08-03 23:55:15,2013-08-04 00:08:30,13.25
1375570523620000520,20000520,2013-08-03 23:55:23,2013-08-04 00:04:23,9.00
1375570585620000245,20000245,2013-08-03 23:56:25,2013-08-04 00:02:55,6.50
1375570598620000421,20000421,2013-08-03 23:56:38,2013-08-04 00:14:38,18.00
1375570624620000601,20000601,2013-08-03 23:57:04,2013-08-04 00:04:04,7.00
1375570663620000013,20000013,2013-08-03 23:57:43,2013-08-04 00:04:13,6.50
1375570703620000006,20000006,2013-08-03 23:58:23,2013-08-04 00:05:08,6.75
1375570712620000674,20000674,2013-08-03 23:58:32,2013-08-04 00:09:32,11.00
1375570713620000389,20000389,2013-08-03 23:58:33,2013-08-04 00:47:18,48.75
1375570737620000611,20000611,2013-08-03 23:58:57,2013-08-04 00:16:12,17.25
1375570761620000618,20000618,2013-08-03 23:59:21,2013-08-04 00:14:36,15.25
1375570773620000195,20000195,2013-08-03 23:59:33,2013-08-04 00:10:33,11.00
1375570787620000192,20000192,2013-08-03 23:59:47,2013-08-04 00:14:17,14.50
1375654452620000472,20000472,2013-08-04 23:14:12,2013-08-05 00:02:12,48.00
1375655519620000015,20000015,2013-08-04 23:31:59,2013-08-05 00:01:29,29.50
1375656020620000395,20000395,2013-08-04 23:40:20,2013-08-05 00:21:05,40.75
1375656258620000337,20000337,2013-08-04 23:44:18,2013-08-05 00:13:03,28.75
1375656489620000574,20000574,2013-08-04 23:48:09,2013-08-05 00:20:09,32.00
1375656612620000311,20000311,2013-08-04 23:50:12,2013-08-05 00:04:27,14.25
1375656752620000249,20000249,2013-08-04 23:52:32,2013-08-05 00:01:17,8.75
1375656799620000140,20000140,2013-08-04 23:53:19,2013-08-05 00:02:49,9.50
1375656845620000518,20000518,2013-08-04 23:54:05,2013-08-05 00:01:35,7.50
1375656898620000256,20000256,2013-08-04 23:54:58,2013-08-05 00:02:28,7.50
1375656937620000310,20000310,2013-08-04 23:55:37,2013-08-05 00:11:37,16.00
1375657007620000254,20000254,2013-08-04 23:56:47,2013-08-05 00:01:17,4.50
1375657008620000687,20000687,2013-08-04 23:56:48,2013-08-05 00:04:48,8.00
1375657015620000663,20000663,2013-08-04 23:56:55,2013-08-05 00:01:25,4.50
1375657025620000011,20000011,2013-08-04 23:57:05,2013-08-05 00:02:50,5.75
1375657037620000483,20000483,2013-08-04 23:57:17,2013-08-05 00:18:17,21.00
1375657051620000108,20000108,2013-08-04 23:57:31,2013-08-05 00:08:46,11.25
1375657078620000492,20000492,2013-08-04 23:57:58,2013-08-05 00:05:58,8.00
1375657170620000517,20000517,2013-08-04 23:59:30,2013-08-05 00:07:45,8.25
1375657177620000653,20000653,2013-08-04 23:59:37,2013-08-05 00:04:37,5.00
1375657187620000359,20000359,2013-08-04 23:59:47,2013-08-05 00:13:47,14.00
1375737004620000472,20000472,2013-08-05 22:10:04,2013-08-06 00:42:34,152.50
1375743112620000529,20000529,2013-08-05 23:51:52,2013-08-06 00:00:52,9.00
1375743153620000370,20000370,2013-08-05 23:52:33,2013-08-06 00:00:33,8.00
1375743155620000101,20000101,2013-08-05 23:52:35,2013-08-06 00:03:05,10.50
1375743173620000476,20000476,2013-08-05 23:52:53,2013-08-06 00:02:23,9.50
1375743186620000195,20000195,2013-08-05 23:53:06,2013-08-06 00:03:36,10.50
1375743253620000254,20000254,2013-08-05 23:54:13,2013-08-06 00:00:28,6.25
1375743258620000364,20000364,2013-08-05 23:54:18,2013-08-06 00:03:03,8.75
1375743334620000598,20000598,2013-08-05 23:55:34,2013-08-06 00:02:04,6.50
1375743360620000624,20000624,2013-08-05 23:56:00,2013-08-06 00:07:45,11.75
1375743404620000037,20000037,2013-08-05 23:56:44,2013-08-06 00:04:59,8.25
1375743464620000324,20000324,2013-08-05 23:57:44,2013-08-06 00:02:14,4.50
1375743472620000603,20000603,2013-08-05 23:57:52,2013-08-06 00:01:52,4.00
1375743585620000525,20000525,2013-08-05 23:59:45,2013-08-06 00:15:45,16.00
1375827705620000486,20000486,2013-08-06 23:21:45,2013-08-07 00:05:30,43.75
1375828562620000626,20000626,2013-08-06 23:36:02,2013-08-07 00:14:02,38.00
1375829133620000901,20000901,2013-08-06 23:45:33,2013-08-07 00:02:03,16.50
1375829174620000252,20000252,2013-08-06 23:46:14,2013-08-07 00:04:59,18.75
1375829285620000663,20000663,2013-08-06 23:48:05,2013-08-07 00:05:50,17.75
1375829301620000004,20000004,2013-08-06 23:48:21,2013-08-07 00:04:21,16.00
1375829489620000171,20000171,2013-08-06 23:51:29,2013-08-07 00:02:44,11.25
1375829535620000483,20000483,2013-08-06 23:52:15,2013-08-07 00:03:45,11.50
1375829563620000529,20000529,2013-08-06 23:52:43,2013-08-07 00:14:13,21.50
1375829565620000042,20000042,2013-08-06 23:52:45,2013-08-07 00:03:45,11.00
1375829746620000540,20000540,2013-08-06 23:55:46,2013-08-07 00:06:31,10.75
1375829760620000268,20000268,2013-08-06 23:56:00,2013-08-07 00:00:45,4.75
1375829834620000624,20000624,2013-08-06 23:57:14,2013-08-07 00:01:14,4.00
1375829862620000179,20000179,2013-08-06 23:57:42,2013-08-07 00:06:27,8.75
1375829869620000424,20000424,2013-08-06 23:57:49,2013-08-07 00:00:34,2.75
1375829875620000688,20000688,2013-08-06 23:57:55,2013-08-07 00:09:55,12.00
1375829886620000611,20000611,2013-08-06 23:58:06,2013-08-07 00:06:06,8.00
1375829905620000675,20000675,2013-08-06 23:58:25,2013-08-07 00:10:25,12.00
1375829921620000060,20000060,2013-08-06 23:58:41,2013-08-07 00:03:41,5.00
1375829931620000160,20000160,2013-08-06 23:58:51,2013-08-07 00:11:36,12.75
1375829970620000105,20000105,2013-08-06 23:59:30,2013-08-07 00:07:00,7.50
1375912944620000276,20000276,2013-08-07 23:02:24,2013-08-08 00:03:39,61.25
1375915380620000199,20000199,2013-08-07 23:43:00,2013-08-08 00:28:45,45.75
1375915466620000517,20000517,2013-08-07 23:44:26,2013-08-08 00:01:41,17.25
1375915793620000263,20000263,2013-08-07 23:49:53,2013-08-08 00:11:08,21.25
1375915798620000304,20000304,2013-08-07 23:49:58,2013-08-08 00:01:13,11.25
1375915849620000589,20000589,2013-08-07 23:50:49,2013-08-08 00:02:19,11.50
1375915925620000309,20000309,2013-08-07 23:52:05,2013-08-08 00:06:35,14.50
1375915929620000577,20000577,2013-08-07 23:52:09,2013-08-08 00:04:54,12.75
1375915939620000598,20000598,2013-08-07 23:52:19,2013-08-08 00:06:19,14.00
1375915960620000009,20000009,2013-08-07 23:52:40,2013-08-08 00:01:40,9.00
1375915973620000684,20000684,2013-08-07 23:52:53,2013-08-08 00:01:23,8.50
1375916022620000446,20000446,2013-08-07 23:53:42,2013-08-08 00:01:57,8.25
1375916103620000105,20000105,2013-08-07 23:55:03,2013-08-08 00:01:18,6.25
1375916105620000903,20000903,2013-08-07 23:55:05,2013-08-08 00:02:50,7.75
1375916119620000424,20000424,2013-08-07 23:55:19,2013-08-08 00:04:19,9.00
1375916132620000325,20000325,2013-08-07 23:55:32,2013-08-08 00:02:02,6.50
1375916215620000483,20000483,2013-08-07 23:56:55,2013-08-08 00:08:25,11.50
1375916216620000201,20000201,2013-08-07 23:56:56,2013-08-08 00:03:26,6.50
1375916221620000570,20000570,2013-08-07 23:57:01,2013-08-08 00:12:01,15.00
1375916239620000231,20000231,2013-08-07 23:57:19,2013-08-08 00:01:49,4.50
1375916249620000473,20000473,2013-08-07 23:57:29,2013-08-08 00:03:14,5.75
1375916323620000086,20000086,2013-08-07 23:58:43,2013-08-08 00:00:58,2.25
1375916351620000053,20000053,2013-08-07 23:59:11,2013-08-08 00:03:41,4.50
1375916361620000603,20000603,2013-08-07 23:59:21,2013-08-08 00:08:21,9.00
1375916379620000540,20000540,2013-08-07 23:59:39,2013-08-08 00:07:39,8.00
1375981643620000520,20000520,2013-08-08 18:07:23,2013-08-09 06:20:53,733.50
1376001586620000395,20000395,2013-08-08 23:39:46,2013-08-09 00:29:31,49.75
1376001891620000624,20000624,2013-08-08 23:44:51,2013-08-09 00:00:36,15.75
1376002206620000215,20000215,2013-08-08 23:50:06,2013-08-09 00:02:06,12.00
1376002225620000359,20000359,2013-08-08 23:50:25,2013-08-09 00:04:55,14.50
1376002238620000254,20000254,2013-08-08 23:50:38,2013-08-09 00:01:53,11.25
1376002297620000140,20000140,2013-08-08 23:51:37,2013-08-09 00:02:52,11.25
1376002328620000037,20000037,2013-08-08 23:52:08,2013-08-09 00:03:38,11.50
1376002351620000231,20000231,2013-08-08 23:52:31,2013-08-09 00:01:01,8.50
1376002389620000454,20000454,2013-08-08 23:53:09,2013-08-09 00:13:54,20.75
1376002401620000338,20000338,2013-08-08 23:53:21,2013-08-09 00:05:06,11.75
1376002464620000380,20000380,2013-08-08 23:54:24,2013-08-09 00:03:39,9.25
1376002465620000154,20000154,2013-08-08 23:54:25,2013-08-09 00:05:25,11.00
1376002577620000900,20000900,2013-08-08 23:56:17,2013-08-09 00:03:02,6.75
1376002589620000529,20000529,2013-08-08 23:56:29,2013-08-09 00:01:29,5.00
1376002595620000517,20000517,2013-08-08 23:56:35,2013-08-09 00:10:35,14.00
1376002602620000492,20000492,2013-08-08 23:56:42,2013-08-09 00:05:42,9.00
1376002619620000006,20000006,2013-08-08 23:56:59,2013-08-09 00:03:14,6.25
1376002702620000310,20000310,2013-08-08 23:58:22,2013-08-09 00:09:37,11.25
1376087451620000541,20000541,2013-08-09 23:30:51,2013-08-10 00:01:51,31.00
1376087849620000520,20000520,2013-08-09 23:37:29,2013-08-10 00:09:29,32.00
1376088059620000256,20000256,2013-08-09 23:40:59,2013-08-10 00:00:29,19.50
1376088370620000140,20000140,2013-08-09 23:46:10,2013-08-10 00:07:55,21.75
1376088396620000022,20000022,2013-08-09 23:46:36,2013-08-10 00:04:36,18.00
1376088515620000668,20000668,2013-08-09 23:48:35,2013-08-10 00:27:50,39.25
1376088518620000687,20000687,2013-08-09 23:48:38,2013-08-10 00:09:38,21.00
1376088564620000453,20000453,2013-08-09 23:49:24,2013-08-10 00:05:39,16.25
1376088566620000045,20000045,2013-08-09 23:49:26,2013-08-10 00:00:56,11.50
1376088591620000574,20000574,2013-08-09 23:49:51,2013-08-10 00:00:21,10.50
1376088612620000446,20000446,2013-08-09 23:50:12,2013-08-10 00:03:12,13.00
1376088619620000517,20000517,2013-08-09 23:50:19,2013-08-10 00:00:34,10.25
1376088623620000406,20000406,2013-08-09 23:50:23,2013-08-10 00:03:23,13.00
1376088631620000108,20000108,2013-08-09 23:50:31,2013-08-10 00:01:46,11.25
1376088647620000483,20000483,2013-08-09 23:50:47,2013-08-10 00:02:17,11.50
1376088832620000020,20000020,2013-08-09 23:53:52,2013-08-10 00:00:37,6.75
1376088832620000343,20000343,2013-08-09 23:53:52,2013-08-10 00:05:22,11.50
1376088835620000360,20000360,2013-08-09 23:53:55,2013-08-10 00:00:40,6.75
1376088881620000424,20000424,2013-08-09 23:54:41,2013-08-10 00:03:26,8.75
1376088916620000671,20000671,2013-08-09 23:55:16,2013-08-10 00:01:01,5.75
1376088924620000472,20000472,2013-08-09 23:55:24,2013-08-10 00:09:24,14.00
1376088932620000005,20000005,2013-08-09 23:55:32,2013-08-10 00:03:17,7.75
1376088995620000387,20000387,2013-08-09 23:56:35,2013-08-10 00:05:20,8.75
1376089000620000540,20000540,2013-08-09 23:56:40,2013-08-10 00:02:25,5.75
1376089009620000105,20000105,2013-08-09 23:56:49,2013-08-10 00:04:04,7.25
1376089027620000454,20000454,2013-08-09 23:57:07,2013-08-10 00:03:22,6.25
1376089069620000356,20000356,2013-08-09 23:57:49,2013-08-10 00:17:19,19.50
1376089139620000006,20000006,2013-08-09 23:58:59,2013-08-10 00:04:29,5.50
1376089160620000041,20000041,2013-08-09 23:59:20,2013-08-10 00:08:20,9.00
1376089186620000089,20000089,2013-08-09 23:59:46,2013-08-10 00:07:16,7.50
1376089189620000600,20000600,2013-08-09 23:59:49,2013-08-10 00:15:19,15.50
1376089189620000662,20000662,2013-08-09 23:59:49,2013-08-10 00:11:34,11.75
1376089193620000273,20000273,2013-08-09 23:59:53,2013-08-10 00:13:23,13.50
1376089195620000529,20000529,2013-08-09 23:59:55,2013-08-10 00:04:55,5.00
1376089199620000649,20000649,2013-08-09 23:59:59,2013-08-10 00:10:59,11.00
1376173237620000199,20000199,2013-08-10 23:20:37,2013-08-11 00:20:52,60.25
1376174264620000153,20000153,2013-08-10 23:37:44,2013-08-11 00:19:59,42.25
1376174563620000108,20000108,2013-08-10 23:42:43,2013-08-11 00:15:28,32.75
1376174738620000687,20000687,2013-08-10 23:45:38,2013-08-11 00:02:08,16.50
1376174859620000624,20000624,2013-08-10 23:47:39,2013-08-11 00:00:54,13.25
1376174938620000529,20000529,2013-08-10 23:48:58,2013-08-11 00:00:43,11.75
1376174941620000031,20000031,2013-08-10 23:49:01,2013-08-11 00:02:16,13.25
1376174961620000058,20000058,2013-08-10 23:49:21,2013-08-11 00:00:51,11.50
1376174972620000657,20000657,2013-08-10 23:49:32,2013-08-11 00:03:17,13.75
1376175027620000389,20000389,2013-08-10 23:50:27,2013-08-11 00:00:12,9.75
1376175055620000309,20000309,2013-08-10 23:50:55,2013-08-11 00:01:40,10.75
1376175071620000517,20000517,2013-08-10 23:51:11,2013-08-11 00:01:41,10.50
1376175074620000015,20000015,2013-08-10 23:51:14,2013-08-11 00:01:59,10.75
1376175099620000101,20000101,2013-08-10 23:51:39,2013-08-11 00:04:54,13.25
1376175112620000514,20000514,2013-08-10 23:51:52,2013-08-11 00:09:22,17.50
1376175168620000089,20000089,2013-08-10 23:52:48,2013-08-11 00:02:03,9.25
1376175181620000482,20000482,2013-08-10 23:53:01,2013-08-11 00:33:31,40.50
1376175290620000509,20000509,2013-08-10 23:54:50,2013-08-11 00:07:05,12.25
1376175321620000252,20000252,2013-08-10 23:55:21,2013-08-11 00:00:51,5.50
1376175359620000680,20000680,2013-08-10 23:55:59,2013-08-11 00:04:44,8.75
1376175385620000395,20000395,2013-08-10 23:56:25,2013-08-11 00:20:55,24.50
1376175400620000663,20000663,2013-08-10 23:56:40,2013-08-11 00:02:25,5.75
1376175404620000009,20000009,2013-08-10 23:56:44,2013-08-11 00:06:14,9.50
1376175408620000010,20000010,2013-08-10 23:56:48,2013-08-11 00:05:33,8.75
1376175411620000472,20000472,2013-08-10 23:56:51,2013-08-11 00:16:36,19.75
1376175421620000684,20000684,2013-08-10 23:57:01,2013-08-11 00:06:46,9.75
1376175426620000450,20000450,2013-08-10 23:57:06,2013-08-11 00:04:21,7.25
1376175428620000157,20000157,2013-08-10 23:57:08,2013-08-11 00:07:53,10.75
1376175438620000574,20000574,2013-08-10 23:57:18,2013-08-11 00:02:18,5.00
1376175454620000231,20000231,2013-08-10 23:57:34,2013-08-11 00:16:34,19.00
1376175455620000588,20000588,2013-08-10 23:57:35,2013-08-11 00:03:20,5.75
1376175466620000430,20000430,2013-08-10 23:57:46,2013-08-11 00:22:01,24.25
1376175469620000570,20000570,2013-08-10 23:57:49,2013-08-11 00:03:04,5.25
1376175479620000387,20000387,2013-08-10 23:57:59,2013-08-11 00:07:44,9.75
1376175495620000605,20000605,2013-08-10 23:58:15,2013-08-11 00:15:15,17.00
1376175505620000173,20000173,2013-08-10 23:58:25,2013-08-11 00:03:40,5.25
1376175515620000005,20000005,2013-08-10 23:58:35,2013-08-11 00:16:35,18.00
1376175520620000458,20000458,2013-08-10 23:58:40,2013-08-11 00:08:10,9.50
1376175536620000280,20000280,2013-08-10 23:58:56,2013-08-11 00:05:56,7.00
1376175567620000325,20000325,2013-08-10 23:59:27,2013-08-11 00:06:12,6.75
1376175579620000481,20000481,2013-08-10 23:59:39,2013-08-11 00:05:24,5.75
1376260080620000403,20000403,2013-08-11 23:28:00,2013-08-12 01:18:30,110.50
1376260151620000356,20000356,2013-08-11 23:29:11,2013-08-12 00:29:26,60.25
1376260311620000542,20000542,2013-08-11 23:31:51,2013-08-12 01:00:51,89.00
1376260602620000233,20000233,2013-08-11 23:36:42,2013-08-12 00:03:12,26.50
1376260788620000492,20000492,2013-08-11 23:39:48,2013-08-12 00:01:33,21.75
1376261043620000688,20000688,2013-08-11 23:44:03,2013-08-12 00:07:18,23.25
1376261435620000616,20000616,2013-08-11 23:50:35,2013-08-12 00:09:35,19.00
1376261550620000465,20000465,2013-08-11 23:52:30,2013-08-12 00:01:00,8.50
1376261552620000454,20000454,2013-08-11 23:52:32,2013-08-12 00:02:17,9.75
1376261679620000663,20000663,2013-08-11 23:54:39,2013-08-12 00:04:39,10.00
1376261690620000481,20000481,2013-08-11 23:54:50,2013-08-12 00:01:05,6.25
1376261721620000160,20000160,2013-08-11 23:55:21,2013-08-12 00:03:51,8.50
1376261756620000249,20000249,2013-08-11 23:55:56,2013-08-12 00:05:41,9.75
1376261759620000648,20000648,2013-08-11 23:55:59,2013-08-12 00:10:59,15.00
1376261841620000611,20000611,2013-08-11 23:57:21,2013-08-12 00:45:36,48.25
1376261865620000360,20000360,2013-08-11 23:57:45,2013-08-12 00:00:45,3.00
1376261894620000297,20000297,2013-08-11 23:58:14,2013-08-12 00:07:29,9.25
1376261904620000005,20000005,2013-08-11 23:58:24,2013-08-12 00:01:24,3.00
1376261928620000004,20000004,2013-08-11 23:58:48,2013-08-12 00:07:48,9.00
1376261932620000395,20000395,2013-08-11 23:58:52,2013-08-12 00:33:07,34.25
1376261942620000140,20000140,2013-08-11 23:59:02,2013-08-12 00:07:17,8.25
1376261950620000101,20000101,2013-08-11 23:59:10,2013-08-12 00:36:25,37.25
1376261985620000569,20000569,2013-08-11 23:59:45,2013-08-12 00:14:45,15.00
1376344330620000663,20000663,2013-08-12 22:52:10,2013-08-13 00:32:10,100.00
1376346485620000625,20000625,2013-08-12 23:28:05,2013-08-13 00:09:50,41.75
1376347113620000570,20000570,2013-08-12 23:38:33,2013-08-13 00:09:18,30.75
1376347524620000574,20000574,2013-08-12 23:45:24,2013-08-13 00:06:24,21.00
1376347637620000042,20000042,2013-08-12 23:47:17,2013-08-13 00:16:32,29.25
1376347665620000233,20000233,2013-08-12 23:47:45,2013-08-13 00:01:30,13.75
1376347824620000167,20000167,2013-08-12 23:50:24,2013-08-13 00:08:54,18.50
1376347950620000344,20000344,2013-08-12 23:52:30,2013-08-13 00:00:30,8.00
1376347998620000356,20000356,2013-08-12 23:53:18,2013-08-13 00:04:03,10.75
1376348000620000616,20000616,2013-08-12 23:53:20,2013-08-13 00:02:35,9.25
1376348012620000359,20000359,2013-08-12 23:53:32,2013-08-13 00:02:02,8.50
1376348029620000325,20000325,2013-08-12 23:53:49,2013-08-13 00:03:49,10.00
1376348042620000626,20000626,2013-08-12 23:54:02,2013-08-13 00:01:02,7.00
1376348130620000398,20000398,2013-08-12 23:55:30,2013-08-13 00:00:00,4.50
1376348136620000037,20000037,2013-08-12 23:55:36,2013-08-13 00:04:36,9.00
1376348215620000239,20000239,2013-08-12 23:56:55,2013-08-13 00:04:10,7.25
1376348272620000235,20000235,2013-08-12 23:57:52,2013-08-13 00:07:37,9.75
1376348308620000554,20000554,2013-08-12 23:58:28,2013-08-13 00:02:28,4.00
1376348356620000108,20000108,2013-08-12 23:59:16,2013-08-13 00:08:46,9.50
1376348360620000424,20000424,2013-08-12 23:59:20,2013-08-13 00:07:20,8.00
1376433404620000304,20000304,2013-08-13 23:36:44,2013-08-14 00:07:44,31.00
1376433520620000345,20000345,2013-08-13 23:38:40,2013-08-14 00:16:10,37.50
1376433596620000665,20000665,2013-08-13 23:39:56,2013-08-14 00:02:41,22.75
1376433967620000571,20000571,2013-08-13 23:46:07,2013-08-14 00:02:07,16.00
1376434067620000514,20000514,2013-08-13 23:47:47,2013-08-14 00:12:32,24.75
1376434117620000624,20000624,2013-08-13 23:48:37,2013-08-14 00:04:37,16.00
1376434194620000309,20000309,2013-08-13 23:49:54,2013-08-14 00:02:39,12.75
1376434316620000529,20000529,2013-08-13 23:51:56,2013-08-14 00:01:26,9.50
1376434341620000684,20000684,2013-08-13 23:52:21,2013-08-14 00:01:06,8.75
1376434489620000140,20000140,2013-08-13 23:54:49,2013-08-14 00:02:19,7.50
1376434518620000260,20000260,2013-08-13 23:55:18,2013-08-14 00:16:03,20.75
1376434530620000561,20000561,2013-08-13 23:55:30,2013-08-14 00:03:00,7.50
1376434545620000108,20000108,2013-08-13 23:55:45,2013-08-14 00:09:15,13.50
1376434551620000392,20000392,2013-08-13 23:55:51,2013-08-14 00:00:36,4.75
1376434569620000280,20000280,2013-08-13 23:56:09,2013-08-14 00:03:39,7.50
1376434609620000153,20000153,2013-08-13 23:56:49,2013-08-14 00:03:49,7.00
1376434623620000663,20000663,2013-08-13 23:57:03,2013-08-14 00:05:48,8.75
1376434626620000231,20000231,2013-08-13 23:57:06,2013-08-14 00:02:06,5.00
1376434632620000520,20000520,2013-08-13 23:57:12,2013-08-14 00:04:57,7.75
1376434641620000364,20000364,2013-08-13 23:57:21,2013-08-14 00:06:36,9.25
1376434649620000173,20000173,2013-08-13 23:57:29,2013-08-14 00:06:29,9.00
1376434695620000351,20000351,2013-08-13 23:58:15,2013-08-14 00:08:15,10.00
1376434713620000463,20000463,2013-08-13 23:58:33,2013-08-14 00:05:48,7.25
1376434717620000006,20000006,2013-08-13 23:58:37,2013-08-14 00:05:37,7.00
1376434732620000406,20000406,2013-08-13 23:58:52,2013-08-14 00:06:52,8.00
1376434771620000574,20000574,2013-08-13 23:59:31,2013-08-14 00:07:01,7.50
1376504710620000520,20000520,2013-08-14 19:25:10,2013-08-15 05:05:55,580.75
1376519454620000023,20000023,2013-08-14 23:30:54,2013-08-15 00:20:24,49.50
1376520261620000310,20000310,2013-08-14 23:44:21,2013-08-15 00:05:21,21.00
1376520350620000337,20000337,2013-08-14 23:45:50,2013-08-15 00:01:50,16.00
1376520434620000101,20000101,2013-08-14 23:47:14,2013-08-15 00:01:44,14.50
1376520530620000518,20000518,2013-08-14 23:48:50,2013-08-15 00:00:35,11.75
1376520544620000304,20000304,2013-08-14 23:49:04,2013-08-15 00:00:04,11.00
1376520553620000554,20000554,2013-08-14 23:49:13,2013-08-15 00:01:58,12.75
1376520561620000435,20000435,2013-08-14 23:49:21,2013-08-15 00:12:06,22.75
1376520602620000120,20000120,2013-08-14 23:50:02,2013-08-15 00:00:32,10.50
1376520612620000037,20000037,2013-08-14 23:50:12,2013-08-15 00:10:12,20.00
1376520617620000058,20000058,2013-08-14 23:50:17,2013-08-15 00:04:17,14.00
1376520621620000376,20000376,2013-08-14 23:50:21,2013-08-15 00:04:21,14.00
1376520655620000297,20000297,2013-08-14 23:50:55,2013-08-15 00:01:55,11.00
1376520683620000409,20000409,2013-08-14 23:51:23,2013-08-15 00:02:38,11.25
1376520709620000430,20000430,2013-08-14 23:51:49,2013-08-15 00:04:34,12.75
1376520784620000470,20000470,2013-08-14 23:53:04,2013-08-15 00:01:04,8.00
1376520814620000364,20000364,2013-08-14 23:53:34,2013-08-15 00:04:34,11.00
1376520814620000529,20000529,2013-08-14 23:53:34,2013-08-15 00:00:34,7.00
1376520825620000077,20000077,2013-08-14 23:53:45,2013-08-15 00:02:30,8.75
1376520833620000192,20000192,2013-08-14 23:53:53,2013-08-15 00:17:53,24.00
1376520881620000663,20000663,2013-08-14 23:54:41,2013-08-15 00:01:26,6.75
1376520929620000456,20000456,2013-08-14 23:55:29,2013-08-15 00:15:59,20.50
1376520966620000008,20000008,2013-08-14 23:56:06,2013-08-15 00:11:36,15.50
1376520990620000256,20000256,2013-08-14 23:56:30,2013-08-15 00:06:45,10.25
1376521002620000254,20000254,2013-08-14 23:56:42,2013-08-15 00:01:57,5.25
1376521004620000022,20000022,2013-08-14 23:56:44,2013-08-15 00:02:59,6.25
1376521055620000688,20000688,2013-08-14 23:57:35,2013-08-15 00:04:35,7.00
1376521086620000239,20000239,2013-08-14 23:58:06,2013-08-15 00:10:21,12.25
1376521089620000249,20000249,2013-08-14 23:58:09,2013-08-15 00:10:54,12.75
1376521098620000503,20000503,2013-08-14 23:58:18,2013-08-15 00:04:48,6.50
1376521134620000051,20000051,2013-08-14 23:58:54,2013-08-15 00:07:39,8.75
1376521156620000570,20000570,2013-08-14 23:59:16,2013-08-15 00:09:16,10.00
1376521161620000344,20000344,2013-08-14 23:59:21,2013-08-15 00:04:51,5.50
1376606332620000304,20000304,2013-08-15 23:38:52,2013-08-16 00:11:37,32.75
1376606489620000370,20000370,2013-08-15 23:41:29,2013-08-16 00:04:44,23.25
1376606566620000011,20000011,2013-08-15 23:42:46,2013-08-16 00:01:16,18.50
1376606957620000653,20000653,2013-08-15 23:49:17,2013-08-16 00:09:32,20.25
1376607023620000665,20000665,2013-08-15 23:50:23,2013-08-16 00:01:23,11.00
1376607104620000007,20000007,2013-08-15 23:51:44,2013-08-16 00:04:44,13.00
1376607152620000574,20000574,2013-08-15 23:52:32,2013-08-16 00:13:47,21.25
1376607178620000260,20000260,2013-08-15 23:52:58,2013-08-16 00:08:13,15.25
1376607193620000004,20000004,2013-08-15 23:53:13,2013-08-16 00:08:58,15.75
1376607241620000520,20000520,2013-08-15 23:54:01,2013-08-16 00:02:31,8.50
1376607247620000472,20000472,2013-08-15 23:54:07,2013-08-16 00:04:37,10.50
1376607265620000525,20000525,2013-08-15 23:54:25,2013-08-16 00:02:40,8.25
1376607268620000015,20000015,2013-08-15 23:54:28,2013-08-16 00:09:43,15.25
1376607360620000105,20000105,2013-08-15 23:56:00,2013-08-16 00:12:15,16.25
1376607387620000372,20000372,2013-08-15 23:56:27,2013-08-16 00:11:27,15.00
1376607408620000662,20000662,2013-08-15 23:56:48,2013-08-16 00:17:48,21.00
1376607415620000424,20000424,2013-08-15 23:56:55,2013-08-16 00:06:25,9.50
1376607423620000554,20000554,2013-08-15 23:57:03,2013-08-16 00:16:18,19.25
1376607469620000030,20000030,2013-08-15 23:57:49,2013-08-16 00:10:49,13.00
1376607507620000060,20000060,2013-08-15 23:58:27,2013-08-16 00:10:42,12.25
1376607515620000440,20000440,2013-08-15 23:58:35,2013-08-16 00:07:05,8.50
1376607522620000688,20000688,2013-08-15 23:58:42,2013-08-16 00:01:27,2.75
1376607554620000483,20000483,2013-08-15 23:59:14,2013-08-16 00:10:14,11.00
1376685797620000250,20000250,2013-08-16 21:43:17,2013-08-17 00:57:17,194.00
1376690005620000009,20000009,2013-08-16 22:53:25,2013-08-17 00:09:55,76.50
1376692888620000403,20000403,2013-08-16 23:41:28,2013-08-17 00:00:28,19.00
1376693157620000307,20000307,2013-08-16 23:45:57,2013-08-17 00:01:12,15.25
1376693229620000007,20000007,2013-08-16 23:47:09,2013-08-17 00:09:24,22.25
1376693278620000054,20000054,2013-08-16 23:47:58,2013-08-17 00:01:13,13.25
1376693327620000632,20000632,2013-08-16 23:48:47,2013-08-17 00:00:02,11.25
1376693332620000657,20000657,2013-08-16 23:48:52,2013-08-17 00:00:22,11.50
1376693378620000297,20000297,2013-08-16 23:49:38,2013-08-17 00:06:08,16.50
1376693412620000517,20000517,2013-08-16 23:50:12,2013-08-17 00:02:42,12.50
1376693420620000042,20000042,2013-08-16 23:50:20,2013-08-17 00:33:20,43.00
1376693477620000549,20000549,2013-08-16 23:51:17,2013-08-17 00:03:17,12.00
1376693580620000337,20000337,2013-08-16 23:53:00,2013-08-17 00:51:00,58.00
1376693582620000067,20000067,2013-08-16 23:53:02,2013-08-17 00:01:47,8.75
1376693583620000153,20000153,2013-08-16 23:53:03,2013-08-17 00:02:33,9.50
1376693609620000520,20000520,2013-08-16 23:53:29,2013-08-17 00:01:29,8.00
1376693612620000038,20000038,2013-08-16 23:53:32,2013-08-17 00:04:17,10.75
1376693615620000254,20000254,2013-08-16 23:53:35,2013-08-17 00:03:05,9.50
1376693629620000310,20000310,2013-08-16 23:53:49,2013-08-17 00:15:04,21.25
1376693634620000446,20000446,2013-08-16 23:53:54,2013-08-17 00:02:54,9.00
1376693719620000492,20000492,2013-08-16 23:55:19,2013-08-17 00:09:49,14.50
1376693723620000004,20000004,2013-08-16 23:55:23,2013-08-17 00:06:53,11.50
1376693760620000596,20000596,2013-08-16 23:56:00,2013-08-17 00:03:30,7.50
1376693776620000359,20000359,2013-08-16 23:56:16,2013-08-17 00:05:31,9.25
1376693780620000201,20000201,2013-08-16 23:56:20,2013-08-17 00:01:35,5.25
1376693828620000610,20000610,2013-08-16 23:57:08,2013-08-17 00:15:23,18.25
1376693837620000268,20000268,2013-08-16 23:57:17,2013-08-17 00:06:32,9.25
1376693843620000255,20000255,2013-08-16 23:57:23,2013-08-17 00:24:23,27.00
1376693843620000649,20000649,2013-08-16 23:57:23,2013-08-17 00:06:38,9.25
1376693879620000671,20000671,2013-08-16 23:57:59,2013-08-17 00:07:59,10.00
1376693916620000053,20000053,2013-08-16 23:58:36,2013-08-17 00:06:36,8.00
1376693946620000081,20000081,2013-08-16 23:59:06,2013-08-17 00:12:06,13.00
1376693952620000395,20000395,2013-08-16 23:59:12,2013-08-17 00:09:27,10.25
1376693959620000503,20000503,2013-08-16 23:59:19,2013-08-17 00:05:19,6.00
1376693965620000344,20000344,2013-08-16 23:59:25,2013-08-17 00:04:40,5.25
1376693975620000380,20000380,2013-08-16 23:59:35,2013-08-17 00:12:50,13.25
1376775911620000686,20000686,2013-08-17 22:45:11,2013-08-18 00:33:11,108.00
1376779498620000089,20000089,2013-08-17 23:44:58,2013-08-18 00:06:58,22.00
1376779596620000506,20000506,2013-08-17 23:46:36,2013-08-18 00:02:06,15.50
1376779721620000273,20000273,2013-08-17 23:48:41,2013-08-18 00:02:26,13.75
1376779722620000657,20000657,2013-08-17 23:48:42,2013-08-18 00:01:27,12.75
1376779867620000663,20000663,2013-08-17 23:51:07,2013-08-18 00:17:07,26.00
1376779949620000398,20000398,2013-08-17 23:52:29,2013-08-18 00:10:44,18.25
1376779955620000337,20000337,2013-08-17 23:52:35,2013-08-18 00:05:50,13.25
1376779978620000037,20000037,2013-08-17 23:52:58,2013-08-18 00:05:13,12.25
1376780008620000031,20000031,2013-08-17 23:53:28,2013-08-18 00:01:13,7.75
1376780019620000256,20000256,2013-08-17 23:53:39,2013-08-18 00:02:54,9.25
1376780027620000251,20000251,2013-08-17 23:53:47,2013-08-18 00:00:47,7.00
1376780044620000051,20000051,2013-08-17 23:54:04,2013-08-18 00:07:49,13.75
1376780070620000360,20000360,2013-08-17 23:54:30,2013-08-18 00:02:00,7.50
1376780091620000325,20000325,2013-08-17 23:54:51,2013-08-18 00:03:21,8.50
1376780096620000618,20000618,2013-08-17 23:54:56,2013-08-18 00:03:41,8.75
1376780110620000453,20000453,2013-08-17 23:55:10,2013-08-18 00:00:40,5.50
1376780120620000387,20000387,2013-08-17 23:55:20,2013-08-18 00:02:35,7.25
1376780120620000518,20000518,2013-08-17 23:55:20,2013-08-18 00:11:35,16.25
1376780134620000574,20000574,2013-08-17 23:55:34,2013-08-18 00:01:34,6.00
1376780152620000254,20000254,2013-08-17 23:55:52,2013-08-18 00:01:52,6.00
1376780155620000216,20000216,2013-08-17 23:55:55,2013-08-18 00:01:55,6.00
1376780186620000042,20000042,2013-08-17 23:56:26,2013-08-18 00:13:11,16.75
1376780198620000497,20000497,2013-08-17 23:56:38,2013-08-18 00:00:23,3.75
1376780200620000640,20000640,2013-08-17 23:56:40,2013-08-18 00:04:40,8.00
1376780204620000527,20000527,2013-08-17 23:56:44,2013-08-18 00:23:29,26.75
1376780254620000129,20000129,2013-08-17 23:57:34,2013-08-18 00:05:04,7.50
1376780282620000008,20000008,2013-08-17 23:58:02,2013-08-18 00:07:17,9.25
1376780376620000004,20000004,2013-08-17 23:59:36,2013-08-18 00:12:51,13.25
1376866164620000337,20000337,2013-08-18 23:49:24,2013-08-19 00:19:54,30.50
1376866187620000273,20000273,2013-08-18 23:49:47,2013-08-19 00:01:32,11.75
1376866220620000574,20000574,2013-08-18 23:50:20,2013-08-19 00:08:50,18.50
1376866406620000249,20000249,2013-08-18 23:53:26,2013-08-19 00:04:41,11.25
1376866504620000686,20000686,2013-08-18 23:55:04,2013-08-19 00:22:04,27.00
1376866632620000037,20000037,2013-08-18 23:57:12,2013-08-19 00:04:57,7.75
1376866670620000334,20000334,2013-08-18 23:57:50,2013-08-19 00:03:05,5.25
1376866682620000569,20000569,2013-08-18 23:58:02,2013-08-19 00:02:32,4.50
1376866686620000344,20000344,2013-08-18 23:58:06,2013-08-19 00:06:21,8.25
1376951082620000370,20000370,2013-08-19 23:24:42,2013-08-20 00:07:57,43.25
1376951459620000341,20000341,2013-08-19 23:30:59,2013-08-20 00:02:29,31.50
1376951479620000337,20000337,2013-08-19 23:31:19,2013-08-20 00:00:19,29.00
1376952246620000311,20000311,2013-08-19 23:44:06,2013-08-20 00:27:36,43.50
1376952290620000304,20000304,2013-08-19 23:44:50,2013-08-20 00:06:05,21.25
1376952505620000067,20000067,2013-08-19 23:48:25,2013-08-20 00:00:55,12.50
1376952590620000574,20000574,2013-08-19 23:49:50,2013-08-20 00:06:50,17.00
1376952595620000665,20000665,2013-08-19 23:49:55,2013-08-20 00:01:25,11.50
1376952661620000672,20000672,2013-08-19 23:51:01,2013-08-20 00:03:01,12.00
1376952827620000486,20000486,2013-08-19 23:53:47,2013-08-20 00:06:02,12.25
1376952911620000525,20000525,2013-08-19 23:55:11,2013-08-20 00:10:41,15.50
1376952934620000529,20000529,2013-08-19 23:55:34,2013-08-20 00:08:19,12.75
1376952944620000120,20000120,2013-08-19 23:55:44,2013-08-20 00:09:29,13.75
1376953021620000307,20000307,2013-08-19 23:57:01,2013-08-20 00:04:01,7.00
1376953023620000398,20000398,2013-08-19 23:57:03,2013-08-20 00:03:48,6.75
1376953035620000154,20000154,2013-08-19 23:57:15,2013-08-20 00:02:45,5.50
1376953039620000338,20000338,2013-08-19 23:57:19,2013-08-20 00:05:04,7.75
1376953060620000297,20000297,2013-08-19 23:57:40,2013-08-20 00:03:10,5.50
1376953188620000625,20000625,2013-08-19 23:59:48,2013-08-20 00:07:48,8.00
1377037668620000665,20000665,2013-08-20 23:27:48,2013-08-21 00:31:03,63.25
1377038159620000328,20000328,2013-08-20 23:35:59,2013-08-21 00:00:44,24.75
1377038309620000569,20000569,2013-08-20 23:38:29,2013-08-21 00:14:29,36.00
1377038786620000626,20000626,2013-08-20 23:46:26,2013-08-21 00:00:11,13.75
1377038788620000901,20000901,2013-08-20 23:46:28,2013-08-21 00:04:58,18.50
1377038856620000154,20000154,2013-08-20 23:47:36,2013-08-21 00:10:51,23.25
1377038967620000680,20000680,2013-08-20 23:49:27,2013-08-21 00:08:27,19.00
1377039039620000304,20000304,2013-08-20 23:50:39,2013-08-21 00:35:09,44.50
1377039054620000356,20000356,2013-08-20 23:50:54,2013-08-21 00:01:39,10.75
1377039230620000067,20000067,2013-08-20 23:53:50,2013-08-21 00:01:35,7.75
1377039237620000549,20000549,2013-08-20 23:53:57,2013-08-21 00:18:42,24.75
1377039245620000120,20000120,2013-08-20 23:54:05,2013-08-21 00:05:05,11.00
1377039270620000657,20000657,2013-08-20 23:54:30,2013-08-21 00:02:45,8.25
1377039272620000589,20000589,2013-08-20 23:54:32,2013-08-21 00:01:02,6.50
1377039317620000492,20000492,2013-08-20 23:55:17,2013-08-21 00:03:17,8.00
1377039323620000167,20000167,2013-08-20 23:55:23,2013-08-21 00:02:23,7.00
1377039341620000171,20000171,2013-08-20 23:55:41,2013-08-21 00:04:11,8.50
1377039443620000297,20000297,2013-08-20 23:57:23,2013-08-21 00:01:08,3.75
1377039462620000042,20000042,2013-08-20 23:57:42,2013-08-21 00:18:12,20.50
1377039501620000333,20000333,2013-08-20 23:58:21,2013-08-21 00:03:21,5.00
1377039528620000338,20000338,2013-08-20 23:58:48,2013-08-21 00:04:33,5.75
1377039551620000337,20000337,2013-08-20 23:59:11,2013-08-21 00:15:26,16.25
1377039570620000672,20000672,2013-08-20 23:59:30,2013-08-21 00:09:45,10.25
1377123777620000235,20000235,2013-08-21 23:22:57,2013-08-22 00:15:27,52.50
1377124908620000304,20000304,2013-08-21 23:41:48,2013-08-22 00:18:03,36.25
1377125159620000167,20000167,2013-08-21 23:45:59,2013-08-22 00:01:14,15.25
1377125382620000465,20000465,2013-08-21 23:49:42,2013-08-22 00:01:42,12.00
1377125617620000621,20000621,2013-08-21 23:53:37,2013-08-22 00:00:07,6.50
1377125624620000005,20000005,2013-08-21 23:53:44,2013-08-22 00:02:14,8.50
1377125730620000496,20000496,2013-08-21 23:55:30,2013-08-22 00:01:00,5.50
1377125763620000610,20000610,2013-08-21 23:56:03,2013-08-22 00:15:18,19.25
1377125771620000520,20000520,2013-08-21 23:56:11,2013-08-22 00:02:41,6.50
1377125771620000663,20000663,2013-08-21 23:56:11,2013-08-22 00:02:56,6.75
1377125851620000675,20000675,2013-08-21 23:57:31,2013-08-22 00:11:31,14.00
1377125853620000483,20000483,2013-08-21 23:57:33,2013-08-22 00:10:33,13.00
1377125862620000561,20000561,2013-08-21 23:57:42,2013-08-22 00:04:57,7.25
1377125879620000454,20000454,2013-08-21 23:57:59,2013-08-22 00:03:29,5.50
1377125907620000338,20000338,2013-08-21 23:58:27,2013-08-22 00:01:27,3.00
1377125912620000453,20000453,2013-08-21 23:58:32,2013-08-22 00:05:02,6.50
1377125921620000037,20000037,2013-08-21 23:58:41,2013-08-22 00:13:11,14.50
1377125975620000684,20000684,2013-08-21 23:59:35,2013-08-22 00:10:05,10.50
1377210750620000534,20000534,2013-08-22 23:32:30,2013-08-23 01:20:15,107.75
1377211289620000157,20000157,2013-08-22 23:41:29,2013-08-23 00:01:29,20.00
1377211401620000488,20000488,2013-08-22 23:43:21,2013-08-23 00:00:06,16.75
1377211626620000492,20000492,2013-08-22 23:47:06,2013-08-23 00:13:21,26.25
1377211643620000395,20000395,2013-08-22 23:47:23,2013-08-23 00:01:08,13.75
1377211732620000904,20000904,2013-08-22 23:48:52,2013-08-23 00:04:22,15.50
1377211865620000004,20000004,2013-08-22 23:51:05,2013-08-23 00:01:20,10.25
1377211865620000380,20000380,2013-08-22 23:51:05,2013-08-23 00:00:50,9.75
1377211866620000359,20000359,2013-08-22 23:51:06,2013-08-23 00:06:21,15.25
1377211875620000051,20000051,2013-08-22 23:51:15,2013-08-23 00:00:00,8.75
1377211959620000337,20000337,2013-08-22 23:52:39,2013-08-23 00:11:24,18.75
1377211981620000454,20000454,2013-08-22 23:53:01,2013-08-23 00:08:16,15.25
1377212033620000012,20000012,2013-08-22 23:53:53,2013-08-23 00:05:08,11.25
1377212080620000325,20000325,2013-08-22 23:54:40,2013-08-23 00:02:55,8.25
1377212084620000450,20000450,2013-08-22 23:54:44,2013-08-23 00:03:14,8.50
1377212101620000675,20000675,2013-08-22 23:55:01,2013-08-23 00:05:31,10.50
1377212147620000167,20000167,2013-08-22 23:55:47,2013-08-23 00:12:47,17.00
1377212176620000506,20000506,2013-08-22 23:56:16,2013-08-23 00:08:31,12.25
1377212224620000363,20000363,2013-08-22 23:57:04,2013-08-23 00:05:19,8.25
1377212308620000483,20000483,2013-08-22 23:58:28,2013-08-23 00:05:43,7.25
1377212314620000574,20000574,2013-08-22 23:58:34,2013-08-23 00:17:49,19.25
1377212328620000179,20000179,2013-08-22 23:58:48,2013-08-23 00:15:18,16.50
1377212337620000108,20000108,2013-08-22 23:58:57,2013-08-23 00:04:12,5.25
1377212358620000303,20000303,2013-08-22 23:59:18,2013-08-23 00:14:33,15.25
1377294129620000243,20000243,2013-08-23 22:42:09,2013-08-24 00:10:09,88.00
1377294701620000154,20000154,2013-08-23 22:51:41,2013-08-24 00:00:56,69.25
1377297619620000077,20000077,2013-08-23 23:40:19,2013-08-24 00:00:04,19.75
1377297865620000260,20000260,2013-08-23 23:44:25,2013-08-24 00:00:55,16.50
1377297952620000398,20000398,2013-08-23 23:45:52,2013-08-24 00:01:52,16.00
1377297959620000594,20000594,2013-08-23 23:45:59,2013-08-24 00:42:29,56.50
1377298047620000201,20000201,2013-08-23 23:47:27,2013-08-24 00:03:57,16.50
1377298063620000136,20000136,2013-08-23 23:47:43,2013-08-24 00:00:13,12.50
1377298252620000157,20000157,2013-08-23 23:50:52,2013-08-24 00:07:07,16.25
1377298307620000554,20000554,2013-08-23 23:51:47,2013-08-24 00:00:17,8.50
1377298321620000624,20000624,2013-08-23 23:52:01,2013-08-24 00:02:46,10.75
1377298324620000496,20000496,2013-08-23 23:52:04,2013-08-24 00:03:49,11.75
1377298328620000684,20000684,2013-08-23 23:52:08,2013-08-24 00:01:23,9.25
1377298347620000663,20000663,2013-08-23 23:52:27,2013-08-24 00:00:42,8.25
1377298378620000578,20000578,2013-08-23 23:52:58,2013-08-24 00:09:28,16.50
1377298389620000051,20000051,2013-08-23 23:53:09,2013-08-24 00:02:09,9.00
1377298398620000060,20000060,2013-08-23 23:53:18,2013-08-24 00:00:03,6.75
1377298403620000395,20000395,2013-08-23 23:53:23,2013-08-24 00:01:23,8.00
1377298451620000470,20000470,2013-08-23 23:54:11,2013-08-24 00:07:41,13.50
1377298458620000481,20000481,2013-08-23 23:54:18,2013-08-24 00:12:03,17.75
1377298492620000508,20000508,2013-08-23 23:54:52,2013-08-24 00:00:37,5.75
1377298514620000669,20000669,2013-08-23 23:55:14,2013-08-24 00:05:44,10.50
1377298548620000492,20000492,2013-08-23 23:55:48,2013-08-24 00:04:18,8.50
1377298585620000153,20000153,2013-08-23 23:56:25,2013-08-24 00:07:10,10.75
1377298619620000304,20000304,2013-08-23 23:56:59,2013-08-24 00:02:44,5.75
1377298651620000006,20000006,2013-08-23 23:57:31,2013-08-24 00:08:01,10.50
1377298656620000179,20000179,2013-08-23 23:57:36,2013-08-24 00:11:36,14.00
1377298662620000548,20000548,2013-08-23 23:57:42,2013-08-24 00:06:57,9.25
1377298670620000295,20000295,2013-08-23 23:57:50,2013-08-24 00:02:20,4.50
1377298677620000672,20000672,2013-08-23 23:57:57,2013-08-24 00:09:27,11.50
1377298685620000367,20000367,2013-08-23 23:58:05,2013-08-24 00:17:20,19.25
1377298697620000252,20000252,2013-08-23 23:58:17,2013-08-24 00:04:32,6.25
1377298700620000649,20000649,2013-08-23 23:58:20,2013-08-24 00:07:05,8.75
1377298703620000269,20000269,2013-08-23 23:58:23,2013-08-24 00:18:08,19.75
1377298716620000472,20000472,2013-08-23 23:58:36,2013-08-24 00:07:36,9.00
1377298724620000310,20000310,2013-08-23 23:58:44,2013-08-24 00:33:59,35.25
1377298775620000503,20000503,2013-08-23 23:59:35,2013-08-24 00:20:05,20.50
1377298791620000105,20000105,2013-08-23 23:59:51,2013-08-24 00:07:36,7.75
1377384481620000687,20000687,2013-08-24 23:48:01,2013-08-25 00:05:31,17.50
1377384485620000344,20000344,2013-08-24 23:48:05,2013-08-25 00:02:35,14.50
1377384518620000011,20000011,2013-08-24 23:48:38,2013-08-25 00:05:38,17.00
1377384595620000680,20000680,2013-08-24 23:49:55,2013-08-25 00:09:55,20.00
1377384598620000037,20000037,2013-08-24 23:49:58,2013-08-25 00:00:28,10.50
1377384616620000421,20000421,2013-08-24 23:50:16,2013-08-25 00:09:01,18.75
1377384625620000574,20000574,2013-08-24 23:50:25,2013-08-25 00:06:55,16.50
1377384678620000688,20000688,2013-08-24 23:51:18,2013-08-25 00:02:03,10.75
1377384682620000389,20000389,2013-08-24 23:51:22,2013-08-25 00:09:22,18.00
1377384740620000481,20000481,2013-08-24 23:52:20,2013-08-25 00:00:20,8.00
1377384757620000233,20000233,2013-08-24 23:52:37,2013-08-25 00:04:22,11.75
1377384771620000577,20000577,2013-08-24 23:52:51,2013-08-25 00:08:51,16.00
1377384836620000231,20000231,2013-08-24 23:53:56,2013-08-25 00:02:41,8.75
1377384847620000305,20000305,2013-08-24 23:54:07,2013-08-25 00:03:22,9.25
1377384863620000320,20000320,2013-08-24 23:54:23,2013-08-25 00:03:08,8.75
1377384889620000066,20000066,2013-08-24 23:54:49,2013-08-25 00:07:04,12.25
1377384912620000120,20000120,2013-08-24 23:55:12,2013-08-25 00:03:27,8.25
1377384936620000161,20000161,2013-08-24 23:55:36,2013-08-25 00:07:51,12.25
1377384945620000492,20000492,2013-08-24 23:55:45,2013-08-25 00:02:45,7.00
1377385011620000632,20000632,2013-08-24 23:56:51,2013-08-25 00:07:21,10.50
1377385016620000572,20000572,2013-08-24 23:56:56,2013-08-25 00:02:41,5.75
1377385020620000254,20000254,2013-08-24 23:57:00,2013-08-25 00:07:15,10.25
1377385036620000325,20000325,2013-08-24 23:57:16,2013-08-25 00:10:31,13.25
1377385045620000518,20000518,2013-08-24 23:57:25,2013-08-25 00:17:25,20.00
1377385055620000356,20000356,2013-08-24 23:57:35,2013-08-25 00:05:05,7.50
1377385066620000013,20000013,2013-08-24 23:57:46,2013-08-25 00:16:01,18.25
1377385102620000483,20000483,2013-08-24 23:58:22,2013-08-25 00:07:37,9.25
1377385124620000467,20000467,2013-08-24 23:58:44,2013-08-25 00:02:59,4.25
1377385143620000601,20000601,2013-08-24 23:59:03,2013-08-25 00:14:33,15.50
1377385190620000570,20000570,2013-08-24 23:59:50,2013-08-25 00:07:35,7.75
1377470483620000356,20000356,2013-08-25 23:41:23,2013-08-26 00:12:38,31.25
1377470537620000337,20000337,2013-08-25 23:42:17,2013-08-26 00:00:17,18.00
1377470850620000518,20000518,2013-08-25 23:47:30,2013-08-26 00:07:30,20.00
1377470877620000255,20000255,2013-08-25 23:47:57,2013-08-26 00:07:42,19.75
1377471062620000450,20000450,2013-08-25 23:51:02,2013-08-26 00:01:32,10.50
1377471272620000199,20000199,2013-08-25 23:54:32,2013-08-26 00:30:17,35.75
1377471301620000195,20000195,2013-08-25 23:55:01,2013-08-26 00:01:31,6.50
1377471337620000004,20000004,2013-08-25 23:55:37,2013-08-26 00:10:07,14.50
1377471374620000686,20000686,2013-08-25 23:56:14,2013-08-26 00:05:44,9.50
1377471394620000395,20000395,2013-08-25 23:56:34,2013-08-26 00:03:04,6.50
1377471395620000451,20000451,2013-08-25 23:56:35,2013-08-26 00:14:35,18.00
1377471398620000904,20000904,2013-08-25 23:56:38,2013-08-26 00:01:53,5.25
1377471442620000231,20000231,2013-08-25 23:57:22,2013-08-26 00:07:52,10.50
1377471466620000470,20000470,2013-08-25 23:57:46,2013-08-26 00:02:31,4.75
1377471474620000503,20000503,2013-08-25 23:57:54,2013-08-26 00:09:24,11.50
1377471503620000178,20000178,2013-08-25 23:58:23,2013-08-26 00:05:08,6.75
1377471504620000380,20000380,2013-08-25 23:58:24,2013-08-26 00:13:54,15.50
1377471571620000109,20000109,2013-08-25 23:59:31,2013-08-26 00:05:31,6.00
1377471571620000640,20000640,2013-08-25 23:59:31,2013-08-26 00:07:01,7.50
1377471577620000589,20000589,2013-08-25 23:59:37,2013-08-26 00:09:37,10.00
1377556710620000658,20000658,2013-08-26 23:38:30,2013-08-27 00:03:30,25.00
1377557246620000157,20000157,2013-08-26 23:47:26,2013-08-27 00:06:26,19.00
1377557523620000235,20000235,2013-08-26 23:52:03,2013-08-27 00:00:48,8.75
1377557531620000476,20000476,2013-08-26 23:52:11,2013-08-27 00:04:11,12.00
1377557572620000171,20000171,2013-08-26 23:52:52,2013-08-27 00:03:07,10.25
1377557572620000341,20000341,2013-08-26 23:52:52,2013-08-27 00:01:37,8.75
1377557603620000518,20000518,2013-08-26 23:53:23,2013-08-27 00:07:38,14.25
1377557660620000424,20000424,2013-08-26 23:54:20,2013-08-27 00:03:50,9.50
1377557689620000688,20000688,2013-08-26 23:54:49,2013-08-27 00:05:19,10.50
1377557732620000269,20000269,2013-08-26 23:55:32,2013-08-27 00:01:47,6.25
1377557799620000030,20000030,2013-08-26 23:56:39,2013-08-27 00:04:39,8.00
1377557833620000664,20000664,2013-08-26 23:57:13,2013-08-27 00:03:43,6.50
1377557850620000448,20000448,2013-08-26 23:57:30,2013-08-27 00:09:00,11.50
1377557865620000105,20000105,2013-08-26 23:57:45,2013-08-27 00:06:30,8.75
1377557880620000370,20000370,2013-08-26 23:58:00,2013-08-27 00:05:30,7.50
1377557906620000900,20000900,2013-08-26 23:58:26,2013-08-27 00:05:56,7.50
1377557926620000454,20000454,2013-08-26 23:58:46,2013-08-27 00:07:16,8.50
1377557929620000067,20000067,2013-08-26 23:58:49,2013-08-27 00:15:19,16.50
1377639393620000280,20000280,2013-08-27 22:36:33,2013-08-28 00:39:33,123.00
1377643247620000256,20000256,2013-08-27 23:40:47,2013-08-28 00:05:02,24.25
1377643810620000010,20000010,2013-08-27 23:50:10,2013-08-28 00:02:10,12.00
1377643837620000367,20000367,2013-08-27 23:50:37,2013-08-28 00:17:22,26.75
1377643920620000263,20000263,2013-08-27 23:52:00,2013-08-28 00:00:00,8.00
1377644045620000216,20000216,2013-08-27 23:54:05,2013-08-28 00:13:20,19.25
1377644045620000525,20000525,2013-08-27 23:54:05,2013-08-28 00:12:50,18.75
1377644062620000120,20000120,2013-08-27 23:54:22,2013-08-28 00:03:22,9.00
1377644092620000013,20000013,2013-08-27 23:54:52,2013-08-28 00:18:37,23.75
1377644272620000376,20000376,2013-08-27 23:57:52,2013-08-28 00:09:52,12.00
1377644279620000409,20000409,2013-08-27 23:57:59,2013-08-28 00:05:59,8.00
1377644395620000171,20000171,2013-08-27 23:59:55,2013-08-28 00:07:25,7.50
1377725922620000179,20000179,2013-08-28 22:38:42,2013-08-29 00:25:57,107.25
1377729638620000618,20000618,2013-08-28 23:40:38,2013-08-29 00:17:53,37.25
1377729684620000671,20000671,2013-08-28 23:41:24,2013-08-29 00:02:39,21.25
1377729902620000101,20000101,2013-08-28 23:45:02,2013-08-29 00:00:02,15.00
1377729955620000506,20000506,2013-08-28 23:45:55,2013-08-29 00:00:10,14.25
1377730073620000273,20000273,2013-08-28 23:47:53,2013-08-29 00:08:23,20.50
1377730116620000233,20000233,2013-08-28 23:48:36,2013-08-29 00:04:21,15.75
1377730152620000255,20000255,2013-08-28 23:49:12,2013-08-29 00:04:27,15.25
1377730225620000356,20000356,2013-08-28 23:50:25,2013-08-29 00:03:10,12.75
1377730243620000616,20000616,2013-08-28 23:50:43,2013-08-29 00:13:43,23.00
1377730507620000037,20000037,2013-08-28 23:55:07,2013-08-29 00:00:52,5.75
1377730530620000453,20000453,2013-08-28 23:55:30,2013-08-29 00:02:15,6.75
1377730611620000311,20000311,2013-08-28 23:56:51,2013-08-29 00:05:51,9.00
1377730631620000157,20000157,2013-08-28 23:57:11,2013-08-29 00:15:26,18.25
1377730631620000321,20000321,2013-08-28 23:57:11,2013-08-29 00:12:11,15.00
1377730659620000675,20000675,2013-08-28 23:57:39,2013-08-29 00:06:39,9.00
1377730686620000235,20000235,2013-08-28 23:58:06,2013-08-29 00:02:21,4.25
1377730715620000423,20000423,2013-08-28 23:58:35,2013-08-29 00:05:50,7.25
1377730766620000053,20000053,2013-08-28 23:59:26,2013-08-29 00:05:11,5.75
1377730773620000010,20000010,2013-08-28 23:59:33,2013-08-29 00:06:48,7.25
1377730791620000344,20000344,2013-08-28 23:59:51,2013-08-29 00:05:21,5.50
1377730791620000664,20000664,2013-08-28 23:59:51,2013-08-29 00:06:06,6.25
1377730795620000569,20000569,2013-08-28 23:59:55,2013-08-29 00:18:10,18.25
1377730799620000657,20000657,2013-08-28 23:59:59,2013-08-29 00:09:59,10.00
1377815858620000542,20000542,2013-08-29 23:37:38,2013-08-30 00:01:23,23.75
1377815926620000621,20000621,2013-08-29 23:38:46,2013-08-30 00:00:01,21.25
1377816303620000900,20000900,2013-08-29 23:45:03,2013-08-30 00:16:18,31.25
1377816406620000363,20000363,2013-08-29 23:46:46,2013-08-30 00:00:16,13.50
1377816600620000509,20000509,2013-08-29 23:50:00,2013-08-30 00:05:15,15.25
1377816623620000574,20000574,2013-08-29 23:50:23,2013-08-30 00:09:08,18.75
1377816623620000611,20000611,2013-08-29 23:50:23,2013-08-30 00:09:38,19.25
1377816638620000004,20000004,2013-08-29 23:50:38,2013-08-30 00:02:23,11.75
1377816808620000497,20000497,2013-08-29 23:53:28,2013-08-30 00:12:28,19.00
1377816812620000675,20000675,2013-08-29 23:53:32,2013-08-30 00:05:32,12.00
1377816837620000129,20000129,2013-08-29 23:53:57,2013-08-30 00:08:12,14.25
1377816843620000054,20000054,2013-08-29 23:54:03,2013-08-30 00:03:33,9.50
1377816863620000492,20000492,2013-08-29 23:54:23,2013-08-30 00:01:23,7.00
1377816907620000307,20000307,2013-08-29 23:55:07,2013-08-30 00:20:37,25.50
1377816930620000577,20000577,2013-08-29 23:55:30,2013-08-30 00:10:45,15.25
1377816943620000066,20000066,2013-08-29 23:55:43,2013-08-30 00:07:58,12.25
1377816986620000370,20000370,2013-08-29 23:56:26,2013-08-30 00:03:41,7.25
1377817004620000616,20000616,2013-08-29 23:56:44,2013-08-30 00:36:29,39.75
1377817019620000201,20000201,2013-08-29 23:56:59,2013-08-30 00:09:59,13.00
1377817020620000089,20000089,2013-08-29 23:57:00,2013-08-30 00:02:30,5.50
1377817037620000192,20000192,2013-08-29 23:57:17,2013-08-30 00:03:02,5.75
1377817081620000664,20000664,2013-08-29 23:58:01,2013-08-30 00:06:31,8.50
1377817105620000518,20000518,2013-08-29 23:58:25,2013-08-30 00:06:40,8.25
1377817121620000337,20000337,2013-08-29 23:58:41,2013-08-30 00:09:11,10.50
1377817157620000303,20000303,2013-08-29 23:59:17,2013-08-30 00:07:02,7.75
1377817168620000624,20000624,2013-08-29 23:59:28,2013-08-30 00:12:13,12.75
1377817178620000160,20000160,2013-08-29 23:59:38,2013-08-30 00:08:23,8.75
1377902129620000179,20000179,2013-08-30 23:35:29,2013-08-31 00:23:44,48.25
1377902506620000105,20000105,2013-08-30 23:41:46,2013-08-31 00:02:01,20.25
1377902535620000054,20000054,2013-08-30 23:42:15,2013-08-31 00:03:45,21.50
1377902623620000431,20000431,2013-08-30 23:43:43,2013-08-31 00:02:28,18.75
1377902958620000307,20000307,2013-08-30 23:49:18,2013-08-31 00:05:48,16.50
1377902971620000542,20000542,2013-08-30 23:49:31,2013-08-31 00:16:31,27.00
1377903039620000255,20000255,2013-08-30 23:50:39,2013-08-31 00:12:39,22.00
1377903235620000263,20000263,2013-08-30 23:53:55,2013-08-31 00:01:55,8.00
1377903244620000235,20000235,2013-08-30 23:54:04,2013-08-31 00:10:04,16.00
1377903265620000600,20000600,2013-08-30 23:54:25,2013-08-31 00:00:55,6.50
1377903268620000345,20000345,2013-08-30 23:54:28,2013-08-31 00:01:28,7.00
1377903275620000167,20000167,2013-08-30 23:54:35,2013-08-31 00:06:35,12.00
1377903276620000363,20000363,2013-08-30 23:54:36,2013-08-31 00:01:36,7.00
1377903289620000077,20000077,2013-08-30 23:54:49,2013-08-31 00:07:49,13.00
1377903303620000251,20000251,2013-08-30 23:55:03,2013-08-31 00:00:33,5.50
1377903381620000409,20000409,2013-08-30 23:56:21,2013-08-31 00:12:21,16.00
1377903382620000436,20000436,2013-08-30 23:56:22,2013-08-31 00:14:07,17.75
1377903384620000395,20000395,2013-08-30 23:56:24,2013-08-31 00:06:54,10.50
1377903385620000423,20000423,2013-08-30 23:56:25,2013-08-31 00:01:10,4.75
1377903420620000120,20000120,2013-08-30 23:57:00,2013-08-31 00:07:00,10.00
1377903435620000618,20000618,2013-08-30 23:57:15,2013-08-31 00:11:00,13.75
1377903489620000136,20000136,2013-08-30 23:58:09,2013-08-31 00:09:09,11.00
1377903503620000367,20000367,2013-08-30 23:58:23,2013-08-31 00:24:08,25.75
1377903522620000041,20000041,2013-08-30 23:58:42,2013-08-31 00:08:12,9.50
1377903540620000662,20000662,2013-08-30 23:59:00,2013-08-31 00:17:00,18.00
1377903545620000269,20000269,2013-08-30 23:59:05,2013-08-31 00:05:35,6.50
1377903553620000900,20000900,2013-08-30 23:59:13,2013-08-31 00:10:58,11.75
1377903583620000343,20000343,2013-08-30 23:59:43,2013-08-31 00:10:13,10.50
1377903599620000086,20000086,2013-08-30 23:59:59,2013-08-31 00:07:44,7.75
1377987284620000451,20000451,2013-08-31 23:14:44,2013-09-01 00:59:44,105.00
1377988402620000395,20000395,2013-08-31 23:33:22,2013-09-01 00:17:07,43.75
1377988621620000276,20000276,2013-08-31 23:37:01,2013-09-01 00:01:16,24.25
1377988651620000529,20000529,2013-08-31 23:37:31,2013-09-01 00:01:31,24.00
1377989460620000268,20000268,2013-08-31 23:51:00,2013-09-01 00:04:45,13.75
1377989472620000310,20000310,2013-08-31 23:51:12,2013-09-01 00:02:12,11.00
1377989517620000054,20000054,2013-08-31 23:51:57,2013-09-01 00:00:57,9.00
1377989549620000042,20000042,2013-08-31 23:52:29,2013-09-01 01:03:14,70.75
1377989576620000249,20000249,2013-08-31 23:52:56,2013-09-01 00:02:26,9.50
1377989597620000060,20000060,2013-08-31 23:53:17,2013-09-01 00:03:02,9.75
1377989622620000370,20000370,2013-08-31 23:53:42,2013-09-01 00:05:12,11.50
1377989625620000297,20000297,2013-08-31 23:53:45,2013-09-01 00:01:00,7.25
1377989661620000601,20000601,2013-08-31 23:54:21,2013-09-01 00:02:36,8.25
1377989670620000351,20000351,2013-08-31 23:54:30,2013-09-01 00:01:00,6.50
1377989673620000279,20000279,2013-08-31 23:54:33,2013-09-01 00:14:33,20.00
1377989695620000419,20000419,2013-08-31 23:54:55,2013-09-01 00:07:25,12.50
1377989716620000077,20000077,2013-08-31 23:55:16,2013-09-01 00:02:46,7.50
1377989757620000483,20000483,2013-08-31 23:55:57,2013-09-01 00:06:12,10.25
1377989831620000009,20000009,2013-08-31 23:57:11,2013-09-01 00:05:11,8.00
1377989842620000305,20000305,2013-08-31 23:57:22,2013-09-01 00:06:22,9.00
1377989898620000675,20000675,2013-08-31 23:58:18,2013-09-01 00:04:33,6.25
1377989906620000066,20000066,2013-08-31 23:58:26,2013-09-01 00:10:11,11.75
1377989982620000578,20000578,2013-08-31 23:59:42,2013-09-01 00:08:12,8.50
1377989995620000569,20000569,2013-08-31 23:59:55,2013-09-01 00:14:40,14.75
1377989996620000450,20000450,2013-08-31 23:59:56,2013-09-01 00:03:26,3.50
1378073450620000376,20000376,2013-09-01 23:10:50,2013-09-02 00:44:05,93.25
1378073465620000904,20000904,2013-09-01 23:11:05,2013-09-02 00:04:50,53.75
1378074263620000451,20000451,2013-09-01 23:24:23,2013-09-02 00:01:53,37.50
1378075128620000569,20000569,2013-09-01 23:38:48,2013-09-02 00:32:33,53.75
1378075494620000653,20000653,2013-09-01 23:44:54,2013-09-02 00:03:39,18.75
1378075557620000542,20000542,2013-09-01 23:45:57,2013-09-02 00:18:42,32.75
1378075574620000406,20000406,2013-09-01 23:46:14,2013-09-02 00:09:29,23.25
1378075801620000529,20000529,2013-09-01 23:50:01,2013-09-02 00:02:16,12.25
1378075866620000395,20000395,2013-09-01 23:51:06,2013-09-02 00:06:21,15.25
1378076093620000626,20000626,2013-09-01 23:54:53,2013-09-02 00:05:38,10.75
1378076124620000154,20000154,2013-09-01 23:55:24,2013-09-02 00:07:39,12.25
1378076129620000108,20000108,2013-09-01 23:55:29,2013-09-02 00:02:14,6.75
1378076151620000503,20000503,2013-09-01 23:55:51,2013-09-02 00:00:51,5.00
1378076155620000483,20000483,2013-09-01 23:55:55,2013-09-02 00:04:10,8.25
1378076222620000686,20000686,2013-09-01 23:57:02,2013-09-02 00:02:32,5.50
1378076237620000509,20000509,2013-09-01 23:57:17,2013-09-02 00:01:02,3.75
1378076251620000640,20000640,2013-09-01 23:57:31,2013-09-02 00:06:16,8.75
1378076256620000235,20000235,2013-09-01 23:57:36,2013-09-02 00:06:21,8.75
1378076265620000619,20000619,2013-09-01 23:57:45,2013-09-02 00:02:45,5.00
1378076309620000057,20000057,2013-09-01 23:58:29,2013-09-02 00:07:14,8.75
1378076330620000310,20000310,2013-09-01 23:58:50,2013-09-02 00:05:05,6.25
1378076337620000381,20000381,2013-09-01 23:58:57,2013-09-02 00:09:27,10.50
1378076340620000616,20000616,2013-09-01 23:59:00,2013-09-02 00:00:00,1.00
1378076352620000574,20000574,2013-09-01 23:59:12,2013-09-02 00:04:42,5.50
1378076355620000337,20000337,2013-09-01 23:59:15,2013-09-02 00:06:15,7.00
1378148725620000520,20000520,2013-09-02 20:05:25,2013-09-03 00:27:40,262.25
1378161537620000026,20000026,2013-09-02 23:38:57,2013-09-03 00:06:57,28.00
1378161969620000395,20000395,2013-09-02 23:46:09,2013-09-03 00:03:39,17.50
1378162036620000904,20000904,2013-09-02 23:47:16,2013-09-03 00:00:16,13.00
1378162058620000900,20000900,2013-09-02 23:47:38,2013-09-03 00:02:53,15.25
1378162085620000111,20000111,2013-09-02 23:48:05,2013-09-03 00:03:35,15.50
1378162109620000653,20000653,2013-09-02 23:48:29,2013-09-03 00:01:14,12.75
1378162172620000311,20000311,2013-09-02 23:49:32,2013-09-03 00:03:32,14.00
1378162253620000570,20000570,2013-09-02 23:50:53,2013-09-03 00:09:08,18.25
1378162259620000504,20000504,2013-09-02 23:50:59,2013-09-03 00:07:14,16.25
1378162299620000006,20000006,2013-09-02 23:51:39,2013-09-03 00:00:24,8.75
1378162334620000688,20000688,2013-09-02 23:52:14,2013-09-03 00:00:14,8.00
1378162364620000004,20000004,2013-09-02 23:52:44,2013-09-03 00:05:14,12.50
1378162435620000105,20000105,2013-09-02 23:53:55,2013-09-03 00:01:55,8.00
1378162439620000304,20000304,2013-09-02 23:53:59,2013-09-03 00:06:14,12.25
1378162572620000675,20000675,2013-09-02 23:56:12,2013-09-03 00:05:27,9.25
1378162737620000625,20000625,2013-09-02 23:58:57,2013-09-03 00:02:12,3.25
1378248457620000900,20000900,2013-09-03 23:47:37,2013-09-04 00:10:07,22.50
1378248625620000030,20000030,2013-09-03 23:50:25,2013-09-04 00:03:55,13.50
1378248651620000450,20000450,2013-09-03 23:50:51,2013-09-04 00:04:36,13.75
1378248747620000197,20000197,2013-09-03 23:52:27,2013-09-04 00:02:27,10.00
1378248754620000664,20000664,2013-09-03 23:52:34,2013-09-04 00:00:19,7.75
1378248772620000338,20000338,2013-09-03 23:52:52,2013-09-04 00:09:52,17.00
1378248858620000529,20000529,2013-09-03 23:54:18,2013-09-04 00:02:03,7.75
1378248868620000395,20000395,2013-09-03 23:54:28,2013-09-04 00:13:58,19.50
1378248961620000344,20000344,2013-09-03 23:56:01,2013-09-04 00:00:46,4.75
1378249086620000310,20000310,2013-09-03 23:58:06,2013-09-04 00:04:21,6.25
1378249112620000518,20000518,2013-09-03 23:58:32,2013-09-04 00:17:17,18.75
1378249125620000356,20000356,2013-09-03 23:58:45,2013-09-04 00:05:00,6.25
1378249126620000250,20000250,2013-09-03 23:58:46,2013-09-04 00:06:16,7.50
1378249190620000108,20000108,2013-09-03 23:59:50,2013-09-04 00:10:50,11.00
1378249194620000112,20000112,2013-09-03 23:59:54,2013-09-04 00:03:54,4.00
1378333549620000497,20000497,2013-09-04 23:25:49,2013-09-05 00:06:49,41.00
1378335065620000388,20000388,2013-09-04 23:51:05,2013-09-05 00:10:20,19.25
1378335117620000372,20000372,2013-09-04 23:51:57,2013-09-05 00:03:42,11.75
1378335120620000518,20000518,2013-09-04 23:52:00,2013-09-05 00:04:45,12.75
1378335159620000370,20000370,2013-09-04 23:52:39,2013-09-05 00:09:09,16.50
1378335177620000167,20000167,2013-09-04 23:52:57,2013-09-05 00:02:27,9.50
1378335199620000310,20000310,2013-09-04 23:53:19,2013-09-05 00:05:19,12.00
1378335219620000612,20000612,2013-09-04 23:53:39,2013-09-05 00:02:09,8.50
1378335274620000196,20000196,2013-09-04 23:54:34,2013-09-05 00:04:19,9.75
1378335281620000589,20000589,2013-09-04 23:54:41,2013-09-05 00:00:41,6.00
1378335372620000618,20000618,2013-09-04 23:56:12,2013-09-05 00:01:57,5.75
1378335376620000601,20000601,2013-09-04 23:56:16,2013-09-05 00:05:46,9.50
1378335399620000022,20000022,2013-09-04 23:56:39,2013-09-05 00:07:24,10.75
1378335532620000446,20000446,2013-09-04 23:58:52,2013-09-05 00:17:22,18.50
1378335558620000616,20000616,2013-09-04 23:59:18,2013-09-05 00:19:03,19.75
1378335594620000684,20000684,2013-09-04 23:59:54,2013-09-05 00:11:24,11.50
1378416626620000171,20000171,2013-09-05 22:30:26,2013-09-06 01:22:56,172.50
1378421341620000345,20000345,2013-09-05 23:49:01,2013-09-06 00:03:16,14.25
1378421364620000233,20000233,2013-09-05 23:49:24,2013-09-06 00:05:24,16.00
1378421440620000037,20000037,2013-09-05 23:50:40,2013-09-06 00:02:10,11.50
1378421468620000325,20000325,2013-09-05 23:51:08,2013-09-06 00:03:38,12.50
1378421496620000476,20000476,2013-09-05 23:51:36,2013-09-06 00:05:51,14.25
1378421559620000216,20000216,2013-09-05 23:52:39,2013-09-06 00:02:54,10.25
1378421601620000529,20000529,2013-09-05 23:53:21,2013-09-06 00:01:21,8.00
1378421670620000337,20000337,2013-09-05 23:54:30,2013-09-06 00:05:00,10.50
1378421682620000618,20000618,2013-09-05 23:54:42,2013-09-06 00:03:12,8.50
1378421711620000662,20000662,2013-09-05 23:55:11,2013-09-06 00:05:11,10.00
1378421714620000080,20000080,2013-09-05 23:55:14,2013-09-06 00:05:29,10.25
1378421799620000010,20000010,2013-09-05 23:56:39,2013-09-06 00:03:54,7.25
1378421860620000509,20000509,2013-09-05 23:57:40,2013-09-06 00:13:40,16.00
1378421883620000621,20000621,2013-09-05 23:58:03,2013-09-06 00:08:18,10.25
1378507466620000311,20000311,2013-09-06 23:44:26,2013-09-07 00:03:41,19.25
1378507539620000483,20000483,2013-09-06 23:45:39,2013-09-07 00:05:39,20.00
1378507552620000574,20000574,2013-09-06 23:45:52,2013-09-07 00:27:37,41.75
1378507687620000031,20000031,2013-09-06 23:48:07,2013-09-07 00:00:37,12.50
1378507719620000372,20000372,2013-09-06 23:48:39,2013-09-07 00:00:39,12.00
1378507835620000343,20000343,2013-09-06 23:50:35,2013-09-07 00:00:05,9.50
1378507884620000108,20000108,2013-09-06 23:51:24,2013-09-07 00:11:39,20.25
1378507886620000671,20000671,2013-09-06 23:51:26,2013-09-07 00:03:11,11.75
1378507897620000136,20000136,2013-09-06 23:51:37,2013-09-07 00:01:52,10.25
1378507912620000370,20000370,2013-09-06 23:51:52,2013-09-07 00:02:07,10.25
1378507924620000067,20000067,2013-09-06 23:52:04,2013-09-07 00:12:19,20.25
1378507927620000406,20000406,2013-09-06 23:52:07,2013-09-07 00:50:22,58.25
1378507954620000188,20000188,2013-09-06 23:52:34,2013-09-07 00:06:49,14.25
1378507960620000446,20000446,2013-09-06 23:52:40,2013-09-07 00:05:40,13.00
1378508003620000541,20000541,2013-09-06 23:53:23,2013-09-07 00:06:23,13.00
1378508038620000254,20000254,2013-09-06 23:53:58,2013-09-07 00:04:43,10.75
1378508061620000497,20000497,2013-09-06 23:54:21,2013-09-07 00:08:51,14.50
1378508079620000252,20000252,2013-09-06 23:54:39,2013-09-07 00:00:24,5.75
1378508081620000045,20000045,2013-09-06 23:54:41,2013-09-07 00:05:26,10.75
1378508127620000112,20000112,2013-09-06 23:55:27,2013-09-07 00:02:42,7.25
1378508137620000472,20000472,2013-09-06 23:55:37,2013-09-07 00:02:22,6.75
1378508142620000520,20000520,2013-09-06 23:55:42,2013-09-07 00:07:12,11.50
1378508152620000492,20000492,2013-09-06 23:55:52,2013-09-07 00:07:37,11.75
1378508203620000591,20000591,2013-09-06 23:56:43,2013-09-07 00:05:43,9.00
1378508288620000154,20000154,2013-09-06 23:58:08,2013-09-07 00:04:38,6.50
1378508319620000569,20000569,2013-09-06 23:58:39,2013-09-07 00:38:09,39.50
1378508335620000554,20000554,2013-09-06 23:58:55,2013-09-07 00:14:25,15.50
1378508338620000303,20000303,2013-09-06 23:58:58,2013-09-07 00:04:58,6.00
1378508361620000665,20000665,2013-09-06 23:59:21,2013-09-07 00:02:06,2.75
1378508377620000640,20000640,2013-09-06 23:59:37,2013-09-07 00:08:07,8.50
1378593303620000372,20000372,2013-09-07 23:35:03,2013-09-08 00:08:18,33.25
1378593755620000668,20000668,2013-09-07 23:42:35,2013-09-08 00:37:20,54.75
1378593930620000421,20000421,2013-09-07 23:45:30,2013-09-08 00:06:15,20.75
1378594004620000419,20000419,2013-09-07 23:46:44,2013-09-08 00:26:14,39.50
1378594016620000179,20000179,2013-09-07 23:46:56,2013-09-08 00:02:11,15.25
1378594133620000518,20000518,2013-09-07 23:48:53,2013-09-08 00:02:53,14.00
1378594135620000612,20000612,2013-09-07 23:48:55,2013-09-08 00:02:55,14.00
1378594182620000010,20000010,2013-09-07 23:49:42,2013-09-08 00:01:42,12.00
1378594218620000256,20000256,2013-09-07 23:50:18,2013-09-08 00:02:18,12.00
1378594247620000665,20000665,2013-09-07 23:50:47,2013-09-08 00:13:02,22.25
1378594286620000276,20000276,2013-09-07 23:51:26,2013-09-08 00:02:26,11.00
1378594381620000129,20000129,2013-09-07 23:53:01,2013-09-08 00:05:01,12.00
1378594388620000195,20000195,2013-09-07 23:53:08,2013-09-08 00:00:53,7.75
1378594413620000105,20000105,2013-09-07 23:53:33,2013-09-08 00:02:33,9.00
1378594522620000324,20000324,2013-09-07 23:55:22,2013-09-08 00:08:52,13.50
1378594542620000520,20000520,2013-09-07 23:55:42,2013-09-08 00:04:57,9.25
1378594543620000662,20000662,2013-09-07 23:55:43,2013-09-08 00:23:43,28.00
1378594557620000472,20000472,2013-09-07 23:55:57,2013-09-08 00:16:57,21.00
1378594560620000591,20000591,2013-09-07 23:56:00,2013-09-08 00:09:00,13.00
1378594562620000054,20000054,2013-09-07 23:56:02,2013-09-08 00:04:17,8.25
1378594563620000245,20000245,2013-09-07 23:56:03,2013-09-08 00:17:18,21.25
1378594578620000304,20000304,2013-09-07 23:56:18,2013-09-08 00:09:33,13.25
1378594592620000006,20000006,2013-09-07 23:56:32,2013-09-08 00:05:32,9.00
1378594606620000320,20000320,2013-09-07 23:56:46,2013-09-08 00:01:46,5.00
1378594642620000451,20000451,2013-09-07 23:57:22,2013-09-08 00:04:22,7.00
1378594681620000509,20000509,2013-09-07 23:58:01,2013-09-08 00:06:16,8.25
1378594710620000473,20000473,2013-09-07 23:58:30,2013-09-08 00:05:15,6.75
1378594713620000688,20000688,2013-09-07 23:58:33,2013-09-08 00:05:03,6.50
1378594714620000624,20000624,2013-09-07 23:58:34,2013-09-08 00:05:04,6.50
1378594723620000453,20000453,2013-09-07 23:58:43,2013-09-08 00:06:58,8.25
1378594738620000492,20000492,2013-09-07 23:58:58,2013-09-08 00:04:43,5.75
1378594765620000392,20000392,2013-09-07 23:59:25,2013-09-08 00:03:55,4.50
1378594770620000120,20000120,2013-09-07 23:59:30,2013-09-08 00:05:30,6.00
1378594776620000157,20000157,2013-09-07 23:59:36,2013-09-08 00:14:06,14.50
1378594780620000066,20000066,2013-09-07 23:59:40,2013-09-08 00:13:40,14.00
1378675977620000376,20000376,2013-09-08 22:32:57,2013-09-09 00:53:42,140.75
1378678230620000617,20000617,2013-09-08 23:10:30,2013-09-09 00:25:30,75.00
1378678798620000465,20000465,2013-09-08 23:19:58,2013-09-09 00:04:28,44.50
1378680029620000009,20000009,2013-09-08 23:40:29,2013-09-09 00:40:44,60.25
1378680601620000101,20000101,2013-09-08 23:50:01,2013-09-09 00:05:31,15.50
1378680628620000337,20000337,2013-09-08 23:50:28,2013-09-09 00:05:43,15.25
1378680628620000359,20000359,2013-09-08 23:50:28,2013-09-09 00:02:43,12.25
1378680660620000007,20000007,2013-09-08 23:51:00,2013-09-09 00:03:45,12.75
1378680704620000569,20000569,2013-09-08 23:51:44,2013-09-09 00:01:44,10.00
1378680927620000430,20000430,2013-09-08 23:55:27,2013-09-09 00:02:57,7.50
1378681029620000504,20000504,2013-09-08 23:57:09,2013-09-09 00:05:24,8.25
1378681087620000653,20000653,2013-09-08 23:58:07,2013-09-09 00:06:07,8.00
1378681125620000307,20000307,2013-09-08 23:58:45,2013-09-09 00:11:15,12.50
1378681146620000245,20000245,2013-09-08 23:59:06,2013-09-09 00:02:06,3.00
1378681192620000360,20000360,2013-09-08 23:59:52,2013-09-09 00:12:07,12.25
1378766562620000231,20000231,2013-09-09 23:42:42,2013-09-10 00:03:57,21.25
1378766622620000616,20000616,2013-09-09 23:43:42,2013-09-10 00:04:42,21.00
1378766872620000307,20000307,2013-09-09 23:47:52,2013-09-10 00:01:37,13.75
1378766944620000610,20000610,2013-09-09 23:49:04,2013-09-10 00:00:19,11.25
1378766955620000435,20000435,2013-09-09 23:49:15,2013-09-10 00:10:00,20.75
1378767136620000252,20000252,2013-09-09 23:52:16,2013-09-10 00:07:16,15.00
1378767142620000268,20000268,2013-09-09 23:52:22,2013-09-10 00:16:37,24.25
1378767144620000269,20000269,2013-09-09 23:52:24,2013-09-10 00:00:24,8.00
1378767170620000216,20000216,2013-09-09 23:52:50,2013-09-10 00:09:50,17.00
1378767243620000304,20000304,2013-09-09 23:54:03,2013-09-10 00:02:18,8.25
1378767255620000233,20000233,2013-09-09 23:54:15,2013-09-10 00:01:45,7.50
1378767324620000473,20000473,2013-09-09 23:55:24,2013-09-10 00:06:24,11.00
1378767333620000108,20000108,2013-09-09 23:55:33,2013-09-10 00:02:18,6.75
1378767390620000367,20000367,2013-09-09 23:56:30,2013-09-10 00:00:00,3.50
1378767430620000334,20000334,2013-09-09 23:57:10,2013-09-10 00:08:55,11.75
1378767517620000005,20000005,2013-09-09 23:58:37,2013-09-10 00:04:37,6.00
1378767548620000625,20000625,2013-09-09 23:59:08,2013-09-10 00:13:53,14.75
1378767595620000308,20000308,2013-09-09 23:59:55,2013-09-10 00:17:55,18.00
1378853248620000520,20000520,2013-09-10 23:47:28,2013-09-11 00:01:43,14.25
1378853450620000337,20000337,2013-09-10 23:50:50,2013-09-11 00:08:05,17.25
1378853459620000311,20000311,2013-09-10 23:50:59,2013-09-11 00:07:59,17.00
1378853509620000436,20000436,2013-09-10 23:51:49,2013-09-11 00:25:19,33.50
1378853603620000345,20000345,2013-09-10 23:53:23,2013-09-11 00:42:23,49.00
1378853658620000216,20000216,2013-09-10 23:54:18,2013-09-11 00:07:33,13.25
1378853660620000304,20000304,2013-09-10 23:54:20,2013-09-11 00:01:35,7.25
1378853734620000589,20000589,2013-09-10 23:55:34,2013-09-11 00:04:19,8.75
1378853748620000665,20000665,2013-09-10 23:55:48,2013-09-11 00:01:48,6.00
1378853819620000387,20000387,2013-09-10 23:56:59,2013-09-11 00:32:59,36.00
1378853867620000395,20000395,2013-09-10 23:57:47,2013-09-11 00:06:02,8.25
1378853900620000664,20000664,2013-09-10 23:58:20,2013-09-11 00:00:50,2.50
1378853919620000010,20000010,2013-09-10 23:58:39,2013-09-11 00:07:54,9.25
1378853920620000252,20000252,2013-09-10 23:58:40,2013-09-11 00:08:25,9.75
1378853977620000120,20000120,2013-09-10 23:59:37,2013-09-11 00:05:52,6.25
1378931764620000014,20000014,2013-09-11 21:36:04,2013-09-12 01:14:04,218.00
1378936488620000009,20000009,2013-09-11 22:54:48,2013-09-12 00:12:03,77.25
1378939747620000901,20000901,2013-09-11 23:49:07,2013-09-12 00:04:22,15.25
1378939798620000108,20000108,2013-09-11 23:49:58,2013-09-12 00:01:13,11.25
1378939909620000514,20000514,2013-09-11 23:51:49,2013-09-12 00:04:49,13.00
1378939938620000057,20000057,2013-09-11 23:52:18,2013-09-12 00:07:03,14.75
1378939944620000308,20000308,2013-09-11 23:52:24,2013-09-12 00:06:54,14.50
1378940041620000367,20000367,2013-09-11 23:54:01,2013-09-12 00:01:01,7.00
1378940051620000665,20000665,2013-09-11 23:54:11,2013-09-12 00:12:41,18.50
1378940072620000376,20000376,2013-09-11 23:54:32,2013-09-12 00:17:02,22.50
1378940149620000005,20000005,2013-09-11 23:55:49,2013-09-12 00:04:04,8.25
1378940151620000157,20000157,2013-09-11 23:55:51,2013-09-12 00:04:36,8.75
1378940157620000269,20000269,2013-09-11 23:55:57,2013-09-12 00:15:27,19.50
1378940180620000105,20000105,2013-09-11 23:56:20,2013-09-12 00:03:05,6.75
1378940215620000476,20000476,2013-09-11 23:56:55,2013-09-12 00:02:10,5.25
1378940314620000503,20000503,2013-09-11 23:58:34,2013-09-12 00:01:34,3.00
1378940322620000310,20000310,2013-09-11 23:58:42,2013-09-12 00:04:12,5.50
1378940341620000472,20000472,2013-09-11 23:59:01,2013-09-12 00:06:46,7.75
1378940376620000653,20000653,2013-09-11 23:59:36,2013-09-12 00:06:36,7.00
1379024958620000004,20000004,2013-09-12 23:29:18,2013-09-13 00:06:48,37.50
1379025488620000497,20000497,2013-09-12 23:38:08,2013-09-13 00:00:53,22.75
1379025709620000252,20000252,2013-09-12 23:41:49,2013-09-13 00:04:19,22.50
1379025727620000611,20000611,2013-09-12 23:42:07,2013-09-13 00:06:37,24.50
1379025782620000160,20000160,2013-09-12 23:43:02,2013-09-13 00:11:47,28.75
1379025837620000574,20000574,2013-09-12 23:43:57,2013-09-13 00:04:42,20.75
1379025912620000446,20000446,2013-09-12 23:45:12,2013-09-13 00:04:42,19.50
1379026068620000430,20000430,2013-09-12 23:47:48,2013-09-13 00:01:18,13.50
1379026252620000388,20000388,2013-09-12 23:50:52,2013-09-13 00:07:52,17.00
1379026382620000569,20000569,2013-09-12 23:53:02,2013-09-13 00:03:32,10.50
1379026390620000364,20000364,2013-09-12 23:53:10,2013-09-13 00:01:10,8.00
1379026390620000632,20000632,2013-09-12 23:53:10,2013-09-13 00:06:40,13.50
1379026397620000108,20000108,2013-09-12 23:53:17,2013-09-13 00:03:32,10.25
1379026432620000192,20000192,2013-09-12 23:53:52,2013-09-13 00:08:52,15.00
1379026529620000649,20000649,2013-09-12 23:55:29,2013-09-13 00:04:59,9.50
1379026535620000903,20000903,2013-09-12 23:55:35,2013-09-13 00:01:20,5.75
1379026570620000359,20000359,2013-09-12 23:56:10,2013-09-13 00:00:40,4.50
1379026574620000463,20000463,2013-09-12 23:56:14,2013-09-13 00:05:44,9.50
1379026580620000011,20000011,2013-09-12 23:56:20,2013-09-13 00:04:20,8.00
1379026594620000320,20000320,2013-09-12 23:56:34,2013-09-13 00:05:49,9.25
1379026606620000387,20000387,2013-09-12 23:56:46,2013-09-13 00:05:01,8.25
1379026622620000571,20000571,2013-09-12 23:57:02,2013-09-13 00:11:02,14.00
1379026655620000520,20000520,2013-09-12 23:57:35,2013-09-13 00:08:50,11.25
1379026728620000600,20000600,2013-09-12 23:58:48,2013-09-13 00:12:18,13.50
1379026754620000675,20000675,2013-09-12 23:59:14,2013-09-13 00:07:29,8.25
1379026771620000325,20000325,2013-09-12 23:59:31,2013-09-13 00:05:46,6.25
1379108876620000486,20000486,2013-09-13 22:47:56,2013-09-14 01:14:41,146.75
1379109952620000902,20000902,2013-09-13 23:05:52,2013-09-14 01:40:07,154.25
1379111735620000307,20000307,2013-09-13 23:35:35,2013-09-14 00:00:50,25.25
1379112182620000297,20000297,2013-09-13 23:43:02,2013-09-14 00:00:02,17.00
1379112196620000136,20000136,2013-09-13 23:43:16,2013-09-14 00:05:31,22.25
1379112529620000011,20000011,2013-09-13 23:48:49,2013-09-14 00:17:34,28.75
1379112570620000488,20000488,2013-09-13 23:49:30,2013-09-14 00:01:00,11.50
1379112629620000430,20000430,2013-09-13 23:50:29,2013-09-14 00:02:44,12.25
1379112630620000320,20000320,2013-09-13 23:50:30,2013-09-14 00:01:00,10.50
1379112633620000120,20000120,2013-09-13 23:50:33,2013-09-14 00:02:18,11.75
1379112677620000424,20000424,2013-09-13 23:51:17,2013-09-14 00:00:32,9.25
1379112744620000041,20000041,2013-09-13 23:52:24,2013-09-14 00:03:24,11.00
1379112750620000008,20000008,2013-09-13 23:52:30,2013-09-14 00:06:00,13.50
1379112752620000506,20000506,2013-09-13 23:52:32,2013-09-14 00:01:32,9.00
1379112754620000548,20000548,2013-09-13 23:52:34,2013-09-14 00:01:34,9.00
1379112814620000311,20000311,2013-09-13 23:53:34,2013-09-14 00:07:34,14.00
1379112825620000112,20000112,2013-09-13 23:53:45,2013-09-14 00:05:15,11.50
1379112841620000343,20000343,2013-09-13 23:54:01,2013-09-14 00:00:16,6.25
1379112848620000520,20000520,2013-09-13 23:54:08,2013-09-14 00:02:38,8.50
1379112861620000022,20000022,2013-09-13 23:54:21,2013-09-14 00:11:21,17.00
1379112864620000154,20000154,2013-09-13 23:54:24,2013-09-14 00:16:54,22.50
1379112876620000574,20000574,2013-09-13 23:54:36,2013-09-14 00:03:36,9.00
1379112886620000216,20000216,2013-09-13 23:54:46,2013-09-14 00:12:31,17.75
1379112956620000256,20000256,2013-09-13 23:55:56,2013-09-14 00:05:56,10.00
1379113025620000105,20000105,2013-09-13 23:57:05,2013-09-14 00:11:50,14.75
1379113066620000101,20000101,2013-09-13 23:57:46,2013-09-14 00:20:46,23.00
1379113070620000601,20000601,2013-09-13 23:57:50,2013-09-14 00:07:20,9.50
1379113071620000303,20000303,2013-09-13 23:57:51,2013-09-14 00:02:06,4.25
1379113103620000310,20000310,2013-09-13 23:58:23,2013-09-14 00:06:23,8.00
1379113132620000268,20000268,2013-09-13 23:58:52,2013-09-14 00:11:37,12.75
1379113136620000243,20000243,2013-09-13 23:58:56,2013-09-14 00:10:41,11.75
1379113142620000254,20000254,2013-09-13 23:59:02,2013-09-14 00:06:02,7.00
1379113149620000153,20000153,2013-09-13 23:59:09,2013-09-14 00:12:39,13.50
1379113156620000242,20000242,2013-09-13 23:59:16,2013-09-14 00:09:31,10.25
1379113167620000578,20000578,2013-09-13 23:59:27,2013-09-14 00:03:42,4.25
1379113175620000173,20000173,2013-09-13 23:59:35,2013-09-14 00:09:50,10.25
1379194552620000345,20000345,2013-09-14 22:35:52,2013-09-15 00:22:37,106.75
1379196416620000171,20000171,2013-09-14 23:06:56,2013-09-15 00:07:11,60.25
1379196858620000513,20000513,2013-09-14 23:14:18,2013-09-15 00:13:03,58.75
1379197248620000675,20000675,2013-09-14 23:20:48,2013-09-15 00:00:48,40.00
1379198599620000577,20000577,2013-09-14 23:43:19,2013-09-15 00:01:34,18.25
1379198706620000305,20000305,2013-09-14 23:45:06,2013-09-15 00:01:51,16.75
1379198793620000157,20000157,2013-09-14 23:46:33,2013-09-15 00:06:33,20.00
1379198807620000621,20000621,2013-09-14 23:46:47,2013-09-15 00:04:32,17.75
1379198813620000453,20000453,2013-09-14 23:46:53,2013-09-15 00:09:23,22.50
1379198825620000671,20000671,2013-09-14 23:47:05,2013-09-15 00:00:20,13.25
1379198846620000129,20000129,2013-09-14 23:47:26,2013-09-15 00:02:41,15.25
1379198915620000612,20000612,2013-09-14 23:48:35,2013-09-15 00:04:35,16.00
1379198937620000347,20000347,2013-09-14 23:48:57,2013-09-15 00:01:42,12.75
1379198964620000549,20000549,2013-09-14 23:49:24,2013-09-15 00:06:39,17.25
1379198967620000686,20000686,2013-09-14 23:49:27,2013-09-15 00:05:57,16.50
1379198989620000651,20000651,2013-09-14 23:49:49,2013-09-15 00:17:04,27.25
1379199022620000351,20000351,2013-09-14 23:50:22,2013-09-15 00:18:37,28.25
1379199026620000310,20000310,2013-09-14 23:50:26,2013-09-15 00:02:26,12.00
1379199057620000901,20000901,2013-09-14 23:50:57,2013-09-15 00:06:27,15.50
1379199084620000591,20000591,2013-09-14 23:51:24,2013-09-15 00:16:54,25.50
1379199120620000454,20000454,2013-09-14 23:52:00,2013-09-15 00:10:00,18.00
1379199129620000285,20000285,2013-09-14 23:52:09,2013-09-15 00:04:24,12.25
1379199152620000112,20000112,2013-09-14 23:52:32,2013-09-15 00:01:47,9.25
1379199152620000506,20000506,2013-09-14 23:52:32,2013-09-15 00:02:32,10.00
1379199158620000492,20000492,2013-09-14 23:52:38,2013-09-15 00:02:23,9.75
1379199162620000421,20000421,2013-09-14 23:52:42,2013-09-15 00:08:12,15.50
1379199177620000571,20000571,2013-09-14 23:52:57,2013-09-15 00:03:27,10.50
1379199197620000598,20000598,2013-09-14 23:53:17,2013-09-15 00:25:32,32.25
1379199201620000004,20000004,2013-09-14 23:53:21,2013-09-15 00:03:06,9.75
1379199212620000249,20000249,2013-09-14 23:53:32,2013-09-15 00:05:02,11.50
1379199233620000120,20000120,2013-09-14 23:53:53,2013-09-15 00:06:23,12.50
1379199243620000617,20000617,2013-09-14 23:54:03,2013-09-15 00:15:48,21.75
1379199284620000687,20000687,2013-09-14 23:54:44,2013-09-15 00:28:44,34.00
1379199290620000333,20000333,2013-09-14 23:54:50,2013-09-15 00:13:20,18.50
1379199296620000256,20000256,2013-09-14 23:54:56,2013-09-15 00:03:41,8.75
1379199325620000344,20000344,2013-09-14 23:55:25,2013-09-15 00:06:55,11.50
1379199336620000042,20000042,2013-09-14 23:55:36,2013-09-15 00:08:21,12.75
1379199355620000359,20000359,2013-09-14 23:55:55,2013-09-15 00:02:25,6.50
1379199378620000337,20000337,2013-09-14 23:56:18,2013-09-15 00:04:18,8.00
1379199387620000216,20000216,2013-09-14 23:56:27,2013-09-15 00:09:12,12.75
1379199401620000192,20000192,2013-09-14 23:56:41,2013-09-15 00:05:26,8.75
1379199404620000570,20000570,2013-09-14 23:56:44,2013-09-15 00:10:59,14.25
1379199412620000482,20000482,2013-09-14 23:56:52,2013-09-15 00:05:22,8.50
1379199452620000179,20000179,2013-09-14 23:57:32,2013-09-15 00:07:32,10.00
1379199467620000066,20000066,2013-09-14 23:57:47,2013-09-15 00:09:47,12.00
1379199470620000529,20000529,2013-09-14 23:57:50,2013-09-15 00:07:50,10.00
1379199474620000022,20000022,2013-09-14 23:57:54,2013-09-15 00:08:24,10.50
1379199477620000542,20000542,2013-09-14 23:57:57,2013-09-15 00:13:42,15.75
1379199499620000618,20000618,2013-09-14 23:58:19,2013-09-15 00:15:04,16.75
1379199502620000450,20000450,2013-09-14 23:58:22,2013-09-15 00:08:52,10.50
1379199506620000010,20000010,2013-09-14 23:58:26,2013-09-15 00:09:56,11.50
1379199522620000514,20000514,2013-09-14 23:58:42,2013-09-15 00:06:27,7.75
1379199540620000075,20000075,2013-09-14 23:59:00,2013-09-15 00:08:30,9.50
1379199561620000640,20000640,2013-09-14 23:59:21,2013-09-15 00:07:21,8.00
1379199564620000376,20000376,2013-09-14 23:59:24,2013-09-15 00:08:39,9.25
1379199567620000190,20000190,2013-09-14 23:59:27,2013-09-15 00:14:12,14.75
1379199580620000518,20000518,2013-09-14 23:59:40,2013-09-15 00:10:55,11.25
1379199584620000387,20000387,2013-09-14 23:59:44,2013-09-15 00:14:44,15.00
1379285211620000611,20000611,2013-09-15 23:46:51,2013-09-16 00:02:51,16.00
1379285270620000009,20000009,2013-09-15 23:47:50,2013-09-16 00:01:05,13.25
1379285363620000395,20000395,2013-09-15 23:49:23,2013-09-16 00:06:08,16.75
1379285374620000388,20000388,2013-09-15 23:49:34,2013-09-16 00:04:34,15.00
1379285639620000108,20000108,2013-09-15 23:53:59,2013-09-16 00:00:59,7.00
1379285694620000051,20000051,2013-09-15 23:54:54,2013-09-16 00:04:09,9.25
1379285761620000067,20000067,2013-09-15 23:56:01,2013-09-16 00:02:46,6.75
1379285808620000112,20000112,2013-09-15 23:56:48,2013-09-16 00:04:03,7.25
1379285858620000517,20000517,2013-09-15 23:57:38,2013-09-16 00:05:38,8.00
1379285888620000364,20000364,2013-09-15 23:58:08,2013-09-16 00:06:38,8.50
1379285944620000688,20000688,2013-09-15 23:59:04,2013-09-16 00:21:49,22.75
1379285977620000574,20000574,2013-09-15 23:59:37,2013-09-16 00:06:07,6.50
1379369867620000328,20000328,2013-09-16 23:17:47,2013-09-17 00:09:17,51.50
1379370561620000503,20000503,2013-09-16 23:29:21,2013-09-17 00:10:06,40.75
1379370710620000612,20000612,2013-09-16 23:31:50,2013-09-17 00:08:20,36.50
1379370987620000136,20000136,2013-09-16 23:36:27,2013-09-17 00:09:12,32.75
1379371419620000153,20000153,2013-09-16 23:43:39,2013-09-17 00:07:09,23.50
1379371684620000595,20000595,2013-09-16 23:48:04,2013-09-17 00:02:34,14.50
1379371738620000154,20000154,2013-09-16 23:48:58,2013-09-17 00:00:13,11.25
1379371818620000450,20000450,2013-09-16 23:50:18,2013-09-17 00:04:48,14.50
1379371848620000520,20000520,2013-09-16 23:50:48,2013-09-17 00:00:18,9.50
1379371972620000395,20000395,2013-09-16 23:52:52,2013-09-17 00:22:52,30.00
1379371997620000496,20000496,2013-09-16 23:53:17,2013-09-17 00:52:02,58.75
1379372021620000192,20000192,2013-09-16 23:53:41,2013-09-17 00:07:11,13.50
1379372035620000269,20000269,2013-09-16 23:53:55,2013-09-17 00:03:25,9.50
1379372041620000015,20000015,2013-09-16 23:54:01,2013-09-17 00:04:01,10.00
1379372052620000325,20000325,2013-09-16 23:54:12,2013-09-17 00:00:42,6.50
1379372073620000451,20000451,2013-09-16 23:54:33,2013-09-17 00:05:03,10.50
1379372113620000649,20000649,2013-09-16 23:55:13,2013-09-17 00:05:13,10.00
1379372129620000359,20000359,2013-09-16 23:55:29,2013-09-17 00:04:14,8.75
1379372167620000436,20000436,2013-09-16 23:56:07,2013-09-17 00:12:52,16.75
1379372181620000173,20000173,2013-09-16 23:56:21,2013-09-17 00:15:51,19.50
1379372183620000624,20000624,2013-09-16 23:56:23,2013-09-17 00:01:23,5.00
1379372206620000621,20000621,2013-09-16 23:56:46,2013-09-17 00:00:46,4.00
1379372235620000305,20000305,2013-09-16 23:57:15,2013-09-17 00:09:00,11.75
1379372239620000376,20000376,2013-09-16 23:57:19,2013-09-17 01:34:04,96.75
1379372280620000675,20000675,2013-09-16 23:58:00,2013-09-17 00:01:45,3.75
1379372302620000004,20000004,2013-09-16 23:58:22,2013-09-17 00:08:07,9.75
1379372340620000483,20000483,2013-09-16 23:59:00,2013-09-17 00:08:45,9.75
1379372341620000108,20000108,2013-09-16 23:59:01,2013-09-17 00:08:31,9.50
1379372388620000304,20000304,2013-09-16 23:59:48,2013-09-17 00:05:18,5.50
1379457562620000157,20000157,2013-09-17 23:39:22,2013-09-18 00:06:52,27.50
1379457809620000473,20000473,2013-09-17 23:43:29,2013-09-18 00:06:59,23.50
1379458097620000252,20000252,2013-09-17 23:48:17,2013-09-18 00:07:47,19.50
1379458258620000307,20000307,2013-09-17 23:50:58,2013-09-18 00:10:43,19.75
1379458294620000483,20000483,2013-09-17 23:51:34,2013-09-18 00:05:34,14.00
1379458366620000632,20000632,2013-09-17 23:52:46,2013-09-18 00:00:31,7.75
1379458368620000325,20000325,2013-09-17 23:52:48,2013-09-18 00:02:33,9.75
1379458443620000370,20000370,2013-09-17 23:54:03,2013-09-18 00:00:18,6.25
1379458527620000081,20000081,2013-09-17 23:55:27,2013-09-18 00:08:42,13.25
1379458534620000031,20000031,2013-09-17 23:55:34,2013-09-18 00:11:19,15.75
1379458547620000574,20000574,2013-09-17 23:55:47,2013-09-18 00:07:02,11.25
1379458620620000105,20000105,2013-09-17 23:57:00,2013-09-18 00:04:30,7.50
1379458626620000451,20000451,2013-09-17 23:57:06,2013-09-18 00:03:06,6.00
1379458630620000235,20000235,2013-09-17 23:57:10,2013-09-18 00:19:25,22.25
1379543587620000520,20000520,2013-09-18 23:33:07,2013-09-19 00:01:07,28.00
1379544606620000367,20000367,2013-09-18 23:50:06,2013-09-19 00:01:36,11.50
1379544654620000571,20000571,2013-09-18 23:50:54,2013-09-19 00:09:54,19.00
1379544704620000233,20000233,2013-09-18 23:51:44,2013-09-19 00:01:14,9.50
1379544707620000618,20000618,2013-09-18 23:51:47,2013-09-19 00:01:47,10.00
1379544776620000621,20000621,2013-09-18 23:52:56,2013-09-19 00:06:56,14.00
1379544822620000101,20000101,2013-09-18 23:53:42,2013-09-19 00:03:27,9.75
1379544934620000171,20000171,2013-09-18 23:55:34,2013-09-19 00:09:04,13.50
1379545009620000167,20000167,2013-09-18 23:56:49,2013-09-19 00:14:04,17.25
1379545094620000305,20000305,2013-09-18 23:58:14,2013-09-19 00:07:29,9.25
1379545108620000453,20000453,2013-09-18 23:58:28,2013-09-19 00:04:28,6.00
1379545115620000325,20000325,2013-09-18 23:58:35,2013-09-19 00:07:20,8.75
1379545160620000903,20000903,2013-09-18 23:59:20,2013-09-19 00:02:05,2.75
1379545164620000173,20000173,2013-09-18 23:59:24,2013-09-19 00:11:39,12.25
1379630588620000483,20000483,2013-09-19 23:43:08,2013-09-20 00:06:38,23.50
1379631104620000571,20000571,2013-09-19 23:51:44,2013-09-20 00:01:29,9.75
1379631129620000129,20000129,2013-09-19 23:52:09,2013-09-20 00:16:39,24.50
1379631285620000269,20000269,2013-09-19 23:54:45,2013-09-20 00:05:30,10.75
1379631351620000042,20000042,2013-09-19 23:55:51,2013-09-20 00:03:21,7.50
1379631351620000142,20000142,2013-09-19 23:55:51,2013-09-20 00:00:36,4.75
1379631357620000089,20000089,2013-09-19 23:55:57,2013-09-20 00:00:27,4.50
1379631382620000173,20000173,2013-09-19 23:56:22,2013-09-20 00:05:37,9.25
1379631393620000492,20000492,2013-09-19 23:56:33,2013-09-20 00:04:18,7.75
1379631398620000235,20000235,2013-09-19 23:56:38,2013-09-20 00:01:38,5.00
1379631403620000101,20000101,2013-09-19 23:56:43,2013-09-20 00:20:13,23.50
1379631407620000020,20000020,2013-09-19 23:56:47,2013-09-20 00:03:47,7.00
1379631430620000481,20000481,2013-09-19 23:57:10,2013-09-20 00:03:55,6.75
1379631449620000333,20000333,2013-09-19 23:57:29,2013-09-20 00:03:59,6.50
1379631461620000197,20000197,2013-09-19 23:57:41,2013-09-20 00:02:11,4.50
1379631494620000648,20000648,2013-09-19 23:58:14,2013-09-20 00:09:59,11.75
1379631509620000195,20000195,2013-09-19 23:58:29,2013-09-20 00:05:44,7.25
1379631512620000310,20000310,2013-09-19 23:58:32,2013-09-20 00:06:02,7.50
1379631513620000589,20000589,2013-09-19 23:58:33,2013-09-20 00:06:18,7.75
1379631549620000476,20000476,2013-09-19 23:59:09,2013-09-20 00:12:39,13.50
1379631590620000574,20000574,2013-09-19 23:59:50,2013-09-20 00:18:05,18.25
1379715255620000337,20000337,2013-09-20 23:14:15,2013-09-21 00:00:15,46.00
1379715798620000013,20000013,2013-09-20 23:23:18,2013-09-21 00:03:48,40.50
1379716648620000345,20000345,2013-09-20 23:37:28,2013-09-21 00:10:13,32.75
1379716949620000395,20000395,2013-09-20 23:42:29,2013-09-21 00:00:29,18.00
1379717042620000448,20000448,2013-09-20 23:44:02,2013-09-21 00:00:47,16.75
1379717057620000305,20000305,2013-09-20 23:44:17,2013-09-21 00:08:47,24.50
1379717145620000617,20000617,2013-09-20 23:45:45,2013-09-21 00:05:00,19.25
1379717148620000598,20000598,2013-09-20 23:45:48,2013-09-21 00:04:33,18.75
1379717160620000268,20000268,2013-09-20 23:46:00,2013-09-21 00:00:30,14.50
1379717171620000435,20000435,2013-09-20 23:46:11,2013-09-21 00:09:41,23.50
1379717261620000525,20000525,2013-09-20 23:47:41,2013-09-21 00:03:26,15.75
1379717299620000256,20000256,2013-09-20 23:48:19,2013-09-21 00:01:34,13.25
1379717301620000008,20000008,2013-09-20 23:48:21,2013-09-21 00:00:21,12.00
1379717304620000688,20000688,2013-09-20 23:48:24,2013-09-21 00:33:09,44.75
1379717347620000463,20000463,2013-09-20 23:49:07,2013-09-21 00:03:22,14.25
1379717457620000665,20000665,2013-09-20 23:50:57,2013-09-21 00:01:12,10.25
1379717483620000360,20000360,2013-09-20 23:51:23,2013-09-21 00:07:08,15.75
1379717555620000540,20000540,2013-09-20 23:52:35,2013-09-21 00:06:05,13.50
1379717588620000514,20000514,2013-09-20 23:53:08,2013-09-21 00:05:08,12.00
1379717598620000680,20000680,2013-09-20 23:53:18,2013-09-21 00:29:03,35.75
1379717627620000686,20000686,2013-09-20 23:53:47,2013-09-21 00:00:02,6.25
1379717628620000338,20000338,2013-09-20 23:53:48,2013-09-21 00:02:33,8.75
1379717630620000285,20000285,2013-09-20 23:53:50,2013-09-21 00:05:05,11.25
1379717633620000022,20000022,2013-09-20 23:53:53,2013-09-21 00:00:38,6.75
1379717649620000473,20000473,2013-09-20 23:54:09,2013-09-21 00:04:54,10.75
1379717677620000618,20000618,2013-09-20 23:54:37,2013-09-21 00:04:07,9.50
1379717698620000610,20000610,2013-09-20 23:54:58,2013-09-21 00:12:43,17.75
1379717719620000351,20000351,2013-09-20 23:55:19,2013-09-21 00:08:04,12.75
1379717719620000481,20000481,2013-09-20 23:55:19,2013-09-21 00:09:49,14.50
1379717756620000250,20000250,2013-09-20 23:55:56,2013-09-21 00:24:26,28.50
1379717759620000518,20000518,2013-09-20 23:55:59,2013-09-21 00:03:44,7.75
1379717778620000243,20000243,2013-09-20 23:56:18,2013-09-21 00:06:03,9.75
1379717816620000309,20000309,2013-09-20 23:56:56,2013-09-21 00:03:26,6.50
1379717924620000419,20000419,2013-09-20 23:58:44,2013-09-21 00:19:44,21.00
1379717953620000142,20000142,2013-09-20 23:59:13,2013-09-21 00:09:58,10.75
1379717976620000569,20000569,2013-09-20 23:59:36,2013-09-21 00:03:36,4.00
1379717977620000572,20000572,2013-09-20 23:59:37,2013-09-21 00:03:07,3.50
1379717978620000600,20000600,2013-09-20 23:59:38,2013-09-21 00:12:23,12.75
1379802753620000594,20000594,2013-09-21 23:32:33,2013-09-22 00:00:33,28.00
1379803118620000446,20000446,2013-09-21 23:38:38,2013-09-22 00:05:08,26.50
1379803304620000273,20000273,2013-09-21 23:41:44,2013-09-22 00:11:59,30.25
1379803318620000308,20000308,2013-09-21 23:41:58,2013-09-22 00:07:28,25.50
1379803337620000260,20000260,2013-09-21 23:42:17,2013-09-22 00:00:32,18.25
1379803340620000305,20000305,2013-09-21 23:42:20,2013-09-22 00:06:35,24.25
1379803378620000680,20000680,2013-09-21 23:42:58,2013-09-22 00:21:43,38.75
1379803381620000173,20000173,2013-09-21 23:43:01,2013-09-22 00:22:31,39.50
1379803497620000570,20000570,2013-09-21 23:44:57,2013-09-22 00:13:42,28.75
1379803604620000008,20000008,2013-09-21 23:46:44,2013-09-22 00:03:59,17.25
1379803622620000686,20000686,2013-09-21 23:47:02,2013-09-22 00:00:47,13.75
1379803639620000648,20000648,2013-09-21 23:47:19,2013-09-22 00:18:34,31.25
1379803737620000327,20000327,2013-09-21 23:48:57,2013-09-22 00:02:27,13.50
1379803765620000345,20000345,2013-09-21 23:49:25,2013-09-22 00:07:25,18.00
1379803775620000343,20000343,2013-09-21 23:49:35,2013-09-22 00:04:35,15.00
1379803791620000621,20000621,2013-09-21 23:49:51,2013-09-22 00:04:36,14.75
1379803856620000217,20000217,2013-09-21 23:50:56,2013-09-22 00:09:26,18.50
1379803897620000254,20000254,2013-09-21 23:51:37,2013-09-22 00:11:22,19.75
1379803912620000075,20000075,2013-09-21 23:51:52,2013-09-22 00:05:52,14.00
1379803965620000520,20000520,2013-09-21 23:52:45,2013-09-22 00:05:45,13.00
1379804043620000304,20000304,2013-09-21 23:54:03,2013-09-22 00:07:03,13.00
1379804051620000310,20000310,2013-09-21 23:54:11,2013-09-22 00:05:41,11.50
1379804107620000610,20000610,2013-09-21 23:55:07,2013-09-22 00:13:07,18.00
1379804123620000101,20000101,2013-09-21 23:55:23,2013-09-22 00:06:53,11.50
1379804126620000685,20000685,2013-09-21 23:55:26,2013-09-22 00:07:56,12.50
1379804141620000577,20000577,2013-09-21 23:55:41,2013-09-22 00:07:26,11.75
1379804145620000161,20000161,2013-09-21 23:55:45,2013-09-22 00:07:00,11.25
1379804179620000503,20000503,2013-09-21 23:56:19,2013-09-22 00:05:04,8.75
1379804183620000518,20000518,2013-09-21 23:56:23,2013-09-22 00:07:08,10.75
1379804189620000398,20000398,2013-09-21 23:56:29,2013-09-22 00:05:44,9.25
1379804224620000280,20000280,2013-09-21 23:57:04,2013-09-22 00:02:19,5.25
1379804226620000557,20000557,2013-09-21 23:57:06,2013-09-22 00:02:06,5.00
1379804245620000376,20000376,2013-09-21 23:57:25,2013-09-22 00:03:25,6.00
1379804273620000406,20000406,2013-09-21 23:57:53,2013-09-22 00:08:53,11.00
1379804297620000463,20000463,2013-09-21 23:58:17,2013-09-22 00:05:47,7.50
1379804300620000601,20000601,2013-09-21 23:58:20,2013-09-22 00:06:20,8.00
1379804302620000153,20000153,2013-09-21 23:58:22,2013-09-22 00:06:07,7.75
1379804314620000041,20000041,2013-09-21 23:58:34,2013-09-22 00:21:34,23.00
1379804325620000664,20000664,2013-09-21 23:58:45,2013-09-22 00:09:00,10.25
1379804365620000465,20000465,2013-09-21 23:59:25,2013-09-22 00:02:10,2.75
1379804369620000529,20000529,2013-09-21 23:59:29,2013-09-22 00:03:14,3.75
1379804381620000541,20000541,2013-09-21 23:59:41,2013-09-22 00:06:11,6.50
1379804391620000140,20000140,2013-09-21 23:59:51,2013-09-22 00:11:36,11.75
1379804391620000612,20000612,2013-09-21 23:59:51,2013-09-22 00:08:36,8.75
1379889822620000015,20000015,2013-09-22 23:43:42,2013-09-23 00:05:57,22.25
1379890176620000465,20000465,2013-09-22 23:49:36,2013-09-23 00:35:06,45.50
1379890292620000011,20000011,2013-09-22 23:51:32,2013-09-23 00:16:32,25.00
1379890337620000570,20000570,2013-09-22 23:52:17,2013-09-23 00:12:32,20.25
1379890589620000574,20000574,2013-09-22 23:56:29,2013-09-23 00:12:14,15.75
1379890694620000320,20000320,2013-09-22 23:58:14,2013-09-23 00:05:59,7.75
1379890783620000450,20000450,2013-09-22 23:59:43,2013-09-23 00:07:13,7.50
1379890793620000231,20000231,2013-09-22 23:59:53,2013-09-23 00:15:53,16.00
1379954402620000904,20000904,2013-09-23 17:40:02,2013-09-24 06:39:47,779.75
1379976105620000626,20000626,2013-09-23 23:41:45,2013-09-24 00:00:30,18.75
1379976653620000023,20000023,2013-09-23 23:50:53,2013-09-24 00:01:38,10.75
1379976788620000595,20000595,2013-09-23 23:53:08,2013-09-24 00:02:53,9.75
1379976854620000120,20000120,2013-09-23 23:54:14,2013-09-24 00:00:59,6.75
1379976918620000403,20000403,2013-09-23 23:55:18,2013-09-24 00:00:33,5.25
1379976942620000610,20000610,2013-09-23 23:55:42,2013-09-24 00:13:42,18.00
1379976977620000497,20000497,2013-09-23 23:56:17,2013-09-24 00:12:17,16.00
1379976997620000612,20000612,2013-09-23 23:56:37,2013-09-24 00:05:22,8.75
1379977001620000010,20000010,2013-09-23 23:56:41,2013-09-24 00:12:41,16.00
1379977032620000333,20000333,2013-09-23 23:57:12,2013-09-24 00:02:12,5.00
1379977053620000569,20000569,2013-09-23 23:57:33,2013-09-24 00:05:03,7.50
1379977072620000235,20000235,2013-09-23 23:57:52,2013-09-24 00:05:52,8.00
1379977145620000332,20000332,2013-09-23 23:59:05,2013-09-24 00:06:35,7.50
1379977152620000648,20000648,2013-09-23 23:59:12,2013-09-24 00:09:57,10.75
1379977175620000503,20000503,2013-09-23 23:59:35,2013-09-24 00:08:05,8.50
1379977191620000688,20000688,2013-09-23 23:59:51,2013-09-24 00:18:06,18.25
1380061419620000653,20000653,2013-09-24 23:23:39,2013-09-25 00:00:24,36.75
1380062814620000216,20000216,2013-09-24 23:46:54,2013-09-25 00:07:09,20.25
1380063075620000345,20000345,2013-09-24 23:51:15,2013-09-25 00:00:30,9.25
1380063100620000012,20000012,2013-09-24 23:51:40,2013-09-25 00:01:25,9.75
1380063145620000235,20000235,2013-09-24 23:52:25,2013-09-25 00:24:40,32.25
1380063314620000598,20000598,2013-09-24 23:55:14,2013-09-25 00:05:59,10.75
1380063329620000020,20000020,2013-09-24 23:55:29,2013-09-25 00:18:59,23.50
1380063486620000231,20000231,2013-09-24 23:58:06,2013-09-25 00:02:21,4.25
1380063502620000167,20000167,2013-09-24 23:58:22,2013-09-25 00:03:52,5.50
1380063559620000492,20000492,2013-09-24 23:59:19,2013-09-25 00:14:34,15.25
1380148704620000665,20000665,2013-09-25 23:38:24,2013-09-26 00:12:39,34.25
1380148786620000612,20000612,2013-09-25 23:39:46,2013-09-26 00:00:46,21.00
1380149259620000514,20000514,2013-09-25 23:47:39,2013-09-26 00:06:24,18.75
1380149350620000571,20000571,2013-09-25 23:49:10,2013-09-26 00:01:40,12.50
1380149412620000201,20000201,2013-09-25 23:50:12,2013-09-26 00:01:12,11.00
1380149437620000387,20000387,2013-09-25 23:50:37,2013-09-26 00:03:22,12.75
1380149457620000570,20000570,2013-09-25 23:50:57,2013-09-26 00:01:57,11.00
1380149521620000310,20000310,2013-09-25 23:52:01,2013-09-26 00:12:16,20.25
1380149613620000344,20000344,2013-09-25 23:53:33,2013-09-26 00:04:18,10.75
1380149629620000231,20000231,2013-09-25 23:53:49,2013-09-26 00:00:19,6.50
1380149693620000136,20000136,2013-09-25 23:54:53,2013-09-26 00:08:53,14.00
1380149753620000108,20000108,2013-09-25 23:55:53,2013-09-26 00:00:38,4.75
1380149753620000431,20000431,2013-09-25 23:55:53,2013-09-26 00:05:38,9.75
1380149757620000004,20000004,2013-09-25 23:55:57,2013-09-26 00:07:57,12.00
1380149766620000649,20000649,2013-09-25 23:56:06,2013-09-26 00:09:21,13.25
1380149823620000022,20000022,2013-09-25 23:57:03,2013-09-26 00:18:03,21.00
1380149838620000254,20000254,2013-09-25 23:57:18,2013-09-26 00:09:18,12.00
1380149878620000672,20000672,2013-09-25 23:57:58,2013-09-26 00:08:43,10.75
1380149892620000014,20000014,2013-09-25 23:58:12,2013-09-26 00:14:27,16.25
1380149897620000525,20000525,2013-09-25 23:58:17,2013-09-26 00:04:47,6.50
1380149898620000196,20000196,2013-09-25 23:58:18,2013-09-26 00:18:18,20.00
1380149935620000520,20000520,2013-09-25 23:58:55,2013-09-26 00:06:55,8.00
1380149939620000904,20000904,2013-09-25 23:58:59,2013-09-26 00:09:29,10.50
1380149982620000010,20000010,2013-09-25 23:59:42,2013-09-26 00:09:27,9.75
1380234479620000157,20000157,2013-09-26 23:27:59,2013-09-27 00:00:29,32.50
1380235370620000513,20000513,2013-09-26 23:42:50,2013-09-27 00:09:35,26.75
1380235387620000345,20000345,2013-09-26 23:43:07,2013-09-27 00:09:52,26.75
1380235640620000363,20000363,2013-09-26 23:47:20,2013-09-27 00:01:05,13.75
1380235659620000675,20000675,2013-09-26 23:47:39,2013-09-27 00:02:54,15.25
1380235667620000481,20000481,2013-09-26 23:47:47,2013-09-27 00:05:47,18.00
1380235740620000648,20000648,2013-09-26 23:49:00,2013-09-27 00:08:00,19.00
1380235787620000472,20000472,2013-09-26 23:49:47,2013-09-27 00:02:17,12.50
1380235825620000509,20000509,2013-09-26 23:50:25,2013-09-27 00:08:25,18.00
1380235926620000653,20000653,2013-09-26 23:52:06,2013-09-27 00:04:36,12.50
1380235984620000900,20000900,2013-09-26 23:53:04,2013-09-27 00:04:34,11.50
1380235986620000280,20000280,2013-09-26 23:53:06,2013-09-27 00:01:06,8.00
1380236037620000360,20000360,2013-09-26 23:53:57,2013-09-27 00:06:57,13.00
1380236056620000010,20000010,2013-09-26 23:54:16,2013-09-27 00:01:46,7.50
1380236061620000007,20000007,2013-09-26 23:54:21,2013-09-27 00:02:21,8.00
1380236134620000112,20000112,2013-09-26 23:55:34,2013-09-27 00:09:19,13.75
1380236151620000664,20000664,2013-09-26 23:55:51,2013-09-27 00:02:06,6.25
1380236160620000129,20000129,2013-09-26 23:56:00,2013-09-27 00:17:00,21.00
1380236193620000341,20000341,2013-09-26 23:56:33,2013-09-27 00:02:33,6.00
1380236214620000351,20000351,2013-09-26 23:56:54,2013-09-27 00:12:24,15.50
1380236222620000173,20000173,2013-09-26 23:57:02,2013-09-27 00:06:17,9.25
1380236253620000015,20000015,2013-09-26 23:57:33,2013-09-27 00:08:33,11.00
1380236279620000561,20000561,2013-09-26 23:57:59,2013-09-27 00:04:59,7.00
1380320531620000902,20000902,2013-09-27 23:22:11,2013-09-28 00:18:11,56.00
1380320968620000159,20000159,2013-09-27 23:29:28,2013-09-28 00:04:58,35.50
1380321641620000356,20000356,2013-09-27 23:40:41,2013-09-28 00:02:26,21.75
1380321711620000256,20000256,2013-09-27 23:41:51,2013-09-28 00:14:06,32.25
1380321837620000041,20000041,2013-09-27 23:43:57,2013-09-28 00:29:12,45.25
1380321881620000435,20000435,2013-09-27 23:44:41,2013-09-28 00:36:26,51.75
1380321884620000167,20000167,2013-09-27 23:44:44,2013-09-28 00:01:44,17.00
1380321911620000192,20000192,2013-09-27 23:45:11,2013-09-28 00:03:56,18.75
1380322110620000381,20000381,2013-09-27 23:48:30,2013-09-28 00:01:30,13.00
1380322117620000403,20000403,2013-09-27 23:48:37,2013-09-28 00:01:37,13.00
1380322164620000252,20000252,2013-09-27 23:49:24,2013-09-28 00:04:24,15.00
1380322164620000269,20000269,2013-09-27 23:49:24,2013-09-28 00:06:54,17.50
1380322184620000632,20000632,2013-09-27 23:49:44,2013-09-28 00:05:29,15.75
1380322219620000101,20000101,2013-09-27 23:50:19,2013-09-28 00:01:19,11.00
1380322220620000031,20000031,2013-09-27 23:50:20,2013-09-28 00:02:05,11.75
1380322249620000280,20000280,2013-09-27 23:50:49,2013-09-28 00:01:49,11.00
1380322260620000653,20000653,2013-09-27 23:51:00,2013-09-28 00:13:30,22.50
1380322292620000472,20000472,2013-09-27 23:51:32,2013-09-28 00:00:02,8.50
1380322354620000610,20000610,2013-09-27 23:52:34,2013-09-28 00:20:34,28.00
1380322363620000089,20000089,2013-09-27 23:52:43,2013-09-28 00:01:28,8.75
1380322381620000561,20000561,2013-09-27 23:53:01,2013-09-28 00:05:01,12.00
1380322390620000325,20000325,2013-09-27 23:53:10,2013-09-28 00:08:10,15.00
1380322423620000250,20000250,2013-09-27 23:53:43,2013-09-28 00:03:28,9.75
1380322428620000057,20000057,2013-09-27 23:53:48,2013-09-28 00:10:33,16.75
1380322440620000611,20000611,2013-09-27 23:54:00,2013-09-28 00:01:15,7.25
1380322449620000305,20000305,2013-09-27 23:54:09,2013-09-28 00:15:39,21.50
1380322449620000395,20000395,2013-09-27 23:54:09,2013-09-28 00:01:24,7.25
1380322450620000080,20000080,2013-09-27 23:54:10,2013-09-28 00:06:55,12.75
1380322474620000686,20000686,2013-09-27 23:54:34,2013-09-28 00:01:19,6.75
1380322486620000542,20000542,2013-09-27 23:54:46,2013-09-28 00:10:31,15.75
1380322518620000311,20000311,2013-09-27 23:55:18,2013-09-28 00:11:03,15.75
1380322538620000687,20000687,2013-09-27 23:55:38,2013-09-28 00:04:23,8.75
1380322550620000304,20000304,2013-09-27 23:55:50,2013-09-28 00:02:05,6.25
1380322565620000067,20000067,2013-09-27 23:56:05,2013-09-28 00:05:20,9.25
1380322637620000341,20000341,2013-09-27 23:57:17,2013-09-28 00:00:32,3.25
1380322640620000020,20000020,2013-09-27 23:57:20,2013-09-28 00:01:20,4.00
1380322646620000307,20000307,2013-09-27 23:57:26,2013-09-28 00:03:41,6.25
1380322703620000503,20000503,2013-09-27 23:58:23,2013-09-28 00:03:23,5.00
1380322708620000372,20000372,2013-09-27 23:58:28,2013-09-28 00:03:28,5.00
1380322721620000037,20000037,2013-09-27 23:58:41,2013-09-28 00:07:11,8.50
1380322732620000900,20000900,2013-09-27 23:58:52,2013-09-28 00:07:37,8.75
1380322746620000179,20000179,2013-09-27 23:59:06,2013-09-28 00:07:06,8.00
1380322749620000434,20000434,2013-09-27 23:59:09,2013-09-28 00:11:24,12.25
1380322754620000446,20000446,2013-09-27 23:59:14,2013-09-28 00:04:29,5.25
1380322771620000129,20000129,2013-09-27 23:59:31,2013-09-28 00:15:46,16.25
1380322771620000406,20000406,2013-09-27 23:59:31,2013-09-28 00:00:01,0.50
1380322786620000045,20000045,2013-09-27 23:59:46,2013-09-28 00:03:01,3.25
1380322791620000108,20000108,2013-09-27 23:59:51,2013-09-28 00:11:21,11.50
1380322795620000120,20000120,2013-09-27 23:59:55,2013-09-28 00:09:55,10.00
1380322798620000297,20000297,2013-09-27 23:59:58,2013-09-28 00:12:13,12.25
1380407948620000337,20000337,2013-09-28 23:39:08,2013-09-29 00:09:53,30.75
1380408461620000624,20000624,2013-09-28 23:47:41,2013-09-29 00:04:41,17.00
1380408506620000307,20000307,2013-09-28 23:48:26,2013-09-29 00:12:26,24.00
1380408595620000481,20000481,2013-09-28 23:49:55,2013-09-29 00:04:40,14.75
1380408664620000549,20000549,2013-09-28 23:51:04,2013-09-29 00:19:49,28.75
1380408690620000216,20000216,2013-09-28 23:51:30,2013-09-29 00:01:15,9.75
1380408748620000497,20000497,2013-09-28 23:52:28,2013-09-29 00:01:58,9.50
1380408904620000304,20000304,2013-09-28 23:55:04,2013-09-29 00:03:19,8.25
1380408930620000303,20000303,2013-09-28 23:55:30,2013-09-29 00:04:45,9.25
1380408952620000005,20000005,2013-09-28 23:55:52,2013-09-29 00:04:07,8.25
1380408971620000430,20000430,2013-09-28 23:56:11,2013-09-29 00:08:41,12.50
1380408975620000324,20000324,2013-09-28 23:56:15,2013-09-29 00:03:00,6.75
1380408979620000196,20000196,2013-09-28 23:56:19,2013-09-29 00:05:19,9.00
1380409012620000197,20000197,2013-09-28 23:56:52,2013-09-29 00:03:22,6.50
1380409026620000179,20000179,2013-09-28 23:57:06,2013-09-29 00:07:36,10.50
1380409070620000256,20000256,2013-09-28 23:57:50,2013-09-29 00:04:35,6.75
1380409108620000344,20000344,2013-09-28 23:58:28,2013-09-29 00:05:13,6.75
1380409114620000529,20000529,2013-09-28 23:58:34,2013-09-29 00:07:04,8.50
1380409120620000569,20000569,2013-09-28 23:58:40,2013-09-29 00:02:55,4.25
1380409142620000395,20000395,2013-09-28 23:59:02,2013-09-29 00:08:02,9.00
1380409150620000120,20000120,2013-09-28 23:59:10,2013-09-29 00:09:55,10.75
1380409171620000671,20000671,2013-09-28 23:59:31,2013-09-29 00:08:46,9.25
1380494746620000664,20000664,2013-09-29 23:45:46,2013-09-30 00:00:31,14.75
1380494764620000020,20000020,2013-09-29 23:46:04,2013-09-30 00:14:49,28.75
1380494985620000657,20000657,2013-09-29 23:49:45,2013-09-30 00:01:45,12.00
1380495052620000179,20000179,2013-09-29 23:50:52,2013-09-30 00:00:52,10.00
1380495075620000171,20000171,2013-09-29 23:51:15,2013-09-30 00:03:00,11.75
1380495156620000518,20000518,2013-09-29 23:52:36,2013-09-30 00:25:21,32.75
1380495194620000589,20000589,2013-09-29 23:53:14,2013-09-30 00:10:14,17.00
1380495222620000129,20000129,2013-09-29 23:53:42,2013-09-30 00:04:27,10.75
1380495260620000688,20000688,2013-09-29 23:54:20,2013-09-30 00:09:20,15.00
1380495298620000570,20000570,2013-09-29 23:54:58,2013-09-30 00:11:58,17.00
1380495302620000517,20000517,2013-09-29 23:55:02,2013-09-30 00:07:32,12.50
1380495322620000011,20000011,2013-09-29 23:55:22,2013-09-30 00:08:22,13.00
1380495335620000089,20000089,2013-09-29 23:55:35,2013-09-30 00:01:50,6.25
1380495378620000101,20000101,2013-09-29 23:56:18,2013-09-30 00:05:33,9.25
1380495423620000372,20000372,2013-09-29 23:57:03,2013-09-30 00:09:48,12.75
1380495485620000621,20000621,2013-09-29 23:58:05,2013-09-30 00:12:50,14.75
1380495500620000153,20000153,2013-09-29 23:58:20,2013-09-30 00:12:05,13.75
1380495506620000406,20000406,2013-09-29 23:58:26,2013-09-30 00:26:11,27.75
1380495544620000473,20000473,2013-09-29 23:59:04,2013-09-30 00:06:19,7.25
1380495545620000012,20000012,2013-09-29 23:59:05,2013-09-30 00:14:50,15.75
1380495553620000004,20000004,2013-09-29 23:59:13,2013-09-30 00:10:58,11.75
1380495576620000472,20000472,2013-09-29 23:59:36,2013-09-30 00:24:36,25.00
1380580339620000089,20000089,2013-09-30 23:32:19,2013-10-01 00:47:49,75.50
1380581039620000632,20000632,2013-09-30 23:43:59,2013-10-01 00:19:29,35.50
1380581561620000665,20000665,2013-09-30 23:52:41,2013-10-01 00:13:26,20.75
1380581583620000004,20000004,2013-09-30 23:53:03,2013-10-01 00:14:03,21.00
1380581607620000216,20000216,2013-09-30 23:53:27,2013-10-01 00:08:57,15.50
1380581648620000297,20000297,2013-09-30 23:54:08,2013-10-01 00:14:23,20.25
1380581652620000598,20000598,2013-09-30 23:54:12,2013-10-01 00:04:57,10.75
1380581662620000456,20000456,2013-09-30 23:54:22,2013-10-01 00:02:52,8.50
1380581767620000120,20000120,2013-09-30 23:56:07,2013-10-01 00:16:22,20.25
1380581781620000529,20000529,2013-09-30 23:56:21,2013-10-01 00:01:36,5.25
1380581808620000595,20000595,2013-09-30 23:56:48,2013-10-01 00:03:33,6.75
1380581934620000341,20000341,2013-09-30 23:58:54,2013-10-01 00:03:39,4.75
1380581951620000431,20000431,2013-09-30 23:59:11,2013-10-01 00:02:41,3.50
1380581981620000060,20000060,2013-09-30 23:59:41,2013-10-01 00:05:26,5.75
1380581982620000235,20000235,2013-09-30 23:59:42,2013-10-01 00:06:57,7.25
1380666905620000367,20000367,2013-10-01 23:35:05,2013-10-02 00:00:20,25.25
1380667206620000045,20000045,2013-10-01 23:40:06,2013-10-02 00:02:21,22.25
1380667255620000675,20000675,2013-10-01 23:40:55,2013-10-02 00:21:55,41.00
1380667471620000195,20000195,2013-10-01 23:44:31,2013-10-02 00:05:46,21.25
1380667621620000269,20000269,2013-10-01 23:47:01,2013-10-02 00:03:46,16.75
1380667759620000520,20000520,2013-10-01 23:49:19,2013-10-02 00:05:49,16.50
1380667792620000406,20000406,2013-10-01 23:49:52,2013-10-02 00:01:07,11.25
1380667820620000031,20000031,2013-10-01 23:50:20,2013-10-02 00:02:50,12.50
1380667982620000472,20000472,2013-10-01 23:53:02,2013-10-02 00:03:47,10.75
1380667999620000431,20000431,2013-10-01 23:53:19,2013-10-02 00:00:34,7.25
1380668000620000688,20000688,2013-10-01 23:53:20,2013-10-02 00:02:35,9.25
1380668002620000011,20000011,2013-10-01 23:53:22,2013-10-02 00:11:37,18.25
1380668042620000480,20000480,2013-10-01 23:54:02,2013-10-02 00:10:02,16.00
1380668044620000066,20000066,2013-10-01 23:54:04,2013-10-02 00:14:34,20.50
1380668063620000395,20000395,2013-10-01 23:54:23,2013-10-02 00:03:38,9.25
1380668098620000476,20000476,2013-10-01 23:54:58,2013-10-02 00:10:43,15.75
1380668166620000254,20000254,2013-10-01 23:56:06,2013-10-02 00:08:21,12.25
1380668263620000101,20000101,2013-10-01 23:57:43,2013-10-02 00:05:28,7.75
1380668331620000359,20000359,2013-10-01 23:58:51,2013-10-02 00:07:21,8.50
1380751214620000395,20000395,2013-10-02 23:00:14,2013-10-03 00:09:29,69.25
1380753929620000554,20000554,2013-10-02 23:45:29,2013-10-03 00:10:44,25.25
1380754017620000129,20000129,2013-10-02 23:46:57,2013-10-03 00:03:12,16.25
1380754026620000273,20000273,2013-10-02 23:47:06,2013-10-03 00:01:51,14.75
1380754052620000671,20000671,2013-10-02 23:47:32,2013-10-03 00:08:17,20.75
1380754224620000011,20000011,2013-10-02 23:50:24,2013-10-03 00:00:09,9.75
1380754225620000030,20000030,2013-10-02 23:50:25,2013-10-03 00:02:25,12.00
1380754526620000450,20000450,2013-10-02 23:55:26,2013-10-03 00:03:11,7.75
1380754568620000453,20000453,2013-10-02 23:56:08,2013-10-03 00:01:23,5.25
1380754590620000167,20000167,2013-10-02 23:56:30,2013-10-03 00:00:30,4.00
1380754597620000022,20000022,2013-10-02 23:56:37,2013-10-03 00:14:37,18.00
1380754614620000268,20000268,2013-10-02 23:56:54,2013-10-03 00:05:09,8.25
1380754615620000472,20000472,2013-10-02 23:56:55,2013-10-03 00:07:25,10.50
1380754628620000235,20000235,2013-10-02 23:57:08,2013-10-03 00:03:23,6.25
1380754709620000621,20000621,2013-10-02 23:58:29,2013-10-03 00:03:59,5.50
1380754747620000525,20000525,2013-10-02 23:59:07,2013-10-03 00:05:07,6.00
1380836966620000409,20000409,2013-10-03 22:49:26,2013-10-04 00:11:41,82.25
1380837815620000554,20000554,2013-10-03 23:03:35,2013-10-04 03:13:05,249.50
1380839693620000252,20000252,2013-10-03 23:34:53,2013-10-04 00:03:53,29.00
1380840169620000167,20000167,2013-10-03 23:42:49,2013-10-04 00:04:19,21.50
1380840590620000254,20000254,2013-10-03 23:49:50,2013-10-04 00:00:50,11.00
1380840658620000120,20000120,2013-10-03 23:50:58,2013-10-04 00:06:43,15.75
1380840693620000561,20000561,2013-10-03 23:51:33,2013-10-04 00:33:18,41.75
1380840734620000451,20000451,2013-10-03 23:52:14,2013-10-04 00:02:44,10.50
1380840761620000160,20000160,2013-10-03 23:52:41,2013-10-04 00:01:56,9.25
1380840763620000140,20000140,2013-10-03 23:52:43,2013-10-04 00:07:58,15.25
1380840868620000472,20000472,2013-10-03 23:54:28,2013-10-04 00:03:43,9.25
1380840916620000624,20000624,2013-10-03 23:55:16,2013-10-04 00:16:16,21.00
1380840940620000903,20000903,2013-10-03 23:55:40,2013-10-04 00:05:10,9.50
1380840963620000671,20000671,2013-10-03 23:56:03,2013-10-04 00:04:33,8.50
1380840966620000569,20000569,2013-10-03 23:56:06,2013-10-04 00:12:21,16.25
1380840972620000224,20000224,2013-10-03 23:56:12,2013-10-04 00:06:12,10.00
1380840999620000268,20000268,2013-10-03 23:56:39,2013-10-04 00:05:24,8.75
1380841012620000013,20000013,2013-10-03 23:56:52,2013-10-04 00:12:07,15.25
1380841122620000372,20000372,2013-10-03 23:58:42,2013-10-04 00:03:57,5.25
1380841136620000360,20000360,2013-10-03 23:58:56,2013-10-04 00:08:56,10.00
1380841192620000154,20000154,2013-10-03 23:59:52,2013-10-04 00:09:22,9.50
1380906759620000520,20000520,2013-10-04 18:12:39,2013-10-05 03:16:09,543.50
1380918715620000022,20000022,2013-10-04 21:31:55,2013-10-05 00:02:55,151.00
1380925469620000554,20000554,2013-10-04 23:24:29,2013-10-05 00:07:29,43.00
1380926503620000057,20000057,2013-10-04 23:41:43,2013-10-05 00:01:13,19.50
1380926595620000042,20000042,2013-10-04 23:43:15,2013-10-05 00:01:00,17.75
1380926674620000529,20000529,2013-10-04 23:44:34,2013-10-05 00:05:04,20.50
1380926887620000036,20000036,2013-10-04 23:48:07,2013-10-05 00:05:37,17.50
1380926961620000153,20000153,2013-10-04 23:49:21,2013-10-05 00:02:06,12.75
1380927026620000598,20000598,2013-10-04 23:50:26,2013-10-05 00:00:41,10.25
1380927067620000307,20000307,2013-10-04 23:51:07,2013-10-05 00:03:07,12.00
1380927184620000256,20000256,2013-10-04 23:53:04,2013-10-05 00:00:04,7.00
1380927199620000295,20000295,2013-10-04 23:53:19,2013-10-05 00:06:49,13.50
1380927207620000010,20000010,2013-10-04 23:53:27,2013-10-05 00:03:12,9.75
1380927421620000423,20000423,2013-10-04 23:57:01,2013-10-05 00:04:01,7.00
1380927427620000640,20000640,2013-10-04 23:57:07,2013-10-05 00:06:22,9.25
1380927435620000020,20000020,2013-10-04 23:57:15,2013-10-05 00:07:00,9.75
1380927435620000436,20000436,2013-10-04 23:57:15,2013-10-05 00:04:30,7.25
1380927462620000252,20000252,2013-10-04 23:57:42,2013-10-05 00:16:27,18.75
1380927465620000014,20000014,2013-10-04 23:57:45,2013-10-05 00:05:15,7.50
1380927513620000297,20000297,2013-10-04 23:58:33,2013-10-05 00:08:03,9.50
1380927580620000338,20000338,2013-10-04 23:59:40,2013-10-05 00:17:40,18.00
1380927591620000201,20000201,2013-10-04 23:59:51,2013-10-05 00:05:21,5.50
1381012890620000900,20000900,2013-10-05 23:41:30,2013-10-06 00:03:30,22.00
1381012895620000367,20000367,2013-10-05 23:41:35,2013-10-06 00:00:50,19.25
1381012931620000542,20000542,2013-10-05 23:42:11,2013-10-06 00:00:41,18.50
1381012953620000388,20000388,2013-10-05 23:42:33,2013-10-06 00:03:18,20.75
1381013037620000351,20000351,2013-10-05 23:43:57,2013-10-06 00:23:12,39.25
1381013077620000109,20000109,2013-10-05 23:44:37,2013-10-06 00:01:52,17.25
1381013159620000651,20000651,2013-10-05 23:45:59,2013-10-06 00:00:44,14.75
1381013181620000009,20000009,2013-10-05 23:46:21,2013-10-06 00:08:36,22.25
1381013224620000678,20000678,2013-10-05 23:47:04,2013-10-06 00:05:49,18.75
1381013248620000671,20000671,2013-10-05 23:47:28,2013-10-06 00:00:58,13.50
1381013346620000285,20000285,2013-10-05 23:49:06,2013-10-06 00:02:06,13.00
1381013353620000453,20000453,2013-10-05 23:49:13,2013-10-06 00:06:13,17.00
1381013371620000436,20000436,2013-10-05 23:49:31,2013-10-06 00:03:46,14.25
1381013394620000269,20000269,2013-10-05 23:49:54,2013-10-06 00:14:54,25.00
1381013436620000022,20000022,2013-10-05 23:50:36,2013-10-06 00:00:36,10.00
1381013487620000310,20000310,2013-10-05 23:51:27,2013-10-06 00:00:57,9.50
1381013491620000179,20000179,2013-10-05 23:51:31,2013-10-06 00:04:16,12.75
1381013501620000217,20000217,2013-10-05 23:51:41,2013-10-06 00:00:11,8.50
1381013509620000233,20000233,2013-10-05 23:51:49,2013-10-06 00:01:19,9.50
1381013534620000154,20000154,2013-10-05 23:52:14,2013-10-06 00:08:14,16.00
1381013535620000347,20000347,2013-10-05 23:52:15,2013-10-06 00:07:00,14.75
1381013590620000121,20000121,2013-10-05 23:53:10,2013-10-06 00:00:25,7.25
1381013596620000309,20000309,2013-10-05 23:53:16,2013-10-06 00:02:31,9.25
1381013635620000086,20000086,2013-10-05 23:53:55,2013-10-06 00:05:55,12.00
1381013637620000014,20000014,2013-10-05 23:53:57,2013-10-06 00:07:57,14.00
1381013649620000619,20000619,2013-10-05 23:54:09,2013-10-06 00:05:09,11.00
1381013662620000343,20000343,2013-10-05 23:54:22,2013-10-06 00:05:22,11.00
1381013676620000687,20000687,2013-10-05 23:54:36,2013-10-06 00:04:21,9.75
1381013682620000640,20000640,2013-10-05 23:54:42,2013-10-06 00:05:12,10.50
1381013714620000105,20000105,2013-10-05 23:55:14,2013-10-06 00:11:14,16.00
1381013724620000129,20000129,2013-10-05 23:55:24,2013-10-06 00:12:39,17.25
1381013767620000618,20000618,2013-10-05 23:56:07,2013-10-06 00:06:52,10.75
1381013770620000395,20000395,2013-10-05 23:56:10,2013-10-06 00:09:10,13.00
1381013781620000242,20000242,2013-10-05 23:56:21,2013-10-06 00:02:21,6.00
1381013798620000060,20000060,2013-10-05 23:56:38,2013-10-06 00:04:38,8.00
1381013824620000667,20000667,2013-10-05 23:57:04,2013-10-06 00:02:49,5.75
1381013835620000080,20000080,2013-10-05 23:57:15,2013-10-06 00:03:30,6.25
1381013847620000503,20000503,2013-10-05 23:57:27,2013-10-06 00:14:42,17.25
1381013879620000153,20000153,2013-10-05 23:57:59,2013-10-06 00:04:14,6.25
1381013891620000527,20000527,2013-10-05 23:58:11,2013-10-06 00:18:11,20.00
1381013901620000255,20000255,2013-10-05 23:58:21,2013-10-06 00:12:51,14.50
1381013915620000031,20000031,2013-10-05 23:58:35,2013-10-06 00:11:05,12.50
1381013928620000424,20000424,2013-10-05 23:58:48,2013-10-06 00:13:33,14.75
1381013969620000364,20000364,2013-10-05 23:59:29,2013-10-06 00:09:59,10.50
1381013981620000668,20000668,2013-10-05 23:59:41,2013-10-06 01:01:26,61.75
1381099196620000007,20000007,2013-10-06 23:39:56,2013-10-07 00:09:26,29.50
1381099728620000527,20000527,2013-10-06 23:48:48,2013-10-07 00:00:33,11.75
1381099768620000338,20000338,2013-10-06 23:49:28,2013-10-07 00:06:28,17.00
1381099885620000305,20000305,2013-10-06 23:51:25,2013-10-07 00:07:40,16.25
1381099923620000307,20000307,2013-10-06 23:52:03,2013-10-07 00:41:18,49.25
1381099938620000680,20000680,2013-10-06 23:52:18,2013-10-07 00:01:18,9.00
1381100262620000473,20000473,2013-10-06 23:57:42,2013-10-07 00:02:57,5.25
1381100316620000372,20000372,2013-10-06 23:58:36,2013-10-07 00:17:21,18.75
1381100344620000621,20000621,2013-10-06 23:59:04,2013-10-07 00:07:49,8.75
1381184276620000648,20000648,2013-10-07 23:17:56,2013-10-08 00:16:11,58.25
1381185788620000554,20000554,2013-10-07 23:43:08,2013-10-08 00:07:53,24.75
1381185815620000497,20000497,2013-10-07 23:43:35,2013-10-08 00:05:05,21.50
1381185920620000089,20000089,2013-10-07 23:45:20,2013-10-08 00:03:35,18.25
1381186196620000617,20000617,2013-10-07 23:49:56,2013-10-08 00:08:11,18.25
1381186226620000662,20000662,2013-10-07 23:50:26,2013-10-08 00:08:56,18.50
1381186283620000304,20000304,2013-10-07 23:51:23,2013-10-08 00:25:38,34.25
1381186427620000600,20000600,2013-10-07 23:53:47,2013-10-08 00:00:17,6.50
1381186427620000688,20000688,2013-10-07 23:53:47,2013-10-08 00:05:47,12.00
1381186430620000492,20000492,2013-10-07 23:53:50,2013-10-08 00:00:35,6.75
1381186573620000618,20000618,2013-10-07 23:56:13,2013-10-08 00:07:13,11.00
1381186614620000601,20000601,2013-10-07 23:56:54,2013-10-08 00:04:54,8.00
1381186639620000011,20000011,2013-10-07 23:57:19,2013-10-08 00:08:04,10.75
1381186686620000518,20000518,2013-10-07 23:58:06,2013-10-08 00:14:36,16.50
1381186703620000268,20000268,2013-10-07 23:58:23,2013-10-08 00:06:08,7.75
1381258487620000520,20000520,2013-10-08 19:54:47,2013-10-09 03:32:32,457.75
1381272040620000101,20000101,2013-10-08 23:40:40,2013-10-09 00:12:25,31.75
1381272130620000574,20000574,2013-10-08 23:42:10,2013-10-09 00:06:55,24.75
1381272815620000008,20000008,2013-10-08 23:53:35,2013-10-09 00:00:05,6.50
1381272818620000252,20000252,2013-10-08 23:53:38,2013-10-09 00:04:08,10.50
1381272903620000179,20000179,2013-10-08 23:55:03,2013-10-09 00:12:33,17.50
1381272947620000108,20000108,2013-10-08 23:55:47,2013-10-09 00:04:17,8.50
1381273031620000687,20000687,2013-10-08 23:57:11,2013-10-09 00:02:26,5.25
1381273064620000598,20000598,2013-10-08 23:57:44,2013-10-09 00:08:44,11.00
1381273120620000467,20000467,2013-10-08 23:58:40,2013-10-09 00:02:40,4.00
1381273181620000140,20000140,2013-10-08 23:59:41,2013-10-09 00:07:11,7.50
1381356811620000588,20000588,2013-10-09 23:13:31,2013-10-10 00:19:46,66.25
1381358067620000140,20000140,2013-10-09 23:34:27,2013-10-10 00:24:12,49.75
1381358434620000395,20000395,2013-10-09 23:40:34,2013-10-10 00:09:04,28.50
1381358948620000688,20000688,2013-10-09 23:49:08,2013-10-10 00:05:23,16.25
1381359044620000446,20000446,2013-10-09 23:50:44,2013-10-10 00:04:14,13.50
1381359131620000269,20000269,2013-10-09 23:52:11,2013-10-10 00:55:41,63.50
1381359145620000309,20000309,2013-10-09 23:52:25,2013-10-10 00:00:55,8.50
1381359327620000341,20000341,2013-10-09 23:55:27,2013-10-10 00:14:57,19.50
1381359372620000332,20000332,2013-10-09 23:56:12,2013-10-10 00:05:57,9.75
1381359389620000233,20000233,2013-10-09 23:56:29,2013-10-10 00:05:44,9.25
1381359473620000514,20000514,2013-10-09 23:57:53,2013-10-10 00:11:23,13.50
1381359486620000520,20000520,2013-10-09 23:58:06,2013-10-10 00:08:06,10.00
1381359537620000031,20000031,2013-10-09 23:58:57,2013-10-10 00:15:57,17.00
1381359540620000344,20000344,2013-10-09 23:59:00,2013-10-10 00:03:30,4.50
1381359572620000672,20000672,2013-10-09 23:59:32,2013-10-10 00:12:17,12.75
1381359590620000333,20000333,2013-10-09 23:59:50,2013-10-10 00:06:35,6.75
1381444745620000395,20000395,2013-10-10 23:39:05,2013-10-11 00:02:20,23.25
1381445298620000662,20000662,2013-10-10 23:48:18,2013-10-11 00:03:48,15.50
1381445336620000649,20000649,2013-10-10 23:48:56,2013-10-11 00:02:41,13.75
1381445338620000256,20000256,2013-10-10 23:48:58,2013-10-11 00:03:13,14.25
1381445369620000307,20000307,2013-10-10 23:49:29,2013-10-11 00:12:59,23.50
1381445383620000664,20000664,2013-10-10 23:49:43,2013-10-11 00:00:28,10.75
1381445492620000392,20000392,2013-10-10 23:51:32,2013-10-11 00:00:32,9.00
1381445562620000434,20000434,2013-10-10 23:52:42,2013-10-11 00:00:27,7.75
1381445619620000201,20000201,2013-10-10 23:53:39,2013-10-11 00:05:09,11.50
1381445619620000483,20000483,2013-10-10 23:53:39,2013-10-11 00:00:24,6.75
1381445664620000430,20000430,2013-10-10 23:54:24,2013-10-11 00:10:24,16.00
1381445670620000332,20000332,2013-10-10 23:54:30,2013-10-11 00:05:15,10.75
1381445693620000465,20000465,2013-10-10 23:54:53,2013-10-11 00:02:23,7.50
1381445702620000680,20000680,2013-10-10 23:55:02,2013-10-11 00:04:32,9.50
1381445752620000268,20000268,2013-10-10 23:55:52,2013-10-11 00:02:22,6.50
1381445769620000303,20000303,2013-10-10 23:56:09,2013-10-11 00:11:39,15.50
1381445771620000398,20000398,2013-10-10 23:56:11,2013-10-11 00:22:56,26.75
1381445773620000624,20000624,2013-10-10 23:56:13,2013-10-11 00:05:43,9.50
1381445809620000003,20000003,2013-10-10 23:56:49,2013-10-11 00:00:19,3.50
1381445862620000569,20000569,2013-10-10 23:57:42,2013-10-11 00:15:57,18.25
1381445866620000060,20000060,2013-10-10 23:57:46,2013-10-11 00:07:16,9.50
1381445867620000409,20000409,2013-10-10 23:57:47,2013-10-11 00:05:17,7.50
1381445881620000242,20000242,2013-10-10 23:58:01,2013-10-11 00:05:01,7.00
1381445908620000626,20000626,2013-10-10 23:58:28,2013-10-11 00:06:28,8.00
1381445954620000037,20000037,2013-10-10 23:59:14,2013-10-11 00:10:44,11.50
1381445958620000463,20000463,2013-10-10 23:59:18,2013-10-11 00:06:48,7.50
1381531446620000451,20000451,2013-10-11 23:44:06,2013-10-12 00:03:06,19.00
1381531561620000403,20000403,2013-10-11 23:46:01,2013-10-12 00:00:31,14.50
1381531591620000542,20000542,2013-10-11 23:46:31,2013-10-12 00:11:46,25.25
1381531672620000901,20000901,2013-10-11 23:47:52,2013-10-12 00:10:07,22.25
1381531709620000540,20000540,2013-10-11 23:48:29,2013-10-12 00:02:29,14.00
1381531718620000285,20000285,2013-10-11 23:48:38,2013-10-12 00:01:08,12.50
1381531731620000089,20000089,2013-10-11 23:48:51,2013-10-12 00:01:36,12.75
1381531738620000486,20000486,2013-10-11 23:48:58,2013-10-12 00:01:28,12.50
1381531789620000363,20000363,2013-10-11 23:49:49,2013-10-12 00:08:19,18.50
1381531796620000332,20000332,2013-10-11 23:49:56,2013-10-12 00:03:56,14.00
1381531825620000308,20000308,2013-10-11 23:50:25,2013-10-12 00:00:40,10.25
1381531827620000235,20000235,2013-10-11 23:50:27,2013-10-12 00:07:57,17.50
1381531884620000004,20000004,2013-10-11 23:51:24,2013-10-12 00:02:39,11.25
1381531904620000517,20000517,2013-10-11 23:51:44,2013-10-12 00:00:14,8.50
1381531950620000345,20000345,2013-10-11 23:52:30,2013-10-12 00:15:15,22.75
1381531989620000680,20000680,2013-10-11 23:53:09,2013-10-12 00:03:24,10.25
1381532003620000456,20000456,2013-10-11 23:53:23,2013-10-12 00:00:08,6.75
1381532009620000108,20000108,2013-10-11 23:53:29,2013-10-12 00:08:44,15.25
1381532021620000343,20000343,2013-10-11 23:53:41,2013-10-12 00:06:41,13.00
1381532058620000008,20000008,2013-10-11 23:54:18,2013-10-12 00:07:18,13.00
1381532086620000453,20000453,2013-10-11 23:54:46,2013-10-12 00:09:16,14.50
1381532159620000902,20000902,2013-10-11 23:55:59,2013-10-12 04:28:29,272.50
1381532166620000687,20000687,2013-10-11 23:56:06,2013-10-12 00:04:21,8.25
1381532178620000333,20000333,2013-10-11 23:56:18,2013-10-12 00:04:03,7.75
1381532188620000254,20000254,2013-10-11 23:56:28,2013-10-12 00:03:43,7.25
1381532216620000249,20000249,2013-10-11 23:56:56,2013-10-12 00:15:41,18.75
1381532217620000304,20000304,2013-10-11 23:56:57,2013-10-12 00:07:12,10.25
1381532274620000154,20000154,2013-10-11 23:57:54,2013-10-12 00:01:24,3.50
1381532333620000011,20000011,2013-10-11 23:58:53,2013-10-12 00:14:23,15.50
1381532347620000157,20000157,2013-10-11 23:59:07,2013-10-12 00:21:22,22.25
1381532362620000201,20000201,2013-10-11 23:59:22,2013-10-12 00:03:22,4.00
1381532362620000662,20000662,2013-10-11 23:59:22,2013-10-12 00:09:52,10.50
1381532375620000105,20000105,2013-10-11 23:59:35,2013-10-12 00:07:20,7.75
1381532380620000529,20000529,2013-10-11 23:59:40,2013-10-12 00:28:25,28.75
1381532390620000572,20000572,2013-10-11 23:59:50,2013-10-12 00:11:20,11.50
1381532391620000570,20000570,2013-10-11 23:59:51,2013-10-12 00:09:51,10.00
1381616372620000009,20000009,2013-10-12 23:19:32,2013-10-13 00:06:17,46.75
1381617097620000901,20000901,2013-10-12 23:31:37,2013-10-13 00:09:52,38.25
1381617354620000075,20000075,2013-10-12 23:35:54,2013-10-13 00:01:54,26.00
1381617494620000381,20000381,2013-10-12 23:38:14,2013-10-13 00:06:59,28.75
1381617970620000216,20000216,2013-10-12 23:46:10,2013-10-13 00:11:55,25.75
1381617991620000201,20000201,2013-10-12 23:46:31,2013-10-13 00:00:01,13.50
1381618018620000392,20000392,2013-10-12 23:46:58,2013-10-13 00:06:58,20.00
1381618070620000465,20000465,2013-10-12 23:47:50,2013-10-13 00:03:50,16.00
1381618099620000574,20000574,2013-10-12 23:48:19,2013-10-13 00:31:19,43.00
1381618104620000618,20000618,2013-10-12 23:48:24,2013-10-13 00:01:39,13.25
1381618115620000092,20000092,2013-10-12 23:48:35,2013-10-13 00:01:50,13.25
1381618160620000904,20000904,2013-10-12 23:49:20,2013-10-13 00:14:20,25.00
1381618215620000665,20000665,2013-10-12 23:50:15,2013-10-13 00:04:15,14.00
1381618234620000398,20000398,2013-10-12 23:50:34,2013-10-13 00:02:49,12.25
1381618236620000423,20000423,2013-10-12 23:50:36,2013-10-13 00:01:06,10.50
1381618241620000601,20000601,2013-10-12 23:50:41,2013-10-13 00:02:11,11.50
1381618281620000649,20000649,2013-10-12 23:51:21,2013-10-13 00:13:06,21.75
1381618395620000497,20000497,2013-10-12 23:53:15,2013-10-13 00:05:00,11.75
1381618398620000359,20000359,2013-10-12 23:53:18,2013-10-13 00:01:33,8.25
1381618406620000598,20000598,2013-10-12 23:53:26,2013-10-13 00:00:56,7.50
1381618462620000105,20000105,2013-10-12 23:54:22,2013-10-13 00:03:22,9.00
1381618489620000364,20000364,2013-10-12 23:54:49,2013-10-13 00:05:34,10.75
1381618492620000022,20000022,2013-10-12 23:54:52,2013-10-13 00:05:22,10.50
1381618499620000251,20000251,2013-10-12 23:54:59,2013-10-13 00:05:44,10.75
1381618505620000142,20000142,2013-10-12 23:55:05,2013-10-13 00:06:20,11.25
1381618509620000305,20000305,2013-10-12 23:55:09,2013-10-13 00:03:24,8.25
1381618509620000626,20000626,2013-10-12 23:55:09,2013-10-13 00:04:24,9.25
1381618586620000060,20000060,2013-10-12 23:56:26,2013-10-13 00:06:11,9.75
1381618613620000549,20000549,2013-10-12 23:56:53,2013-10-13 00:18:08,21.25
1381618614620000617,20000617,2013-10-12 23:56:54,2013-10-13 00:16:24,19.50
1381618634620000051,20000051,2013-10-12 23:57:14,2013-10-13 00:11:14,14.00
1381618648620000042,20000042,2013-10-12 23:57:28,2013-10-13 00:06:43,9.25
1381618666620000192,20000192,2013-10-12 23:57:46,2013-10-13 00:11:46,14.00
1381618690620000554,20000554,2013-10-12 23:58:10,2013-10-13 00:25:10,27.00
1381618694620000540,20000540,2013-10-12 23:58:14,2013-10-13 00:03:59,5.75
1381618700620000671,20000671,2013-10-12 23:58:20,2013-10-13 00:09:05,10.75
1381618712620000488,20000488,2013-10-12 23:58:32,2013-10-13 00:07:32,9.00
1381618720620000472,20000472,2013-10-12 23:58:40,2013-10-13 00:05:40,7.00
1381618729620000577,20000577,2013-10-12 23:58:49,2013-10-13 00:09:34,10.75
1381618750620000541,20000541,2013-10-12 23:59:10,2013-10-13 00:05:25,6.25
1381618761620000591,20000591,2013-10-12 23:59:21,2013-10-13 00:15:51,16.50
1381618798620000509,20000509,2013-10-12 23:59:58,2013-10-13 00:06:28,6.50
1381703802620000486,20000486,2013-10-13 23:36:42,2013-10-14 00:00:57,24.25
1381704356620000325,20000325,2013-10-13 23:45:56,2013-10-14 00:04:11,18.25
1381704397620000178,20000178,2013-10-13 23:46:37,2013-10-14 00:01:52,15.25
1381704581620000233,20000233,2013-10-13 23:49:41,2013-10-14 00:02:41,13.00
1381704644620000101,20000101,2013-10-13 23:50:44,2013-10-14 00:30:59,40.25
1381704647620000610,20000610,2013-10-13 23:50:47,2013-10-14 00:00:32,9.75
1381704703620000372,20000372,2013-10-13 23:51:43,2013-10-14 00:01:28,9.75
1381704733620000686,20000686,2013-10-13 23:52:13,2013-10-14 00:01:13,9.00
1381704785620000321,20000321,2013-10-13 23:53:05,2013-10-14 00:05:35,12.50
1381704825620000688,20000688,2013-10-13 23:53:45,2013-10-14 00:17:00,23.25
1381704902620000003,20000003,2013-10-13 23:55:02,2013-10-14 00:01:02,6.00
1381705028620000121,20000121,2013-10-13 23:57:08,2013-10-14 00:08:53,11.75
1381705098620000161,20000161,2013-10-13 23:58:18,2013-10-14 00:15:18,17.00
1381767082620000520,20000520,2013-10-14 17:11:22,2013-10-15 01:46:52,515.50
1381788143620000376,20000376,2013-10-14 23:02:23,2013-10-15 00:03:23,61.00
1381789189620000668,20000668,2013-10-14 23:19:49,2013-10-15 00:21:19,61.50
1381789316620000233,20000233,2013-10-14 23:21:56,2013-10-15 00:28:26,66.50
1381790092620000308,20000308,2013-10-14 23:34:52,2013-10-15 00:00:52,26.00
1381790687620000574,20000574,2013-10-14 23:44:47,2013-10-15 00:03:02,18.25
1381790872620000356,20000356,2013-10-14 23:47:52,2013-10-15 00:00:07,12.25
1381790918620000488,20000488,2013-10-14 23:48:38,2013-10-15 00:01:53,13.25
1381790989620000453,20000453,2013-10-14 23:49:49,2013-10-15 00:00:19,10.50
1381791073620000015,20000015,2013-10-14 23:51:13,2013-10-15 00:04:28,13.25
1381791221620000372,20000372,2013-10-14 23:53:41,2013-10-15 00:13:11,19.50
1381791399620000483,20000483,2013-10-14 23:56:39,2013-10-15 00:06:09,9.50
1381791403620000216,20000216,2013-10-14 23:56:43,2013-10-15 00:10:28,13.75
1381791459620000215,20000215,2013-10-14 23:57:39,2013-10-15 00:03:54,6.25
1381791460620000688,20000688,2013-10-14 23:57:40,2013-10-15 00:06:25,8.75
1381791556620000268,20000268,2013-10-14 23:59:16,2013-10-15 00:02:31,3.25
1381875485620000680,20000680,2013-10-15 23:18:05,2013-10-16 00:47:20,89.25
1381877027620000004,20000004,2013-10-15 23:43:47,2013-10-16 00:45:17,61.50
1381877305620000626,20000626,2013-10-15 23:48:25,2013-10-16 00:05:25,17.00
1381877447620000430,20000430,2013-10-15 23:50:47,2013-10-16 00:02:02,11.25
1381877520620000453,20000453,2013-10-15 23:52:00,2013-10-16 00:06:15,14.25
1381877624620000105,20000105,2013-10-15 23:53:44,2013-10-16 00:16:59,23.25
1381877628620000424,20000424,2013-10-15 23:53:48,2013-10-16 00:14:33,20.75
1381877637620000325,20000325,2013-10-15 23:53:57,2013-10-16 00:21:57,28.00
1381877664620000022,20000022,2013-10-15 23:54:24,2013-10-16 00:22:39,28.25
1381877681620000542,20000542,2013-10-15 23:54:41,2013-10-16 00:01:56,7.25
1381877766620000256,20000256,2013-10-15 23:56:06,2013-10-16 00:01:06,5.00
1381877772620000311,20000311,2013-10-15 23:56:12,2013-10-16 00:01:12,5.00
1381877800620000483,20000483,2013-10-15 23:56:40,2013-10-16 00:03:40,7.00
1381877812620000473,20000473,2013-10-15 23:56:52,2013-10-16 00:07:07,10.25
1381877914620000376,20000376,2013-10-15 23:58:34,2013-10-16 00:13:04,14.50
1381877932620000011,20000011,2013-10-15 23:58:52,2013-10-16 00:08:37,9.75
1381877946620000179,20000179,2013-10-15 23:59:06,2013-10-16 00:03:06,4.00
1381963246620000653,20000653,2013-10-16 23:40:46,2013-10-17 00:06:31,25.75
1381963475620000621,20000621,2013-10-16 23:44:35,2013-10-17 00:03:20,18.75
1381963525620000004,20000004,2013-10-16 23:45:25,2013-10-17 00:23:40,38.25
1381963695620000570,20000570,2013-10-16 23:48:15,2013-10-17 00:03:00,14.75
1381963777620000571,20000571,2013-10-16 23:49:37,2013-10-17 00:01:52,12.25
1381963789620000276,20000276,2013-10-16 23:49:49,2013-10-17 00:03:19,13.50
1381963803620000686,20000686,2013-10-16 23:50:03,2013-10-17 00:03:18,13.25
1381963850620000451,20000451,2013-10-16 23:50:50,2013-10-17 00:06:20,15.50
1381963879620000465,20000465,2013-10-16 23:51:19,2013-10-17 00:26:19,35.00
1381963894620000483,20000483,2013-10-16 23:51:34,2013-10-17 00:00:04,8.50
1381964022620000376,20000376,2013-10-16 23:53:42,2013-10-17 00:02:27,8.75
1381964086620000184,20000184,2013-10-16 23:54:46,2013-10-17 00:12:31,17.75
1381964153620000249,20000249,2013-10-16 23:55:53,2013-10-17 00:06:53,11.00
1381964157620000231,20000231,2013-10-16 23:55:57,2013-10-17 00:04:12,8.25
1381964157620000473,20000473,2013-10-16 23:55:57,2013-10-17 00:01:12,5.25
1381964213620000344,20000344,2013-10-16 23:56:53,2013-10-17 00:06:53,10.00
1381964223620000161,20000161,2013-10-16 23:57:03,2013-10-17 00:00:33,3.50
1381964269620000235,20000235,2013-10-16 23:57:49,2013-10-17 00:05:49,8.00
1381964321620000463,20000463,2013-10-16 23:58:41,2013-10-17 00:05:26,6.75
1381964337620000509,20000509,2013-10-16 23:58:57,2013-10-17 00:16:27,17.50
1381964343620000325,20000325,2013-10-16 23:59:03,2013-10-17 00:10:48,11.75
1381964359620000403,20000403,2013-10-16 23:59:19,2013-10-17 00:05:34,6.25
1382047041620000089,20000089,2013-10-17 22:57:21,2013-10-18 00:20:51,83.50
1382049044620000902,20000902,2013-10-17 23:30:44,2013-10-18 00:05:29,34.75
1382049176620000285,20000285,2013-10-17 23:32:56,2013-10-18 00:19:56,47.00
1382049306620000215,20000215,2013-10-17 23:35:06,2013-10-18 00:21:21,46.25
1382049596620000160,20000160,2013-10-17 23:39:56,2013-10-18 00:04:56,25.00
1382049962620000598,20000598,2013-10-17 23:46:02,2013-10-18 00:01:02,15.00
1382050182620000518,20000518,2013-10-17 23:49:42,2013-10-18 00:00:42,11.00
1382050201620000173,20000173,2013-10-17 23:50:01,2013-10-18 00:06:01,16.00
1382050245620000321,20000321,2013-10-17 23:50:45,2013-10-18 00:02:00,11.25
1382050411620000901,20000901,2013-10-17 23:53:31,2013-10-18 00:00:16,6.75
1382050444620000136,20000136,2013-10-17 23:54:04,2013-10-18 00:09:34,15.50
1382050480620000454,20000454,2013-10-17 23:54:40,2013-10-18 00:01:10,6.50
1382050587620000224,20000224,2013-10-17 23:56:27,2013-10-18 00:01:57,5.50
1382050624620000589,20000589,2013-10-17 23:57:04,2013-10-18 00:08:49,11.75
1382050631620000344,20000344,2013-10-17 23:57:11,2013-10-18 00:03:26,6.25
1382050635620000108,20000108,2013-10-17 23:57:15,2013-10-18 00:02:45,5.50
1382050703620000497,20000497,2013-10-17 23:58:23,2013-10-18 00:07:23,9.00
1382050751620000235,20000235,2013-10-17 23:59:11,2013-10-18 00:02:41,3.50
1382050777620000653,20000653,2013-10-17 23:59:37,2013-10-18 00:08:37,9.00
1382050793620000337,20000337,2013-10-17 23:59:53,2013-10-18 00:05:38,5.75
1382130432620000529,20000529,2013-10-18 22:07:12,2013-10-19 00:17:57,130.75
1382131069620000560,20000560,2013-10-18 22:17:49,2013-10-19 00:53:34,155.75
1382135590620000517,20000517,2013-10-18 23:33:10,2013-10-19 00:27:10,54.00
1382136513620000554,20000554,2013-10-18 23:48:33,2013-10-19 00:06:18,17.75
1382136561620000268,20000268,2013-10-18 23:49:21,2013-10-19 00:04:51,15.50
1382136574620000167,20000167,2013-10-18 23:49:34,2013-10-19 00:09:04,19.50
1382136598620000463,20000463,2013-10-18 23:49:58,2013-10-19 00:08:28,18.50
1382136616620000398,20000398,2013-10-18 23:50:16,2013-10-19 00:04:01,13.75
1382136709620000254,20000254,2013-10-18 23:51:49,2013-10-19 00:06:49,15.00
1382136768620000066,20000066,2013-10-18 23:52:48,2013-10-19 00:03:03,10.25
1382136818620000572,20000572,2013-10-18 23:53:38,2013-10-19 00:01:23,7.75
1382136820620000434,20000434,2013-10-18 23:53:40,2013-10-19 00:06:40,13.00
1382136864620000157,20000157,2013-10-18 23:54:24,2013-10-19 00:05:54,11.50
1382136867620000160,20000160,2013-10-18 23:54:27,2013-10-19 00:13:57,19.50
1382136884620000514,20000514,2013-10-18 23:54:44,2013-10-19 00:01:29,6.75
1382136961620000038,20000038,2013-10-18 23:56:01,2013-10-19 00:03:16,7.25
1382136963620000304,20000304,2013-10-18 23:56:03,2013-10-19 00:05:03,9.00
1382136983620000239,20000239,2013-10-18 23:56:23,2013-10-19 00:11:53,15.50
1382137007620000256,20000256,2013-10-18 23:56:47,2013-10-19 00:06:47,10.00
1382137011620000453,20000453,2013-10-18 23:56:51,2013-10-19 00:07:21,10.50
1382137054620000197,20000197,2013-10-18 23:57:34,2013-10-19 00:09:04,11.50
1382137094620000081,20000081,2013-10-18 23:58:14,2013-10-19 00:04:14,6.00
1382137126620000419,20000419,2013-10-18 23:58:46,2013-10-19 00:05:01,6.25
1382137147620000540,20000540,2013-10-18 23:59:07,2013-10-19 00:03:52,4.75
1382137154620000341,20000341,2013-10-18 23:59:14,2013-10-19 00:05:59,6.75
1382137157620000657,20000657,2013-10-18 23:59:17,2013-10-19 00:14:02,14.75
1382222426620000054,20000054,2013-10-19 23:40:26,2013-10-20 00:02:41,22.25
1382222562620000173,20000173,2013-10-19 23:42:42,2013-10-20 00:02:27,19.75
1382222734620000304,20000304,2013-10-19 23:45:34,2013-10-20 00:00:19,14.75
1382222901620000616,20000616,2013-10-19 23:48:21,2013-10-20 00:02:21,14.00
1382222907620000662,20000662,2013-10-19 23:48:27,2013-10-20 00:05:42,17.25
1382222915620000239,20000239,2013-10-19 23:48:35,2013-10-20 00:03:05,14.50
1382222925620000633,20000633,2013-10-19 23:48:45,2013-10-20 00:13:00,24.25
1382222981620000403,20000403,2013-10-19 23:49:41,2013-10-20 00:00:56,11.25
1382222981620000451,20000451,2013-10-19 23:49:41,2013-10-20 00:03:26,13.75
1382222998620000305,20000305,2013-10-19 23:49:58,2013-10-20 00:04:13,14.25
1382223036620000243,20000243,2013-10-19 23:50:36,2013-10-20 00:03:21,12.75
1382223065620000285,20000285,2013-10-19 23:51:05,2013-10-20 00:26:20,35.25
1382223094620000057,20000057,2013-10-19 23:51:34,2013-10-20 00:01:04,9.50
1382223097620000570,20000570,2013-10-19 23:51:37,2013-10-20 00:00:52,9.25
1382223106620000224,20000224,2013-10-19 23:51:46,2013-10-20 00:02:01,10.25
1382223114620000370,20000370,2013-10-19 23:51:54,2013-10-20 00:00:54,9.00
1382223171620000179,20000179,2013-10-19 23:52:51,2013-10-20 00:08:21,15.50
1382223180620000376,20000376,2013-10-19 23:53:00,2013-10-20 00:17:30,24.50
1382223215620000359,20000359,2013-10-19 23:53:35,2013-10-20 00:10:20,16.75
1382223216620000008,20000008,2013-10-19 23:53:36,2013-10-20 00:00:36,7.00
1382223220620000406,20000406,2013-10-19 23:53:40,2013-10-20 00:04:55,11.25
1382223248620000009,20000009,2013-10-19 23:54:08,2013-10-20 00:04:53,10.75
1382223252620000167,20000167,2013-10-19 23:54:12,2013-10-20 00:03:27,9.25
1382223314620000398,20000398,2013-10-19 23:55:14,2013-10-20 00:04:44,9.50
1382223318620000254,20000254,2013-10-19 23:55:18,2013-10-20 00:07:48,12.50
1382223326620000423,20000423,2013-10-19 23:55:26,2013-10-20 00:01:11,5.75
1382223356620000574,20000574,2013-10-19 23:55:56,2013-10-20 00:16:41,20.75
1382223372620000320,20000320,2013-10-19 23:56:12,2013-10-20 00:10:42,14.50
1382223464620000067,20000067,2013-10-19 23:57:44,2013-10-20 00:04:44,7.00
1382223466620000600,20000600,2013-10-19 23:57:46,2013-10-20 00:03:46,6.00
1382223512620000572,20000572,2013-10-19 23:58:32,2013-10-20 00:06:17,7.75
1382223513620000508,20000508,2013-10-19 23:58:33,2013-10-20 00:03:03,4.50
1382223529620000665,20000665,2013-10-19 23:58:49,2013-10-20 00:05:19,6.50
1382223563620000038,20000038,2013-10-19 23:59:23,2013-10-20 00:05:53,6.50
1382223567620000601,20000601,2013-10-19 23:59:27,2013-10-20 00:16:12,16.75
1382223587620000325,20000325,2013-10-19 23:59:47,2013-10-20 00:12:32,12.75
1382308618620000665,20000665,2013-10-20 23:36:58,2013-10-21 01:28:58,112.00
1382309353620000280,20000280,2013-10-20 23:49:13,2013-10-21 00:00:13,11.00
1382309394620000023,20000023,2013-10-20 23:49:54,2013-10-21 00:00:24,10.50
1382309432620000527,20000527,2013-10-20 23:50:32,2013-10-21 00:00:47,10.25
1382309564620000022,20000022,2013-10-20 23:52:44,2013-10-21 00:01:59,9.25
1382309637620000423,20000423,2013-10-20 23:53:57,2013-10-21 00:00:57,7.00
1382309690620000472,20000472,2013-10-20 23:54:50,2013-10-21 00:05:50,11.00
1382309756620000571,20000571,2013-10-20 23:55:56,2013-10-21 00:04:56,9.00
1382309805620000179,20000179,2013-10-20 23:56:45,2013-10-21 00:13:15,16.50
1382309808620000574,20000574,2013-10-20 23:56:48,2013-10-21 00:13:18,16.50
1382309848620000249,20000249,2013-10-20 23:57:28,2013-10-21 00:06:28,9.00
1382309849620000465,20000465,2013-10-20 23:57:29,2013-10-21 00:02:44,5.25
1382309873620000303,20000303,2013-10-20 23:57:53,2013-10-21 00:05:53,8.00
1382309962620000195,20000195,2013-10-20 23:59:22,2013-10-21 00:06:07,6.75
1382309993620000453,20000453,2013-10-20 23:59:53,2013-10-21 00:05:38,5.75
1382395541620000621,20000621,2013-10-21 23:45:41,2013-10-22 00:14:11,28.50
1382395711620000435,20000435,2013-10-21 23:48:31,2013-10-22 00:08:46,20.25
1382395905620000054,20000054,2013-10-21 23:51:45,2013-10-22 00:00:45,9.00
1382395954620000618,20000618,2013-10-21 23:52:34,2013-10-22 00:07:49,15.25
1382395968620000179,20000179,2013-10-21 23:52:48,2013-10-22 00:00:48,8.00
1382396008620000136,20000136,2013-10-21 23:53:28,2013-10-22 00:00:13,6.75
1382396055620000483,20000483,2013-10-21 23:54:15,2013-10-22 00:04:45,10.50
1382396074620000610,20000610,2013-10-21 23:54:34,2013-10-22 00:14:19,19.75
1382396087620000632,20000632,2013-10-21 23:54:47,2013-10-22 00:03:17,8.50
1382396178620000089,20000089,2013-10-21 23:56:18,2013-10-22 00:01:48,5.50
1382396179620000196,20000196,2013-10-21 23:56:19,2013-10-22 00:07:19,11.00
1382396224620000406,20000406,2013-10-21 23:57:04,2013-10-22 00:10:19,13.25
1382396225620000436,20000436,2013-10-21 23:57:05,2013-10-22 00:06:35,9.50
1382396227620000678,20000678,2013-10-21 23:57:07,2013-10-22 00:09:52,12.75
1382396275620000307,20000307,2013-10-21 23:57:55,2013-10-22 00:10:25,12.50
1382396281620000273,20000273,2013-10-21 23:58:01,2013-10-22 00:16:16,18.25
1382396332620000231,20000231,2013-10-21 23:58:52,2013-10-22 00:06:52,8.00
1382396393620000010,20000010,2013-10-21 23:59:53,2013-10-22 00:23:08,23.25
1382481072620000252,20000252,2013-10-22 23:31:12,2013-10-23 00:07:42,36.50
1382481609620000431,20000431,2013-10-22 23:40:09,2013-10-23 00:00:39,20.50
1382481903620000453,20000453,2013-10-22 23:45:03,2013-10-23 00:22:03,37.00
1382482057620000360,20000360,2013-10-22 23:47:37,2013-10-23 00:02:07,14.50
1382482072620000684,20000684,2013-10-22 23:47:52,2013-10-23 00:04:22,16.50
1382482261620000112,20000112,2013-10-22 23:51:01,2013-10-23 00:01:01,10.00
1382482360620000388,20000388,2013-10-22 23:52:40,2013-10-23 00:02:55,10.25
1382482395620000570,20000570,2013-10-22 23:53:15,2013-10-23 00:11:00,17.75
1382482501620000497,20000497,2013-10-22 23:55:01,2013-10-23 00:06:16,11.25
1382482508620000632,20000632,2013-10-22 23:55:08,2013-10-23 00:02:23,7.25
1382482629620000370,20000370,2013-10-22 23:57:09,2013-10-23 00:06:09,9.00
1382482653620000904,20000904,2013-10-22 23:57:33,2013-10-23 00:02:33,5.00
1382482680620000345,20000345,2013-10-22 23:58:00,2013-10-23 00:07:30,9.50
1382482712620000392,20000392,2013-10-22 23:58:32,2013-10-23 00:08:17,9.75
1382482752620000446,20000446,2013-10-22 23:59:12,2013-10-23 00:08:57,9.75
1382482779620000332,20000332,2013-10-22 23:59:39,2013-10-23 00:05:24,5.75
1382561899620000902,20000902,2013-10-23 21:58:19,2013-10-24 00:20:04,141.75
1382568074620000395,20000395,2013-10-23 23:41:14,2013-10-24 00:16:59,35.75
1382568323620000004,20000004,2013-10-23 23:45:23,2013-10-24 00:00:38,15.25
1382568541620000038,20000038,2013-10-23 23:49:01,2013-10-24 00:19:46,30.75
1382568595620000574,20000574,2013-10-23 23:49:55,2013-10-24 00:01:40,11.75
1382568718620000332,20000332,2013-10-23 23:51:58,2013-10-24 00:00:58,9.00
1382568834620000108,20000108,2013-10-23 23:53:54,2013-10-24 00:04:24,10.50
1382568911620000616,20000616,2013-10-23 23:55:11,2013-10-24 00:01:26,6.25
1382568986620000665,20000665,2013-10-23 23:56:26,2013-10-24 00:07:41,11.25
1382568990620000089,20000089,2013-10-23 23:56:30,2013-10-24 00:02:45,6.25
1382568996620000612,20000612,2013-10-23 23:56:36,2013-10-24 00:11:06,14.50
1382569075620000430,20000430,2013-10-23 23:57:55,2013-10-24 00:02:25,4.50
1382569075620000648,20000648,2013-10-23 23:57:55,2013-10-24 00:09:25,11.50
1382569101620000303,20000303,2013-10-23 23:58:21,2013-10-24 00:06:21,8.00
1382569121620000363,20000363,2013-10-23 23:58:41,2013-10-24 00:06:11,7.50
1382569146620000675,20000675,2013-10-23 23:59:06,2013-10-24 00:07:21,8.25
1382654678620000304,20000304,2013-10-24 23:44:38,2013-10-25 00:16:53,32.25
1382654931620000624,20000624,2013-10-24 23:48:51,2013-10-25 00:01:21,12.50
1382655035620000672,20000672,2013-10-24 23:50:35,2013-10-25 00:00:50,10.25
1382655112620000140,20000140,2013-10-24 23:51:52,2013-10-25 00:10:07,18.25
1382655140620000589,20000589,2013-10-24 23:52:20,2013-10-25 00:09:35,17.25
1382655145620000569,20000569,2013-10-24 23:52:25,2013-10-25 00:01:10,8.75
1382655174620000233,20000233,2013-10-24 23:52:54,2013-10-25 00:06:39,13.75
1382655209620000224,20000224,2013-10-24 23:53:29,2013-10-25 00:05:29,12.00
1382655261620000022,20000022,2013-10-24 23:54:21,2013-10-25 00:09:06,14.75
1382655286620000054,20000054,2013-10-24 23:54:46,2013-10-25 00:02:16,7.50
1382655335620000648,20000648,2013-10-24 23:55:35,2013-10-25 00:03:20,7.75
1382655340620000688,20000688,2013-10-24 23:55:40,2013-10-25 00:03:40,8.00
1382655547620000245,20000245,2013-10-24 23:59:07,2013-10-25 00:06:37,7.50
1382655570620000509,20000509,2013-10-24 23:59:30,2013-10-25 00:12:45,13.25
1382655589620000657,20000657,2013-10-24 23:59:49,2013-10-25 00:15:04,15.25
1382737577620000074,20000074,2013-10-25 22:46:17,2013-10-26 00:19:47,93.50
1382739441620000376,20000376,2013-10-25 23:17:21,2013-10-26 00:18:51,61.50
1382740398620000356,20000356,2013-10-25 23:33:18,2013-10-26 00:01:48,28.50
1382740531620000668,20000668,2013-10-25 23:35:31,2013-10-26 00:15:46,40.25
1382740717620000285,20000285,2013-10-25 23:38:37,2013-10-26 00:22:37,44.00
1382740835620000451,20000451,2013-10-25 23:40:35,2013-10-26 00:01:20,20.75
1382741022620000344,20000344,2013-10-25 23:43:42,2013-10-26 00:00:42,17.00
1382741061620000540,20000540,2013-10-25 23:44:21,2013-10-26 00:00:21,16.00
1382741126620000311,20000311,2013-10-25 23:45:26,2013-10-26 00:03:26,18.00
1382741155620000503,20000503,2013-10-25 23:45:55,2013-10-26 00:01:55,16.00
1382741172620000268,20000268,2013-10-25 23:46:12,2013-10-26 00:00:27,14.25
1382741188620000542,20000542,2013-10-25 23:46:28,2013-10-26 00:01:13,14.75
1382741272620000015,20000015,2013-10-25 23:47:52,2013-10-26 00:32:22,44.50
1382741300620000601,20000601,2013-10-25 23:48:20,2013-10-26 00:06:20,18.00
1382741355620000304,20000304,2013-10-25 23:49:15,2013-10-26 00:06:15,17.00
1382741369620000022,20000022,2013-10-25 23:49:29,2013-10-26 00:17:59,28.50
1382741436620000372,20000372,2013-10-25 23:50:36,2013-10-26 00:04:51,14.25
1382741458620000037,20000037,2013-10-25 23:50:58,2013-10-26 00:11:58,21.00
1382741471620000370,20000370,2013-10-25 23:51:11,2013-10-26 00:00:26,9.25
1382741547620000483,20000483,2013-10-25 23:52:27,2013-10-26 00:05:57,13.50
1382741556620000903,20000903,2013-10-25 23:52:36,2013-10-26 00:00:51,8.25
1382741558620000387,20000387,2013-10-25 23:52:38,2013-10-26 00:00:23,7.75
1382741564620000617,20000617,2013-10-25 23:52:44,2013-10-26 00:03:29,10.75
1382741567620000554,20000554,2013-10-25 23:52:47,2013-10-26 00:22:32,29.75
1382741599620000129,20000129,2013-10-25 23:53:19,2013-10-26 00:12:19,19.00
1382741615620000054,20000054,2013-10-25 23:53:35,2013-10-26 00:07:20,13.75
1382741641620000672,20000672,2013-10-25 23:54:01,2013-10-26 00:03:46,9.75
1382741653620000256,20000256,2013-10-25 23:54:13,2013-10-26 00:03:13,9.00
1382741673620000440,20000440,2013-10-25 23:54:33,2013-10-26 00:23:33,29.00
1382741710620000351,20000351,2013-10-25 23:55:10,2013-10-26 00:01:25,6.25
1382741714620000254,20000254,2013-10-25 23:55:14,2013-10-26 00:08:29,13.25
1382741714620000527,20000527,2013-10-25 23:55:14,2013-10-26 00:06:14,11.00
1382741744620000589,20000589,2013-10-25 23:55:44,2013-10-26 00:00:59,5.25
1382741850620000320,20000320,2013-10-25 23:57:30,2013-10-26 00:00:45,3.25
1382741874620000649,20000649,2013-10-25 23:57:54,2013-10-26 00:07:54,10.00
1382741907620000235,20000235,2013-10-25 23:58:27,2013-10-26 00:10:57,12.50
1382741915620000297,20000297,2013-10-25 23:58:35,2013-10-26 00:13:20,14.75
1382741918620000431,20000431,2013-10-25 23:58:38,2013-10-26 00:07:23,8.75
1382741923620000435,20000435,2013-10-25 23:58:43,2013-10-26 00:03:43,5.00
1382741935620000570,20000570,2013-10-25 23:58:55,2013-10-26 00:04:10,5.25
1382741937620000224,20000224,2013-10-25 23:58:57,2013-10-26 00:07:12,8.25
1382741965620000343,20000343,2013-10-25 23:59:25,2013-10-26 00:15:40,16.25
1382741980620000671,20000671,2013-10-25 23:59:40,2013-10-26 00:09:40,10.00
1382741986620000612,20000612,2013-10-25 23:59:46,2013-10-26 00:06:16,6.50
1382824446620000497,20000497,2013-10-26 22:54:06,2013-10-27 00:07:36,73.50
1382826698620000038,20000038,2013-10-26 23:31:38,2013-10-27 00:00:53,29.25
1382826794620000321,20000321,2013-10-26 23:33:14,2013-10-27 00:04:44,31.50
1382827076620000239,20000239,2013-10-26 23:37:56,2013-10-27 00:07:56,30.00
1382827211620000483,20000483,2013-10-26 23:40:11,2013-10-27 00:03:11,23.00
1382827708620000173,20000173,2013-10-26 23:48:28,2013-10-27 00:07:58,19.50
1382827831620000492,20000492,2013-10-26 23:50:31,2013-10-27 00:15:46,25.25
1382827869620000295,20000295,2013-10-26 23:51:09,2013-10-27 00:00:39,9.50
1382827880620000518,20000518,2013-10-26 23:51:20,2013-10-27 00:07:35,16.25
1382827890620000688,20000688,2013-10-26 23:51:30,2013-10-27 00:05:45,14.25
1382827917620000651,20000651,2013-10-26 23:51:57,2013-10-27 00:16:12,24.25
1382827937620000285,20000285,2013-10-26 23:52:17,2013-10-27 00:22:47,30.50
1382828044620000398,20000398,2013-10-26 23:54:04,2013-10-27 00:27:49,33.75
1382828070620000376,20000376,2013-10-26 23:54:30,2013-10-27 00:09:00,14.50
1382828093620000904,20000904,2013-10-26 23:54:53,2013-10-27 00:05:23,10.50
1382828095620000446,20000446,2013-10-26 23:54:55,2013-10-27 00:01:25,6.50
1382828102620000235,20000235,2013-10-26 23:55:02,2013-10-27 00:05:32,10.50
1382828132620000359,20000359,2013-10-26 23:55:32,2013-10-27 00:08:47,13.25
1382828138620000112,20000112,2013-10-26 23:55:38,2013-10-27 00:00:53,5.25
1382828190620000023,20000023,2013-10-26 23:56:30,2013-10-27 00:28:00,31.50
1382828214620000370,20000370,2013-10-26 23:56:54,2013-10-27 00:04:54,8.00
1382828233620000153,20000153,2013-10-26 23:57:13,2013-10-27 00:23:28,26.25
1382828248620000671,20000671,2013-10-26 23:57:28,2013-10-27 00:13:43,16.25
1382828257620000004,20000004,2013-10-26 23:57:37,2013-10-27 00:10:37,13.00
1382828271620000009,20000009,2013-10-26 23:57:51,2013-10-27 00:04:36,6.75
1382828329620000529,20000529,2013-10-26 23:58:49,2013-10-27 00:05:49,7.00
1382828360620000041,20000041,2013-10-26 23:59:20,2013-10-27 00:13:05,13.75
1382828377620000574,20000574,2013-10-26 23:59:37,2013-10-27 00:11:37,12.00
1382916973620000101,20000101,2013-10-27 23:36:13,2013-10-28 00:06:28,30.25
1382917821620000376,20000376,2013-10-27 23:50:21,2013-10-28 00:09:36,19.25
1382917904620000503,20000503,2013-10-27 23:51:44,2013-10-28 00:05:44,14.00
1382917926620000129,20000129,2013-10-27 23:52:06,2013-10-28 00:13:21,21.25
1382917966620000242,20000242,2013-10-27 23:52:46,2013-10-28 00:05:31,12.75
1382918045620000458,20000458,2013-10-27 23:54:05,2013-10-28 00:00:35,6.50
1382918059620000481,20000481,2013-10-27 23:54:19,2013-10-28 00:07:34,13.25
1382918070620000688,20000688,2013-10-27 23:54:30,2013-10-28 00:04:15,9.75
1382918089620000648,20000648,2013-10-27 23:54:49,2013-10-28 00:01:34,6.75
1382918110620000092,20000092,2013-10-27 23:55:10,2013-10-28 00:10:10,15.00
1382918263620000473,20000473,2013-10-27 23:57:43,2013-10-28 00:03:58,6.25
1382918268620000007,20000007,2013-10-27 23:57:48,2013-10-28 00:04:33,6.75
1382918353620000235,20000235,2013-10-27 23:59:13,2013-10-28 00:04:28,5.25
1382918381620000233,20000233,2013-10-27 23:59:41,2013-10-28 00:11:26,11.75
1383002554620000022,20000022,2013-10-28 23:22:34,2013-10-29 00:06:04,43.50
1383003343620000179,20000179,2013-10-28 23:35:43,2013-10-29 00:01:13,25.50
1383003907620000569,20000569,2013-10-28 23:45:07,2013-10-29 00:01:37,16.50
1383004412620000649,20000649,2013-10-28 23:53:32,2013-10-29 00:03:47,10.25
1383004417620000453,20000453,2013-10-28 23:53:37,2013-10-29 00:00:52,7.25
1383004425620000112,20000112,2013-10-28 23:53:45,2013-10-29 00:22:30,28.75
1383004425620000311,20000311,2013-10-28 23:53:45,2013-10-29 00:06:45,13.00
1383004462620000431,20000431,2013-10-28 23:54:22,2013-10-29 00:00:37,6.25
1383004556620000254,20000254,2013-10-28 23:55:56,2013-10-29 00:02:26,6.50
1383004576620000403,20000403,2013-10-28 23:56:16,2013-10-29 00:08:01,11.75
1383004653620000520,20000520,2013-10-28 23:57:33,2013-10-29 00:06:18,8.75
1383004695620000488,20000488,2013-10-28 23:58:15,2013-10-29 00:12:15,14.00
1383004761620000015,20000015,2013-10-28 23:59:21,2013-10-29 00:14:51,15.50
1383090431620000101,20000101,2013-10-29 23:47:11,2013-10-30 00:25:41,38.50
1383090877620000005,20000005,2013-10-29 23:54:37,2013-10-30 00:01:37,7.00
1383090992620000632,20000632,2013-10-29 23:56:32,2013-10-30 00:06:47,10.25
1383091137620000648,20000648,2013-10-29 23:58:57,2013-10-30 00:04:57,6.00
1383091145620000633,20000633,2013-10-29 23:59:05,2013-10-30 00:09:50,10.75
1383175496620000598,20000598,2013-10-30 23:24:56,2013-10-31 00:13:41,48.75
1383176630620000273,20000273,2013-10-30 23:43:50,2013-10-31 00:04:50,21.00
1383176944620000435,20000435,2013-10-30 23:49:04,2013-10-31 00:06:34,17.50
1383177017620000023,20000023,2013-10-30 23:50:17,2013-10-31 00:01:32,11.25
1383177044620000120,20000120,2013-10-30 23:50:44,2013-10-31 00:01:14,10.50
1383177150620000662,20000662,2013-10-30 23:52:30,2013-10-31 00:03:30,11.00
1383177309620000434,20000434,2013-10-30 23:55:09,2013-10-31 00:10:39,15.50
1383177354620000360,20000360,2013-10-30 23:55:54,2013-10-31 00:03:24,7.50
1383177398620000216,20000216,2013-10-30 23:56:38,2013-10-31 00:07:38,11.00
1383177420620000153,20000153,2013-10-30 23:57:00,2013-10-31 00:03:00,6.00
1383177423620000304,20000304,2013-10-30 23:57:03,2013-10-31 00:03:33,6.50
1383177427620000054,20000054,2013-10-30 23:57:07,2013-10-31 00:16:37,19.50
1383177427620000364,20000364,2013-10-30 23:57:07,2013-10-31 00:02:22,5.25
1383177454620000680,20000680,2013-10-30 23:57:34,2013-10-31 00:00:49,3.25
1383177513620000031,20000031,2013-10-30 23:58:33,2013-10-31 00:08:03,9.50
1383177539620000311,20000311,2013-10-30 23:58:59,2013-10-31 00:23:59,25.00
1383177569620000038,20000038,2013-10-30 23:59:29,2013-10-31 00:24:44,25.25
1383263126620000665,20000665,2013-10-31 23:45:26,2013-11-01 00:03:56,18.50
1383263164620000351,20000351,2013-10-31 23:46:04,2013-11-01 00:14:49,28.75
1383263279620000215,20000215,2013-10-31 23:47:59,2013-11-01 00:00:14,12.25
1383263290620000451,20000451,2013-10-31 23:48:10,2013-11-01 00:03:10,15.00
1383263461620000450,20000450,2013-10-31 23:51:01,2013-11-01 00:00:16,9.25
1383263493620000395,20000395,2013-10-31 23:51:33,2013-11-01 00:00:48,9.25
1383263532620000686,20000686,2013-10-31 23:52:12,2013-11-01 00:08:12,16.00
1383263604620000233,20000233,2013-10-31 23:53:24,2013-11-01 00:03:39,10.25
1383263651620000529,20000529,2013-10-31 23:54:11,2013-11-01 00:02:56,8.75
1383263675620000663,20000663,2013-10-31 23:54:35,2013-11-01 00:02:50,8.25
1383263686620000520,20000520,2013-10-31 23:54:46,2013-11-01 00:00:31,5.75
1383263699620000307,20000307,2013-10-31 23:54:59,2013-11-01 00:04:14,9.25
1383263741620000009,20000009,2013-10-31 23:55:41,2013-11-01 00:04:11,8.50
1383263790620000624,20000624,2013-10-31 23:56:30,2013-11-01 00:07:00,10.50
1383263793620000054,20000054,2013-10-31 23:56:33,2013-11-01 00:01:18,4.75
1383263802620000387,20000387,2013-10-31 23:56:42,2013-11-01 00:02:42,6.00
1383263807620000239,20000239,2013-10-31 23:56:47,2013-11-01 00:00:32,3.75
1383263845620000632,20000632,2013-10-31 23:57:25,2013-11-01 00:18:55,21.50
1383263871620000904,20000904,2013-10-31 23:57:51,2013-11-01 00:01:51,4.00
1383263923620000514,20000514,2013-10-31 23:58:43,2013-11-01 00:06:28,7.75
1383263928620000453,20000453,2013-10-31 23:58:48,2013-11-01 00:14:18,15.50
1383263941620000472,20000472,2013-10-31 23:59:01,2013-11-01 00:05:46,6.75
1383263956620000066,20000066,2013-10-31 23:59:16,2013-11-01 00:16:46,17.50
1383263960620000503,20000503,2013-10-31 23:59:20,2013-11-01 00:14:50,15.50
1383293324620000520,20000520,2013-11-01 08:08:44,2013-11-02 00:07:29,958.75
1383346982620000624,20000624,2013-11-01 23:03:02,2013-11-02 00:11:02,68.00
1383348777620000517,20000517,2013-11-01 23:32:57,2013-11-02 00:04:42,31.75
1383349115620000398,20000398,2013-11-01 23:38:35,2013-11-02 00:28:20,49.75
1383349201620000112,20000112,2013-11-01 23:40:01,2013-11-02 00:00:31,20.50
1383349290620000611,20000611,2013-11-01 23:41:30,2013-11-02 00:06:45,25.25
1383349343620000360,20000360,2013-11-01 23:42:23,2013-11-02 00:08:08,25.75
1383349350620000672,20000672,2013-11-01 23:42:30,2013-11-02 00:09:45,27.25
1383349444620000254,20000254,2013-11-01 23:44:04,2013-11-02 00:13:19,29.25
1383349453620000089,20000089,2013-11-01 23:44:13,2013-11-02 00:07:43,23.50
1383349460620000540,20000540,2013-11-01 23:44:20,2013-11-02 00:19:20,35.00
1383349470620000625,20000625,2013-11-01 23:44:30,2013-11-02 00:15:45,31.25
1383349552620000320,20000320,2013-11-01 23:45:52,2013-11-02 00:01:22,15.50
1383349566620000467,20000467,2013-11-01 23:46:06,2013-11-02 00:01:06,15.00
1383349606620000658,20000658,2013-11-01 23:46:46,2013-11-02 00:03:01,16.25
1383349629620000570,20000570,2013-11-01 23:47:09,2013-11-02 00:00:39,13.50
1383349664620000304,20000304,2013-11-01 23:47:44,2013-11-02 00:08:59,21.25
1383349692620000297,20000297,2013-11-01 23:48:12,2013-11-02 00:02:12,14.00
1383349710620000004,20000004,2013-11-01 23:48:30,2013-11-02 00:06:30,18.00
1383349713620000344,20000344,2013-11-01 23:48:33,2013-11-02 00:06:03,17.50
1383349717620000009,20000009,2013-11-01 23:48:37,2013-11-02 00:08:22,19.75
1383349790620000688,20000688,2013-11-01 23:49:50,2013-11-02 00:01:35,11.75
1383349804620000600,20000600,2013-11-01 23:50:04,2013-11-02 00:02:04,12.00
1383349811620000649,20000649,2013-11-01 23:50:11,2013-11-02 00:00:41,10.50
1383349819620000119,20000119,2013-11-01 23:50:19,2013-11-02 00:06:19,16.00
1383349823620000011,20000011,2013-11-01 23:50:23,2013-11-02 00:07:38,17.25
1383349830620000612,20000612,2013-11-01 23:50:30,2013-11-02 00:01:15,10.75
1383349839620000101,20000101,2013-11-01 23:50:39,2013-11-02 00:15:24,24.75
1383349891620000167,20000167,2013-11-01 23:51:31,2013-11-02 00:03:16,11.75
1383349905620000256,20000256,2013-11-01 23:51:45,2013-11-02 00:07:45,16.00
1383349927620000671,20000671,2013-11-01 23:52:07,2013-11-02 00:08:52,16.75
1383349929620000476,20000476,2013-11-01 23:52:09,2013-11-02 00:00:24,8.25
1383349955620000436,20000436,2013-11-01 23:52:35,2013-11-02 00:01:05,8.50
1383350027620000686,20000686,2013-11-01 23:53:47,2013-11-02 00:17:02,23.25
1383350037620000372,20000372,2013-11-01 23:53:57,2013-11-02 00:08:12,14.25
1383350047620000007,20000007,2013-11-01 23:54:07,2013-11-02 00:10:07,16.00
1383350049620000201,20000201,2013-11-01 23:54:09,2013-11-02 00:01:54,7.75
1383350064620000571,20000571,2013-11-01 23:54:24,2013-11-02 00:01:24,7.00
1383350079620000157,20000157,2013-11-01 23:54:39,2013-11-02 00:02:09,7.50
1383350092620000663,20000663,2013-11-01 23:54:52,2013-11-02 00:12:07,17.25
1383350098620000423,20000423,2013-11-01 23:54:58,2013-11-02 00:10:28,15.50
1383350118620000463,20000463,2013-11-01 23:55:18,2013-11-02 00:01:03,5.75
1383350134620000591,20000591,2013-11-01 23:55:34,2013-11-02 00:11:04,15.50
1383350161620000561,20000561,2013-11-01 23:56:01,2013-11-02 00:11:01,15.00
1383350168620000458,20000458,2013-11-01 23:56:08,2013-11-02 00:00:23,4.25
1383350175620000363,20000363,2013-11-01 23:56:15,2013-11-02 00:09:45,13.50
1383350197620000359,20000359,2013-11-01 23:56:37,2013-11-02 00:11:22,14.75
1383350209620000362,20000362,2013-11-01 23:56:49,2013-11-02 00:12:19,15.50
1383350231620000341,20000341,2013-11-01 23:57:11,2013-11-02 00:05:26,8.25
1383350257620000387,20000387,2013-11-01 23:57:37,2013-11-02 00:09:07,11.50
1383350268620000450,20000450,2013-11-01 23:57:48,2013-11-02 00:02:03,4.25
1383350286620000503,20000503,2013-11-01 23:58:06,2013-11-02 00:01:51,3.75
1383350295620000013,20000013,2013-11-01 23:58:15,2013-11-02 00:06:30,8.25
1383350318620000307,20000307,2013-11-01 23:58:38,2013-11-02 00:27:08,28.50
1383350321620000120,20000120,2013-11-01 23:58:41,2013-11-02 00:14:26,15.75
1383350327620000351,20000351,2013-11-01 23:58:47,2013-11-02 00:16:17,17.50
1383350339620000233,20000233,2013-11-01 23:58:59,2013-11-02 00:07:44,8.75
1383350342620000424,20000424,2013-11-01 23:59:02,2013-11-02 00:15:02,16.00
1383350352620000010,20000010,2013-11-01 23:59:12,2013-11-02 00:07:42,8.50
1383350356620000195,20000195,2013-11-01 23:59:16,2013-11-02 00:07:31,8.25
1383350394620000252,20000252,2013-11-01 23:59:54,2013-11-02 00:19:54,20.00
1383432847620000435,20000435,2013-11-02 22:54:07,2013-11-03 00:09:52,75.75
1383435962620000598,20000598,2013-11-02 23:46:02,2013-11-03 00:12:47,26.75
1383436021620000038,20000038,2013-11-02 23:47:01,2013-11-03 00:04:46,17.75
1383436090620000488,20000488,2013-11-02 23:48:10,2013-11-03 00:04:55,16.75
1383436107620000243,20000243,2013-11-02 23:48:27,2013-11-03 00:14:12,25.75
1383436142620000453,20000453,2013-11-02 23:49:02,2013-11-03 00:00:17,11.25
1383436219620000120,20000120,2013-11-02 23:50:19,2013-11-03 00:02:34,12.25
1383436253620000014,20000014,2013-11-02 23:50:53,2013-11-03 00:03:38,12.75
1383436261620000341,20000341,2013-11-02 23:51:01,2013-11-03 00:01:31,10.50
1383436320620000020,20000020,2013-11-02 23:52:00,2013-11-03 00:00:45,8.75
1383436346620000037,20000037,2013-11-02 23:52:26,2013-11-03 00:05:41,13.25
1383436347620000492,20000492,2013-11-02 23:52:27,2013-11-03 00:06:42,14.25
1383436356620000542,20000542,2013-11-02 23:52:36,2013-11-03 00:00:21,7.75
1383436385620000242,20000242,2013-11-02 23:53:05,2013-11-03 00:08:50,15.75
1383436435620000421,20000421,2013-11-02 23:53:55,2013-11-03 00:03:55,10.00
1383436460620000142,20000142,2013-11-02 23:54:20,2013-11-03 00:01:05,6.75
1383436461620000431,20000431,2013-11-02 23:54:21,2013-11-03 00:01:06,6.75
1383436465620000687,20000687,2013-11-02 23:54:25,2013-11-03 00:03:40,9.25
1383436467620000268,20000268,2013-11-02 23:54:27,2013-11-03 00:02:27,8.00
1383436517620000451,20000451,2013-11-02 23:55:17,2013-11-03 00:03:32,8.25
1383436575620000112,20000112,2013-11-02 23:56:15,2013-11-03 00:11:00,14.75
1383436585620000481,20000481,2013-11-02 23:56:25,2013-11-03 00:02:55,6.50
1383436590620000663,20000663,2013-11-02 23:56:30,2013-11-03 00:02:30,6.00
1383436615620000008,20000008,2013-11-02 23:56:55,2013-11-03 00:02:25,5.50
1383436624620000042,20000042,2013-11-02 23:57:04,2013-11-03 00:01:04,4.00
1383436636620000092,20000092,2013-11-02 23:57:16,2013-11-03 00:09:31,12.25
1383436646620000520,20000520,2013-11-02 23:57:26,2013-11-03 00:05:26,8.00
1383436666620000633,20000633,2013-11-02 23:57:46,2013-11-03 00:06:01,8.25
1383436680620000540,20000540,2013-11-02 23:58:00,2013-11-03 00:07:45,9.75
1383436714620000251,20000251,2013-11-02 23:58:34,2013-11-03 00:07:49,9.25
1383436751620000591,20000591,2013-11-02 23:59:11,2013-11-03 00:07:41,8.50
1383436760620000045,20000045,2013-11-02 23:59:20,2013-11-03 00:07:20,8.00
1383436771620000617,20000617,2013-11-02 23:59:31,2013-11-03 00:09:46,10.25
1383436788620000075,20000075,2013-11-02 23:59:48,2013-11-03 00:05:18,5.50
1383522714620000309,20000309,2013-11-03 23:51:54,2013-11-04 00:06:09,14.25
1383522719620000395,20000395,2013-11-03 23:51:59,2013-11-04 00:02:44,10.75
1383522881620000610,20000610,2013-11-03 23:54:41,2013-11-04 00:07:56,13.25
1383522919620000388,20000388,2013-11-03 23:55:19,2013-11-04 00:06:49,11.50
1383523188620000472,20000472,2013-11-03 23:59:48,2013-11-04 00:11:48,12.00
1383605507620000197,20000197,2013-11-04 22:51:47,2013-11-05 00:37:47,106.00
1383608826620000901,20000901,2013-11-04 23:47:06,2013-11-05 00:02:21,15.25
1383608866620000395,20000395,2013-11-04 23:47:46,2013-11-05 00:01:01,13.25
1383608986620000684,20000684,2013-11-04 23:49:46,2013-11-05 00:00:31,10.75
1383609105620000554,20000554,2013-11-04 23:51:45,2013-11-05 00:00:15,8.50
1383609238620000653,20000653,2013-11-04 23:53:58,2013-11-05 00:06:13,12.25
1383609265620000633,20000633,2013-11-04 23:54:25,2013-11-05 00:06:40,12.25
1383609390620000503,20000503,2013-11-04 23:56:30,2013-11-05 00:03:15,6.75
1383609461620000297,20000297,2013-11-04 23:57:41,2013-11-05 00:05:56,8.25
1383609503620000388,20000388,2013-11-04 23:58:23,2013-11-05 00:05:38,7.25
1383609521620000662,20000662,2013-11-04 23:58:41,2013-11-05 00:06:41,8.00
1383609527620000338,20000338,2013-11-04 23:58:47,2013-11-05 00:10:32,11.75
1383609577620000424,20000424,2013-11-04 23:59:37,2013-11-05 00:05:07,5.50
1383609585620000173,20000173,2013-11-04 23:59:45,2013-11-05 00:10:00,10.25
1383694116620000160,20000160,2013-11-05 23:28:36,2013-11-06 00:07:06,38.50
1383695170620000351,20000351,2013-11-05 23:46:10,2013-11-06 00:00:55,14.75
1383695262620000080,20000080,2013-11-05 23:47:42,2013-11-06 00:00:57,13.25
1383695484620000305,20000305,2013-11-05 23:51:24,2013-11-06 00:08:54,17.50
1383695509620000672,20000672,2013-11-05 23:51:49,2013-11-06 00:05:34,13.75
1383695721620000509,20000509,2013-11-05 23:55:21,2013-11-06 00:08:51,13.50
1383695726620000054,20000054,2013-11-05 23:55:26,2013-11-06 00:06:56,11.50
1383695812620000617,20000617,2013-11-05 23:56:52,2013-11-06 00:08:37,11.75
1383695820620000325,20000325,2013-11-05 23:57:00,2013-11-06 00:05:15,8.25
1383695861620000031,20000031,2013-11-05 23:57:41,2013-11-06 00:07:11,9.50
1383695939620000640,20000640,2013-11-05 23:58:59,2013-11-06 00:13:29,14.50
1383781182620000570,20000570,2013-11-06 23:39:42,2013-11-07 00:03:12,23.50
1383781277620000574,20000574,2013-11-06 23:41:17,2013-11-07 00:04:32,23.25
1383781610620000488,20000488,2013-11-06 23:46:50,2013-11-07 00:05:20,18.50
1383781683620000665,20000665,2013-11-06 23:48:03,2013-11-07 00:03:33,15.50
1383781959620000370,20000370,2013-11-06 23:52:39,2013-11-07 00:01:09,8.50
1383781973620000672,20000672,2013-11-06 23:52:53,2013-11-07 00:08:23,15.50
1383781991620000517,20000517,2013-11-06 23:53:11,2013-11-07 00:17:26,24.25
1383782067620000066,20000066,2013-11-06 23:54:27,2013-11-07 00:09:27,15.00
1383782074620000105,20000105,2013-11-06 23:54:34,2013-11-07 00:06:19,11.75
1383782189620000356,20000356,2013-11-06 23:56:29,2013-11-07 00:00:29,4.00
1383782298620000617,20000617,2013-11-06 23:58:18,2013-11-07 00:08:33,10.25
1383782365620000337,20000337,2013-11-06 23:59:25,2013-11-07 00:09:10,9.75
1383782394620000080,20000080,2013-11-06 23:59:54,2013-11-07 00:05:09,5.25
1383782399620000380,20000380,2013-11-06 23:59:59,2013-11-07 00:04:59,5.00
1383867788620000483,20000483,2013-11-07 23:43:08,2013-11-08 00:00:38,17.50
1383867845620000688,20000688,2013-11-07 23:44:05,2013-11-08 00:07:05,23.00
1383868033620000610,20000610,2013-11-07 23:47:13,2013-11-08 00:00:13,13.00
1383868198620000351,20000351,2013-11-07 23:49:58,2013-11-08 00:02:43,12.75
1383868303620000446,20000446,2013-11-07 23:51:43,2013-11-08 00:01:58,10.25
1383868389620000196,20000196,2013-11-07 23:53:09,2013-11-08 00:04:54,11.75
1383868453620000254,20000254,2013-11-07 23:54:13,2013-11-08 00:03:43,9.50
1383868454620000626,20000626,2013-11-07 23:54:14,2013-11-08 00:02:59,8.75
1383868482620000388,20000388,2013-11-07 23:54:42,2013-11-08 00:05:27,10.75
1383868494620000529,20000529,2013-11-07 23:54:54,2013-11-08 00:03:54,9.00
1383868495620000201,20000201,2013-11-07 23:54:55,2013-11-08 00:11:25,16.50
1383868532620000256,20000256,2013-11-07 23:55:32,2013-11-08 00:06:02,10.50
1383868561620000595,20000595,2013-11-07 23:56:01,2013-11-08 00:03:01,7.00
1383868598620000398,20000398,2013-11-07 23:56:38,2013-11-08 00:08:38,12.00
1383868671620000005,20000005,2013-11-07 23:57:51,2013-11-08 00:10:21,12.50
1383868694620000423,20000423,2013-11-07 23:58:14,2013-11-08 00:03:44,5.50
1383868716620000101,20000101,2013-11-07 23:58:36,2013-11-08 00:25:51,27.25
1383868763620000570,20000570,2013-11-07 23:59:23,2013-11-08 00:12:08,12.75
1383868794620000167,20000167,2013-11-07 23:59:54,2013-11-08 00:14:24,14.50
1383940424620000520,20000520,2013-11-08 19:53:44,2013-11-09 01:49:44,356.00
1383951933620000163,20000163,2013-11-08 23:05:33,2013-11-09 00:01:48,56.25
1383954232620000042,20000042,2013-11-08 23:43:52,2013-11-09 00:11:52,28.00
1383954263620000233,20000233,2013-11-08 23:44:23,2013-11-09 00:09:38,25.25
1383954330620000243,20000243,2013-11-08 23:45:30,2013-11-09 00:09:30,24.00
1383954427620000662,20000662,2013-11-08 23:47:07,2013-11-09 00:03:37,16.50
1383954520620000527,20000527,2013-11-08 23:48:40,2013-11-09 00:02:55,14.25
1383954530620000154,20000154,2013-11-08 23:48:50,2013-11-09 00:02:05,13.25
1383954535620000004,20000004,2013-11-08 23:48:55,2013-11-09 00:03:25,14.50
1383954538620000119,20000119,2013-11-08 23:48:58,2013-11-09 00:02:13,13.25
1383954702620000129,20000129,2013-11-08 23:51:42,2013-11-09 00:27:12,35.50
1383954770620000334,20000334,2013-11-08 23:52:50,2013-11-09 00:44:50,52.00
1383954779620000011,20000011,2013-11-08 23:52:59,2013-11-09 00:03:29,10.50
1383954780620000665,20000665,2013-11-08 23:53:00,2013-11-09 00:04:00,11.00
1383954888620000297,20000297,2013-11-08 23:54:48,2013-11-09 00:01:33,6.75
1383954895620000488,20000488,2013-11-08 23:54:55,2013-11-09 00:05:40,10.75
1383954937620000398,20000398,2013-11-08 23:55:37,2013-11-09 00:04:37,9.00
1383954944620000476,20000476,2013-11-08 23:55:44,2013-11-09 00:00:14,4.50
1383955009620000112,20000112,2013-11-08 23:56:49,2013-11-09 00:05:19,8.50
1383955089620000179,20000179,2013-11-08 23:58:09,2013-11-09 00:04:54,6.75
1383955106620000577,20000577,2013-11-08 23:58:26,2013-11-09 00:09:11,10.75
1383955139620000653,20000653,2013-11-08 23:58:59,2013-11-09 00:05:14,6.25
1383955155620000347,20000347,2013-11-08 23:59:15,2013-11-09 00:06:00,6.75
1383955156620000235,20000235,2013-11-08 23:59:16,2013-11-09 01:19:01,79.75
1383955175620000251,20000251,2013-11-08 23:59:35,2013-11-09 00:08:35,9.00
1383955198620000080,20000080,2013-11-08 23:59:58,2013-11-09 00:06:28,6.50
1384036941620000037,20000037,2013-11-09 22:42:21,2013-11-10 00:36:21,114.00
1384040385620000672,20000672,2013-11-09 23:39:45,2013-11-10 00:01:30,21.75
1384040395620000305,20000305,2013-11-09 23:39:55,2013-11-10 00:19:40,39.75
1384040692620000435,20000435,2013-11-09 23:44:52,2013-11-10 00:38:22,53.50
1384040747620000688,20000688,2013-11-09 23:45:47,2013-11-10 00:00:17,14.50
1384040817620000451,20000451,2013-11-09 23:46:57,2013-11-10 00:00:27,13.50
1384040879620000216,20000216,2013-11-09 23:47:59,2013-11-10 00:01:59,14.00
1384040968620000518,20000518,2013-11-09 23:49:28,2013-11-10 00:03:28,14.00
1384041045620000031,20000031,2013-11-09 23:50:45,2013-11-10 00:04:00,13.25
1384041184620000388,20000388,2013-11-09 23:53:04,2013-11-10 00:11:34,18.50
1384041190620000009,20000009,2013-11-09 23:53:10,2013-11-10 00:09:25,16.25
1384041216620000588,20000588,2013-11-09 23:53:36,2013-11-10 00:03:51,10.25
1384041280620000304,20000304,2013-11-09 23:54:40,2013-11-10 00:01:55,7.25
1384041337620000045,20000045,2013-11-09 23:55:37,2013-11-10 00:10:37,15.00
1384041378620000320,20000320,2013-11-09 23:56:18,2013-11-10 00:12:48,16.50
1384041416620000279,20000279,2013-11-09 23:56:56,2013-11-10 00:06:41,9.75
1384041440620000179,20000179,2013-11-09 23:57:20,2013-11-10 00:02:20,5.00
1384041451620000488,20000488,2013-11-09 23:57:31,2013-11-10 00:01:01,3.50
1384041521620000569,20000569,2013-11-09 23:58:41,2013-11-10 00:03:11,4.50
1384041525620000081,20000081,2013-11-09 23:58:45,2013-11-10 00:12:30,13.75
1384041526620000657,20000657,2013-11-09 23:58:46,2013-11-10 00:14:01,15.25
1384041580620000671,20000671,2013-11-09 23:59:40,2013-11-10 00:14:55,15.25
1384041594620000129,20000129,2013-11-09 23:59:54,2013-11-10 00:10:09,10.25
1384126871620000481,20000481,2013-11-10 23:41:11,2013-11-11 00:06:26,25.25
1384127333620000167,20000167,2013-11-10 23:48:53,2013-11-11 00:00:08,11.25
1384127354620000171,20000171,2013-11-10 23:49:14,2013-11-11 00:02:29,13.25
1384127520620000023,20000023,2013-11-10 23:52:00,2013-11-11 00:09:00,17.00
1384127520620000307,20000307,2013-11-10 23:52:00,2013-11-11 00:00:00,8.00
1384127625620000589,20000589,2013-11-10 23:53:45,2013-11-11 00:00:45,7.00
1384127673620000112,20000112,2013-11-10 23:54:33,2013-11-11 00:05:33,11.00
1384127702620000570,20000570,2013-11-10 23:55:02,2013-11-11 00:02:17,7.25
1384127733620000569,20000569,2013-11-10 23:55:33,2013-11-11 00:34:18,38.75
1384127785620000089,20000089,2013-11-10 23:56:25,2013-11-11 00:02:40,6.25
1384127786620000486,20000486,2013-11-10 23:56:26,2013-11-11 00:05:26,9.00
1384127814620000542,20000542,2013-11-10 23:56:54,2013-11-11 00:04:09,7.25
1384127847620000224,20000224,2013-11-10 23:57:27,2013-11-11 00:05:12,7.75
1384127917620000325,20000325,2013-11-10 23:58:37,2013-11-11 00:02:22,3.75
1384127924620000004,20000004,2013-11-10 23:58:44,2013-11-11 00:12:44,14.00
1384213477620000448,20000448,2013-11-11 23:44:37,2013-11-12 00:01:22,16.75
1384213785620000004,20000004,2013-11-11 23:49:45,2013-11-12 00:02:15,12.50
1384213899620000406,20000406,2013-11-11 23:51:39,2013-11-12 00:39:09,47.50
1384213922620000376,20000376,2013-11-11 23:52:02,2013-11-12 00:11:17,19.25
1384214208620000105,20000105,2013-11-11 23:56:48,2013-11-12 00:00:33,3.75
1384299391620000304,20000304,2013-11-12 23:36:31,2013-11-13 00:05:01,28.50
1384300213620000387,20000387,2013-11-12 23:50:13,2013-11-13 00:04:43,14.50
1384300255620000157,20000157,2013-11-12 23:50:55,2013-11-13 00:00:10,9.25
1384300287620000235,20000235,2013-11-12 23:51:27,2013-11-13 00:04:12,12.75
1384300324620000129,20000129,2013-11-12 23:52:04,2013-11-13 00:02:49,10.75
1384300399620000610,20000610,2013-11-12 23:53:19,2013-11-13 00:10:49,17.50
1384300502620000325,20000325,2013-11-12 23:55:02,2013-11-13 00:01:32,6.50
1384300547620000066,20000066,2013-11-12 23:55:47,2013-11-13 00:13:32,17.75
1384300581620000435,20000435,2013-11-12 23:56:21,2013-11-13 00:14:36,18.25
1384300657620000409,20000409,2013-11-12 23:57:37,2013-11-13 00:08:07,10.50
1384386011620000403,20000403,2013-11-13 23:40:11,2013-11-14 00:11:56,31.75
1384386527620000574,20000574,2013-11-13 23:48:47,2013-11-14 00:00:47,12.00
1384386686620000649,20000649,2013-11-13 23:51:26,2013-11-14 00:03:41,12.25
1384386777620000453,20000453,2013-11-13 23:52:57,2013-11-14 00:02:57,10.00
1384386873620000612,20000612,2013-11-13 23:54:33,2013-11-14 00:02:18,7.75
1384386971620000482,20000482,2013-11-13 23:56:11,2013-11-14 00:02:11,6.00
1384386982620000610,20000610,2013-11-13 23:56:22,2013-11-14 00:12:07,15.75
1384386987620000506,20000506,2013-11-13 23:56:27,2013-11-14 01:58:27,122.00
1384387009620000252,20000252,2013-11-13 23:56:49,2013-11-14 00:08:49,12.00
1384387017620000695,20000695,2013-11-13 23:56:57,2013-11-14 00:07:12,10.25
1384387128620000569,20000569,2013-11-13 23:58:48,2013-11-14 00:02:48,4.00
1384471646620000554,20000554,2013-11-14 23:27:26,2013-11-15 01:19:26,112.00
1384472577620000662,20000662,2013-11-14 23:42:57,2013-11-15 00:11:12,28.25
1384472836620000201,20000201,2013-11-14 23:47:16,2013-11-15 00:05:46,18.50
1384473212620000129,20000129,2013-11-14 23:53:32,2013-11-15 00:04:17,10.75
1384473260620000610,20000610,2013-11-14 23:54:20,2013-11-15 00:12:35,18.25
1384473284620000569,20000569,2013-11-14 23:54:44,2013-11-15 00:01:59,7.25
1384473311620000160,20000160,2013-11-14 23:55:11,2013-11-15 00:07:56,12.75
1384473355620000005,20000005,2013-11-14 23:55:55,2013-11-15 00:03:55,8.00
1384473393620000664,20000664,2013-11-14 23:56:33,2013-11-15 00:02:18,5.75
1384473414620000215,20000215,2013-11-14 23:56:54,2013-11-15 00:01:09,4.25
1384473421620000010,20000010,2013-11-14 23:57:01,2013-11-15 00:03:31,6.50
1384473485620000688,20000688,2013-11-14 23:58:05,2013-11-15 00:07:05,9.00
1384473543620000321,20000321,2013-11-14 23:59:03,2013-11-15 00:06:03,7.00
1384541809620000902,20000902,2013-11-15 18:56:49,2013-11-16 00:13:34,316.75
1384558383620000671,20000671,2013-11-15 23:33:03,2013-11-16 00:36:33,63.50
1384558487620000129,20000129,2013-11-15 23:34:47,2013-11-16 00:05:32,30.75
1384558969620000632,20000632,2013-11-15 23:42:49,2013-11-16 00:01:49,19.00
1384559083620000154,20000154,2013-11-15 23:44:43,2013-11-16 00:03:28,18.75
1384559200620000451,20000451,2013-11-15 23:46:40,2013-11-16 00:10:25,23.75
1384559436620000571,20000571,2013-11-15 23:50:36,2013-11-16 00:00:36,10.00
1384559471620000554,20000554,2013-11-15 23:51:11,2013-11-16 00:15:56,24.75
1384559534620000199,20000199,2013-11-15 23:52:14,2013-11-16 00:02:59,10.75
1384559538620000561,20000561,2013-11-15 23:52:18,2013-11-16 00:09:03,16.75
1384559546620000295,20000295,2013-11-15 23:52:26,2013-11-16 00:01:26,9.00
1384559555620000633,20000633,2013-11-15 23:52:35,2013-11-16 00:01:20,8.75
1384559566620000610,20000610,2013-11-15 23:52:46,2013-11-16 00:12:01,19.25
1384559572620000574,20000574,2013-11-15 23:52:52,2013-11-16 00:05:22,12.50
1384559574620000663,20000663,2013-11-15 23:52:54,2013-11-16 00:04:09,11.25
1384559589620000363,20000363,2013-11-15 23:53:09,2013-11-16 00:17:24,24.25
1384559594620000256,20000256,2013-11-15 23:53:14,2013-11-16 00:01:59,8.75
1384559611620000108,20000108,2013-11-15 23:53:31,2013-11-16 00:00:31,7.00
1384559671620000572,20000572,2013-11-15 23:54:31,2013-11-16 00:04:46,10.25
1384559698620000409,20000409,2013-11-15 23:54:58,2013-11-16 00:00:13,5.25
1384559702620000518,20000518,2013-11-15 23:55:02,2013-11-16 00:08:02,13.00
1384559718620000503,20000503,2013-11-15 23:55:18,2013-11-16 00:00:33,5.25
1384559742620000549,20000549,2013-11-15 23:55:42,2013-11-16 00:01:42,6.00
1384559755620000458,20000458,2013-11-15 23:55:55,2013-11-16 00:11:40,15.75
1384559798620000307,20000307,2013-11-15 23:56:38,2013-11-16 00:01:23,4.75
1384559849620000529,20000529,2013-11-15 23:57:29,2013-11-16 00:05:29,8.00
1384559888620000598,20000598,2013-11-15 23:58:08,2013-11-16 00:07:23,9.25
1384559890620000060,20000060,2013-11-15 23:58:10,2013-11-16 00:15:10,17.00
1384559946620000514,20000514,2013-11-15 23:59:06,2013-11-16 00:06:21,7.25
1384559969620000288,20000288,2013-11-15 23:59:29,2013-11-16 00:15:14,15.75
1384559977620000351,20000351,2013-11-15 23:59:37,2013-11-16 00:03:52,4.25
1384559978620000476,20000476,2013-11-15 23:59:38,2013-11-16 00:08:38,9.00
1384559981620000023,20000023,2013-11-15 23:59:41,2013-11-16 00:05:26,5.75
1384645288620000129,20000129,2013-11-16 23:41:28,2013-11-17 00:01:28,20.00
1384645307620000119,20000119,2013-11-16 23:41:47,2013-11-17 00:17:47,36.00
1384645546620000569,20000569,2013-11-16 23:45:46,2013-11-17 00:02:16,16.50
1384645631620000542,20000542,2013-11-16 23:47:11,2013-11-17 00:00:56,13.75
1384645636620000254,20000254,2013-11-16 23:47:16,2013-11-17 00:02:16,15.00
1384645719620000450,20000450,2013-11-16 23:48:39,2013-11-17 00:01:39,13.00
1384645874620000112,20000112,2013-11-16 23:51:14,2013-11-17 00:03:14,12.00
1384645898620000435,20000435,2013-11-16 23:51:38,2013-11-17 00:02:38,11.00
1384645899620000648,20000648,2013-11-16 23:51:39,2013-11-17 00:29:39,38.00
1384645923620000157,20000157,2013-11-16 23:52:03,2013-11-17 00:00:18,8.25
1384645927620000013,20000013,2013-11-16 23:52:07,2013-11-17 00:00:07,8.00
1384645963620000285,20000285,2013-11-16 23:52:43,2013-11-17 00:01:13,8.50
1384645985620000610,20000610,2013-11-16 23:53:05,2013-11-17 00:11:05,18.00
1384645994620000463,20000463,2013-11-16 23:53:14,2013-11-17 00:04:29,11.25
1384646020620000904,20000904,2013-11-16 23:53:40,2013-11-17 00:24:55,31.25
1384646039620000574,20000574,2013-11-16 23:53:59,2013-11-17 00:13:59,20.00
1384646081620000023,20000023,2013-11-16 23:54:41,2013-11-17 00:04:26,9.75
1384646088620000041,20000041,2013-11-16 23:54:48,2013-11-17 00:04:03,9.25
1384646169620000324,20000324,2013-11-16 23:56:09,2013-11-17 00:02:09,6.00
1384646194620000075,20000075,2013-11-16 23:56:34,2013-11-17 00:07:34,11.00
1384646214620000389,20000389,2013-11-16 23:56:54,2013-11-17 00:03:54,7.00
1384646236620000197,20000197,2013-11-16 23:57:16,2013-11-17 00:10:46,13.50
1384646293620000280,20000280,2013-11-16 23:58:13,2013-11-17 00:01:28,3.25
1384646309620000618,20000618,2013-11-16 23:58:29,2013-11-17 00:04:59,6.50
1384646318620000430,20000430,2013-11-16 23:58:38,2013-11-17 00:19:08,20.50
1384646337620000216,20000216,2013-11-16 23:58:57,2013-11-17 00:13:12,14.25
1384646380620000081,20000081,2013-11-16 23:59:40,2013-11-17 00:05:55,6.25
1384726848620000662,20000662,2013-11-17 22:20:48,2013-11-18 00:13:48,113.00
1384730730620000009,20000009,2013-11-17 23:25:30,2013-11-18 00:02:30,37.00
1384732139620000309,20000309,2013-11-17 23:48:59,2013-11-18 00:02:14,13.25
1384732250620000398,20000398,2013-11-17 23:50:50,2013-11-18 00:21:05,30.25
1384732352620000376,20000376,2013-11-17 23:52:32,2013-11-18 00:01:02,8.50
1384732626620000529,20000529,2013-11-17 23:57:06,2013-11-18 00:06:36,9.50
1384732662620000488,20000488,2013-11-17 23:57:42,2013-11-18 00:06:12,8.50
1384732694620000574,20000574,2013-11-17 23:58:14,2013-11-18 00:24:44,26.50
1384732769620000022,20000022,2013-11-17 23:59:29,2013-11-18 00:12:59,13.50
1384732790620000254,20000254,2013-11-17 23:59:50,2013-11-18 00:08:35,8.75
1384818110620000529,20000529,2013-11-18 23:41:50,2013-11-19 00:04:05,22.25
1384818351620000640,20000640,2013-11-18 23:45:51,2013-11-19 00:02:36,16.75
1384818479620000625,20000625,2013-11-18 23:47:59,2013-11-19 00:01:59,14.00
1384818781620000020,20000020,2013-11-18 23:53:01,2013-11-19 00:00:01,7.00
1384818798620000179,20000179,2013-11-18 23:53:18,2013-11-19 00:06:48,13.50
1384818884620000616,20000616,2013-11-18 23:54:44,2013-11-19 00:03:14,8.50
1384818964620000362,20000362,2013-11-18 23:56:04,2013-11-19 00:03:49,7.75
1384818970620000653,20000653,2013-11-18 23:56:10,2013-11-19 00:02:40,6.50
1384819023620000351,20000351,2013-11-18 23:57:03,2013-11-19 00:03:33,6.50
1384819033620000503,20000503,2013-11-18 23:57:13,2013-11-19 00:10:43,13.50
1384819161620000321,20000321,2013-11-18 23:59:21,2013-11-19 00:08:36,9.25
1384819187620000171,20000171,2013-11-18 23:59:47,2013-11-19 00:09:02,9.25
1384904907620000129,20000129,2013-11-19 23:48:27,2013-11-20 00:01:12,12.75
1384904998620000179,20000179,2013-11-19 23:49:58,2013-11-20 00:03:13,13.25
1384905418620000504,20000504,2013-11-19 23:56:58,2013-11-20 00:05:13,8.25
1384905461620000680,20000680,2013-11-19 23:57:41,2013-11-20 00:06:56,9.25
1384905470620000403,20000403,2013-11-19 23:57:50,2013-11-20 00:11:35,13.75
1384905489620000337,20000337,2013-11-19 23:58:09,2013-11-20 00:13:24,15.25
1384905582620000157,20000157,2013-11-19 23:59:42,2013-11-20 00:17:57,18.25
1384983229620000904,20000904,2013-11-20 21:33:49,2013-11-21 05:40:34,486.75
1384991136620000529,20000529,2013-11-20 23:45:36,2013-11-21 00:05:51,20.25
1384991194620000235,20000235,2013-11-20 23:46:34,2013-11-21 00:05:49,19.25
1384991297620000037,20000037,2013-11-20 23:48:17,2013-11-21 00:04:02,15.75
1384991349620000345,20000345,2013-11-20 23:49:09,2013-11-21 00:05:24,16.25
1384991502620000005,20000005,2013-11-20 23:51:42,2013-11-21 00:02:27,10.75
1384991555620000640,20000640,2013-11-20 23:52:35,2013-11-21 00:07:05,14.50
1384991606620000517,20000517,2013-11-20 23:53:26,2013-11-21 00:01:56,8.50
1384991621620000472,20000472,2013-11-20 23:53:41,2013-11-21 00:02:56,9.25
1384991644620000080,20000080,2013-11-20 23:54:04,2013-11-21 00:02:34,8.50
1384991831620000136,20000136,2013-11-20 23:57:11,2013-11-21 00:02:56,5.75
1384991882620000231,20000231,2013-11-20 23:58:02,2013-11-21 00:10:17,12.25
1384991936620000586,20000586,2013-11-20 23:58:56,2013-11-21 00:04:56,6.00
1384991940620000359,20000359,2013-11-20 23:59:00,2013-11-21 00:12:45,13.75
1384991952620000684,20000684,2013-11-20 23:59:12,2013-11-21 00:12:57,13.75
1384991991620000626,20000626,2013-11-20 23:59:51,2013-11-21 00:04:21,4.50
1385066900620000902,20000902,2013-11-21 20:48:20,2013-11-22 04:11:05,442.75
1385074978620000472,20000472,2013-11-21 23:02:58,2013-11-22 00:31:43,88.75
1385076094620000430,20000430,2013-11-21 23:21:34,2013-11-22 00:07:34,46.00
1385076896620000651,20000651,2013-11-21 23:34:56,2013-11-22 00:19:26,44.50
1385076907620000481,20000481,2013-11-21 23:35:07,2013-11-22 00:09:52,34.75
1385077128620000364,20000364,2013-11-21 23:38:48,2013-11-22 00:18:48,40.00
1385077646620000337,20000337,2013-11-21 23:47:26,2013-11-22 00:02:41,15.25
1385077966620000120,20000120,2013-11-21 23:52:46,2013-11-22 00:11:01,18.25
1385078036620000136,20000136,2013-11-21 23:53:56,2013-11-22 00:09:41,15.75
1385078068620000105,20000105,2013-11-21 23:54:28,2013-11-22 00:00:28,6.00
1385078167620000440,20000440,2013-11-21 23:56:07,2013-11-22 00:05:22,9.25
1385078172620000367,20000367,2013-11-21 23:56:12,2013-11-22 00:08:12,12.00
1385078273620000057,20000057,2013-11-21 23:57:53,2013-11-22 00:02:38,4.75
1385078278620000423,20000423,2013-11-21 23:57:58,2013-11-22 00:03:28,5.50
1385078320620000586,20000586,2013-11-21 23:58:40,2013-11-22 00:10:25,11.75
1385078349620000031,20000031,2013-11-21 23:59:09,2013-11-22 00:10:54,11.75
1385078398620000233,20000233,2013-11-21 23:59:58,2013-11-22 00:28:28,28.50
1385162740620000451,20000451,2013-11-22 23:25:40,2013-11-23 00:05:10,39.50
1385163103620000381,20000381,2013-11-22 23:31:43,2013-11-23 00:03:43,32.00
1385163191620000216,20000216,2013-11-22 23:33:11,2013-11-23 00:00:26,27.25
1385163258620000066,20000066,2013-11-22 23:34:18,2013-11-23 00:05:18,31.00
1385163572620000398,20000398,2013-11-22 23:39:32,2013-11-23 00:10:47,31.25
1385163780620000307,20000307,2013-11-22 23:43:00,2013-11-23 00:14:45,31.75
1385163781620000570,20000570,2013-11-22 23:43:01,2013-11-23 00:17:46,34.75
1385163860620000465,20000465,2013-11-22 23:44:20,2013-11-23 00:09:35,25.25
1385163991620000320,20000320,2013-11-22 23:46:31,2013-11-23 00:00:31,14.00
1385164036620000395,20000395,2013-11-22 23:47:16,2013-11-23 00:09:16,22.00
1385164272620000295,20000295,2013-11-22 23:51:12,2013-11-23 00:13:12,22.00
1385164313620000680,20000680,2013-11-22 23:51:53,2013-11-23 00:02:08,10.25
1385164332620000160,20000160,2013-11-22 23:52:12,2013-11-23 00:03:57,11.75
1385164386620000653,20000653,2013-11-22 23:53:06,2013-11-23 00:02:51,9.75
1385164433620000446,20000446,2013-11-22 23:53:53,2013-11-23 00:05:23,11.50
1385164492620000101,20000101,2013-11-22 23:54:52,2013-11-23 00:00:07,5.25
1385164524620000610,20000610,2013-11-22 23:55:24,2013-11-23 00:00:39,5.25
1385164535620000268,20000268,2013-11-22 23:55:35,2013-11-23 00:07:05,11.50
1385164553620000662,20000662,2013-11-22 23:55:53,2013-11-23 00:08:08,12.25
1385164555620000904,20000904,2013-11-22 23:55:55,2013-11-23 00:05:40,9.75
1385164619620000239,20000239,2013-11-22 23:56:59,2013-11-23 00:07:29,10.50
1385164620620000436,20000436,2013-11-22 23:57:00,2013-11-23 00:06:30,9.50
1385164623620000514,20000514,2013-11-22 23:57:03,2013-11-23 00:07:33,10.50
1385164706620000901,20000901,2013-11-22 23:58:26,2013-11-23 00:09:41,11.25
1385164722620000119,20000119,2013-11-22 23:58:42,2013-11-23 00:07:12,8.50
1385164731620000031,20000031,2013-11-22 23:58:51,2013-11-23 00:15:06,16.25
1385164732620000363,20000363,2013-11-22 23:58:52,2013-11-23 00:08:07,9.25
1385164751620000108,20000108,2013-11-22 23:59:11,2013-11-23 00:04:26,5.25
1385164783620000362,20000362,2013-11-22 23:59:43,2013-11-23 00:10:43,11.00
1385249121620000020,20000020,2013-11-23 23:25:21,2013-11-24 00:01:51,36.50
1385250661620000542,20000542,2013-11-23 23:51:01,2013-11-24 00:05:16,14.25
1385250716620000436,20000436,2013-11-23 23:51:56,2013-11-24 00:13:56,22.00
1385250820620000338,20000338,2013-11-23 23:53:40,2013-11-24 00:05:40,12.00
1385250921620000492,20000492,2013-11-23 23:55:21,2013-11-24 00:06:36,11.25
1385250974620000569,20000569,2013-11-23 23:56:14,2013-11-24 00:07:59,11.75
1385250983620000288,20000288,2013-11-23 23:56:23,2013-11-24 00:07:08,10.75
1385251048620000337,20000337,2013-11-23 23:57:28,2013-11-24 00:09:43,12.25
1385251071620000347,20000347,2013-11-23 23:57:51,2013-11-24 00:12:21,14.50
1385251074620000245,20000245,2013-11-23 23:57:54,2013-11-24 00:08:39,10.75
1385251091620000010,20000010,2013-11-23 23:58:11,2013-11-24 00:11:26,13.25
1385251117620000431,20000431,2013-11-23 23:58:37,2013-11-24 00:05:22,6.75
1385251118620000626,20000626,2013-11-23 23:58:38,2013-11-24 00:16:38,18.00
1385251138620000066,20000066,2013-11-23 23:58:58,2013-11-24 00:01:28,2.50
1385251145620000395,20000395,2013-11-23 23:59:05,2013-11-24 00:34:35,35.50
1385251174620000398,20000398,2013-11-23 23:59:34,2013-11-24 00:04:34,5.00
1385251179620000517,20000517,2013-11-23 23:59:39,2013-11-24 00:11:24,11.75
1385251192620000119,20000119,2013-11-23 23:59:52,2013-11-24 00:07:52,8.00
1385336634620000008,20000008,2013-11-24 23:43:54,2013-11-25 00:03:24,19.50
1385336690620000388,20000388,2013-11-24 23:44:50,2013-11-25 00:02:35,17.75
1385336961620000009,20000009,2013-11-24 23:49:21,2013-11-25 00:01:06,11.75
1385337115620000010,20000010,2013-11-24 23:51:55,2013-11-25 00:02:10,10.25
1385337124620000321,20000321,2013-11-24 23:52:04,2013-11-25 00:01:34,9.50
1385337231620000483,20000483,2013-11-24 23:53:51,2013-11-25 00:00:06,6.25
1385337317620000687,20000687,2013-11-24 23:55:17,2013-11-25 00:12:02,16.75
1385337426620000569,20000569,2013-11-24 23:57:06,2013-11-25 00:03:51,6.75
1385337467620000341,20000341,2013-11-24 23:57:47,2013-11-25 00:06:17,8.50
1385337501620000571,20000571,2013-11-24 23:58:21,2013-11-25 00:02:36,4.25
1385337568620000037,20000037,2013-11-24 23:59:28,2013-11-25 00:07:13,7.75
1385422680620000269,20000269,2013-11-25 23:38:00,2013-11-26 00:10:15,32.25
1385422816620000616,20000616,2013-11-25 23:40:16,2013-11-26 00:07:31,27.25
1385423343620000446,20000446,2013-11-25 23:49:03,2013-11-26 00:18:48,29.75
1385423646620000569,20000569,2013-11-25 23:54:06,2013-11-26 00:05:36,11.50
1385423703620000196,20000196,2013-11-25 23:55:03,2013-11-26 00:03:18,8.25
1385423738620000436,20000436,2013-11-25 23:55:38,2013-11-26 00:02:38,7.00
1385423742620000453,20000453,2013-11-25 23:55:42,2013-11-26 00:07:42,12.00
1385423753620000372,20000372,2013-11-25 23:55:53,2013-11-26 00:03:53,8.00
1385423771620000387,20000387,2013-11-25 23:56:11,2013-11-26 00:08:56,12.75
1385423852620000662,20000662,2013-11-25 23:57:32,2013-11-26 00:12:17,14.75
1385423901620000473,20000473,2013-11-25 23:58:21,2013-11-26 00:01:51,3.50
1385423934620000031,20000031,2013-11-25 23:58:54,2013-11-26 00:05:39,6.75
1385423966620000005,20000005,2013-11-25 23:59:26,2013-11-26 00:06:26,7.00
1385508798620000517,20000517,2013-11-26 23:33:18,2013-11-27 00:15:18,42.00
1385509533620000610,20000610,2013-11-26 23:45:33,2013-11-27 00:01:18,15.75
1385509630620000671,20000671,2013-11-26 23:47:10,2013-11-27 00:05:40,18.50
1385509930620000268,20000268,2013-11-26 23:52:10,2013-11-27 00:01:40,9.50
1385509955620000598,20000598,2013-11-26 23:52:35,2013-11-27 00:00:20,7.75
1385510001620000388,20000388,2013-11-26 23:53:21,2013-11-27 00:02:51,9.50
1385510079620000525,20000525,2013-11-26 23:54:39,2013-11-27 00:11:09,16.50
1385510107620000216,20000216,2013-11-26 23:55:07,2013-11-27 00:06:37,11.50
1385510138620000668,20000668,2013-11-26 23:55:38,2013-11-27 00:03:08,7.50
1385510161620000333,20000333,2013-11-26 23:56:01,2013-11-27 00:02:16,6.25
1385510199620000688,20000688,2013-11-26 23:56:39,2013-11-27 00:08:24,11.75
1385510206620000381,20000381,2013-11-26 23:56:46,2013-11-27 00:08:46,12.00
1385510206620000687,20000687,2013-11-26 23:56:46,2013-11-27 00:07:31,10.75
1385510212620000561,20000561,2013-11-26 23:56:52,2013-11-27 00:04:22,7.50
1385510238620000263,20000263,2013-11-26 23:57:18,2013-11-27 00:01:03,3.75
1385510263620000196,20000196,2013-11-26 23:57:43,2013-11-27 00:09:13,11.50
1385510299620000080,20000080,2013-11-26 23:58:19,2013-11-27 00:03:19,5.00
1385510312620000626,20000626,2013-11-26 23:58:32,2013-11-27 00:01:32,3.00
1385595268620000547,20000547,2013-11-27 23:34:28,2013-11-28 00:09:13,34.75
1385595453620000542,20000542,2013-11-27 23:37:33,2013-11-28 00:03:18,25.75
1385595652620000167,20000167,2013-11-27 23:40:52,2013-11-28 00:13:37,32.75
1385595764620000038,20000038,2013-11-27 23:42:44,2013-11-28 00:02:29,19.75
1385595771620000173,20000173,2013-11-27 23:42:51,2013-11-28 00:00:21,17.50
1385595818620000451,20000451,2013-11-27 23:43:38,2013-11-28 00:04:53,21.25
1385596035620000179,20000179,2013-11-27 23:47:15,2013-11-28 00:01:30,14.25
1385596397620000004,20000004,2013-11-27 23:53:17,2013-11-28 00:03:17,10.00
1385596556620000344,20000344,2013-11-27 23:55:56,2013-11-28 00:00:41,4.75
1385596610620000621,20000621,2013-11-27 23:56:50,2013-11-28 00:01:20,4.50
1385596632620000569,20000569,2013-11-27 23:57:12,2013-11-28 00:01:42,4.50
1385596664620000235,20000235,2013-11-27 23:57:44,2013-11-28 00:06:29,8.75
1385596675620000574,20000574,2013-11-27 23:57:55,2013-11-28 00:19:25,21.50
1385596681620000589,20000589,2013-11-27 23:58:01,2013-11-28 00:02:46,4.75
1385596699620000201,20000201,2013-11-27 23:58:19,2013-11-28 00:02:19,4.00
1385596714620000540,20000540,2013-11-27 23:58:34,2013-11-28 00:05:04,6.50
1385596714620000625,20000625,2013-11-27 23:58:34,2013-11-28 00:05:34,7.00
1385675262620000688,20000688,2013-11-28 21:47:42,2013-11-29 00:25:27,157.75
1385680580620000250,20000250,2013-11-28 23:16:20,2013-11-29 00:10:35,54.25
1385681306620000376,20000376,2013-11-28 23:28:26,2013-11-29 00:03:41,35.25
1385682668620000160,20000160,2013-11-28 23:51:08,2013-11-29 00:00:53,9.75
1385682675620000320,20000320,2013-11-28 23:51:15,2013-11-29 00:02:30,11.25
1385682685620000598,20000598,2013-11-28 23:51:25,2013-11-29 00:02:10,10.75
1385682715620000473,20000473,2013-11-28 23:51:55,2013-11-29 00:00:10,8.25
1385682722620000618,20000618,2013-11-28 23:52:02,2013-11-29 00:05:02,13.00
1385682732620000120,20000120,2013-11-28 23:52:12,2013-11-29 00:03:42,11.50
1385682784620000054,20000054,2013-11-28 23:53:04,2013-11-29 00:03:19,10.25
1385682786620000112,20000112,2013-11-28 23:53:06,2013-11-29 00:06:06,13.00
1385682787620000481,20000481,2013-11-28 23:53:07,2013-11-29 00:05:37,12.50
1385682838620000136,20000136,2013-11-28 23:53:58,2013-11-29 00:16:43,22.75
1385682918620000157,20000157,2013-11-28 23:55:18,2013-11-29 00:05:48,10.50
1385682926620000603,20000603,2013-11-28 23:55:26,2013-11-29 00:08:11,12.75
1385682979620000249,20000249,2013-11-28 23:56:19,2013-11-29 00:01:04,4.75
1385682999620000625,20000625,2013-11-28 23:56:39,2013-11-29 00:18:09,21.50
1385683017620000450,20000450,2013-11-28 23:56:57,2013-11-29 00:01:42,4.75
1385683150620000529,20000529,2013-11-28 23:59:10,2013-11-29 00:27:10,28.00
1385683154620000161,20000161,2013-11-28 23:59:14,2013-11-29 00:11:59,12.75
1385767432620000435,20000435,2013-11-29 23:23:52,2013-11-30 00:30:22,66.50
1385768528620000436,20000436,2013-11-29 23:42:08,2013-11-30 00:05:08,23.00
1385768555620000192,20000192,2013-11-29 23:42:35,2013-11-30 00:07:20,24.75
1385768783620000662,20000662,2013-11-29 23:46:23,2013-11-30 00:00:08,13.75
1385768820620000529,20000529,2013-11-29 23:47:00,2013-11-30 00:07:30,20.50
1385768825620000574,20000574,2013-11-29 23:47:05,2013-11-30 00:05:20,18.25
1385768870620000239,20000239,2013-11-29 23:47:50,2013-11-30 00:00:50,13.00
1385768895620000610,20000610,2013-11-29 23:48:15,2013-11-30 00:18:30,30.25
1385768984620000542,20000542,2013-11-29 23:49:44,2013-11-30 00:00:29,10.75
1385769015620000179,20000179,2013-11-29 23:50:15,2013-11-30 00:01:15,11.00
1385769060620000010,20000010,2013-11-29 23:51:00,2013-11-30 00:01:45,10.75
1385769085620000395,20000395,2013-11-29 23:51:25,2013-11-30 00:02:40,11.25
1385769092620000671,20000671,2013-11-29 23:51:32,2013-11-30 00:01:47,10.25
1385769158620000151,20000151,2013-11-29 23:52:38,2013-11-30 00:04:08,11.50
1385769164620000649,20000649,2013-11-29 23:52:44,2013-11-30 00:01:29,8.75
1385769196620000633,20000633,2013-11-29 23:53:16,2013-11-30 00:11:31,18.25
1385769197620000337,20000337,2013-11-29 23:53:17,2013-11-30 00:08:02,14.75
1385769281620000060,20000060,2013-11-29 23:54:41,2013-11-30 00:00:41,6.00
1385769333620000341,20000341,2013-11-29 23:55:33,2013-11-30 00:11:33,16.00
1385769358620000235,20000235,2013-11-29 23:55:58,2013-11-30 00:21:43,25.75
1385769399620000196,20000196,2013-11-29 23:56:39,2013-11-30 00:02:39,6.00
1385769405620000042,20000042,2013-11-29 23:56:45,2013-11-30 00:10:30,13.75
1385769446620000311,20000311,2013-11-29 23:57:26,2013-11-30 00:22:11,24.75
1385769480620000086,20000086,2013-11-29 23:58:00,2013-11-30 00:28:00,30.00
1385769481620000243,20000243,2013-11-29 23:58:01,2013-11-30 00:19:46,21.75
1385769481620000588,20000588,2013-11-29 23:58:01,2013-11-30 00:02:16,4.25
1385769495620000251,20000251,2013-11-29 23:58:15,2013-11-30 00:10:15,12.00
1385769506620000446,20000446,2013-11-29 23:58:26,2013-11-30 00:12:41,14.25
1385769562620000658,20000658,2013-11-29 23:59:22,2013-11-30 00:15:07,15.75
1385769575620000547,20000547,2013-11-29 23:59:35,2013-11-30 00:11:50,12.25
1385769582620000686,20000686,2013-11-29 23:59:42,2013-11-30 00:08:42,9.00
1385769594620000611,20000611,2013-11-29 23:59:54,2013-11-30 00:51:39,51.75
1385769597620000380,20000380,2013-11-29 23:59:57,2013-11-30 00:08:12,8.25
1385769598620000363,20000363,2013-11-29 23:59:58,2013-11-30 00:07:13,7.25
1385852855620000403,20000403,2013-11-30 23:07:35,2013-12-01 00:01:50,54.25
1385853419620000435,20000435,2013-11-30 23:16:59,2013-12-01 00:32:59,76.00
1385854891620000256,20000256,2013-11-30 23:41:31,2013-12-01 00:02:01,20.50
1385854924620000173,20000173,2013-11-30 23:42:04,2013-12-01 00:00:49,18.75
1385854956620000687,20000687,2013-11-30 23:42:36,2013-12-01 00:01:36,19.00
1385855278620000389,20000389,2013-11-30 23:47:58,2013-12-01 00:08:43,20.75
1385855312620000509,20000509,2013-11-30 23:48:32,2013-12-01 00:00:17,11.75
1385855321620000574,20000574,2013-11-30 23:48:41,2013-12-01 00:03:26,14.75
1385855352620000388,20000388,2013-11-30 23:49:12,2013-12-01 00:05:12,16.00
1385855369620000372,20000372,2013-11-30 23:49:29,2013-12-01 00:06:59,17.50
1385855445620000616,20000616,2013-11-30 23:50:45,2013-12-01 00:03:30,12.75
1385855535620000304,20000304,2013-11-30 23:52:15,2013-12-01 00:07:45,15.50
1385855596620000235,20000235,2013-11-30 23:53:16,2013-12-01 00:00:01,6.75
1385855657620000024,20000024,2013-11-30 23:54:17,2013-12-01 00:09:47,15.50
1385855719620000549,20000549,2013-11-30 23:55:19,2013-12-01 00:07:19,12.00
1385855727620000120,20000120,2013-11-30 23:55:27,2013-12-01 00:00:57,5.50
1385855730620000325,20000325,2013-11-30 23:55:30,2013-12-01 00:01:45,6.25
1385855730620000671,20000671,2013-11-30 23:55:30,2013-12-01 00:02:45,7.25
1385855777620000651,20000651,2013-11-30 23:56:17,2013-12-01 00:11:17,15.00
1385855800620000467,20000467,2013-11-30 23:56:40,2013-12-01 00:07:40,11.00
1385855808620000454,20000454,2013-11-30 23:56:48,2013-12-01 00:17:18,20.50
1385855838620000092,20000092,2013-11-30 23:57:18,2013-12-01 00:02:33,5.25
1385855853620000011,20000011,2013-11-30 23:57:33,2013-12-01 01:00:48,63.25
1385855907620000483,20000483,2013-11-30 23:58:27,2013-12-01 00:09:12,10.75
1385855908620000332,20000332,2013-11-30 23:58:28,2013-12-01 00:07:43,9.25
1385855923620000005,20000005,2013-11-30 23:58:43,2013-12-01 00:08:43,10.00
1385855960620000665,20000665,2013-11-30 23:59:20,2013-12-01 00:11:35,12.25
1385855974620000054,20000054,2013-11-30 23:59:34,2013-12-01 00:07:34,8.00
1385855978620000153,20000153,2013-11-30 23:59:38,2013-12-01 00:05:08,5.50
1385939165620000334,20000334,2013-12-01 23:06:05,2013-12-02 00:03:05,57.00
1385940594620000009,20000009,2013-12-01 23:29:54,2013-12-02 00:07:09,37.25
1385940792620000595,20000595,2013-12-01 23:33:12,2013-12-02 00:33:12,60.00
1385941153620000101,20000101,2013-12-01 23:39:13,2013-12-02 00:07:13,28.00
1385941808620000067,20000067,2013-12-01 23:50:08,2013-12-02 00:01:38,11.50
1385941903620000450,20000450,2013-12-01 23:51:43,2013-12-02 00:00:58,9.25
1385942007620000010,20000010,2013-12-01 23:53:27,2013-12-02 00:00:27,7.00
1385942008620000625,20000625,2013-12-01 23:53:28,2013-12-02 00:01:13,7.75
1385942065620000529,20000529,2013-12-01 23:54:25,2013-12-02 00:12:25,18.00
1385942097620000195,20000195,2013-12-01 23:54:57,2013-12-02 00:04:42,9.75
1385942179620000406,20000406,2013-12-01 23:56:19,2013-12-02 00:06:49,10.50
1385942225620000435,20000435,2013-12-01 23:57:05,2013-12-02 00:14:35,17.50
1385942311620000662,20000662,2013-12-01 23:58:31,2013-12-02 00:11:16,12.75
1386027957620000269,20000269,2013-12-02 23:45:57,2013-12-03 00:02:42,16.75
1386028318620000424,20000424,2013-12-02 23:51:58,2013-12-03 00:09:58,18.00
1386028515620000154,20000154,2013-12-02 23:55:15,2013-12-03 00:22:45,27.50
1386028552620000455,20000455,2013-12-02 23:55:52,2013-12-03 00:00:37,4.75
1386028707620000268,20000268,2013-12-02 23:58:27,2013-12-03 00:08:42,10.25
1386028775620000015,20000015,2013-12-02 23:59:35,2013-12-03 00:29:35,30.00
1386028787620000196,20000196,2013-12-02 23:59:47,2013-12-03 00:08:47,9.00
1386114662620000450,20000450,2013-12-03 23:51:02,2013-12-04 00:06:32,15.50
1386114796620000179,20000179,2013-12-03 23:53:16,2013-12-04 00:00:31,7.25
1386114912620000167,20000167,2013-12-03 23:55:12,2013-12-04 00:10:27,15.25
1386114925620000233,20000233,2013-12-03 23:55:25,2013-12-04 00:08:25,13.00
1386114934620000269,20000269,2013-12-03 23:55:34,2013-12-04 00:02:34,7.00
1386114979620000624,20000624,2013-12-03 23:56:19,2013-12-04 00:07:34,11.25
1386114986620000598,20000598,2013-12-03 23:56:26,2013-12-04 00:07:26,11.00
1386115027620000216,20000216,2013-12-03 23:57:07,2013-12-04 00:05:37,8.50
1386115047620000351,20000351,2013-12-03 23:57:27,2013-12-04 00:04:12,6.75
1386115073620000364,20000364,2013-12-03 23:57:53,2013-12-04 00:01:38,3.75
1386115130620000359,20000359,2013-12-03 23:58:50,2013-12-04 00:11:05,12.25
1386199512620000337,20000337,2013-12-04 23:25:12,2013-12-05 00:04:42,39.50
1386201086620000618,20000618,2013-12-04 23:51:26,2013-12-05 00:09:26,18.00
1386201128620000520,20000520,2013-12-04 23:52:08,2013-12-05 02:13:23,141.25
1386201158620000903,20000903,2013-12-04 23:52:38,2013-12-05 00:06:08,13.50
1386201187620000179,20000179,2013-12-04 23:53:07,2013-12-05 00:07:52,14.75
1386201296620000089,20000089,2013-12-04 23:54:56,2013-12-05 00:02:26,7.50
1386201378620000640,20000640,2013-12-04 23:56:18,2013-12-05 00:09:33,13.25
1386201444620000171,20000171,2013-12-04 23:57:24,2013-12-05 00:04:54,7.50
1386201500620000199,20000199,2013-12-04 23:58:20,2013-12-05 00:05:20,7.00
1386201502620000569,20000569,2013-12-04 23:58:22,2013-12-05 00:02:22,4.00
1386201510620000430,20000430,2013-12-04 23:58:30,2013-12-05 00:17:45,19.25
1386201551620000624,20000624,2013-12-04 23:59:11,2013-12-05 00:03:41,4.50
1386201564620000157,20000157,2013-12-04 23:59:24,2013-12-05 00:07:09,7.75
1386201576620000009,20000009,2013-12-04 23:59:36,2013-12-05 00:24:36,25.00
1386201580620000173,20000173,2013-12-04 23:59:40,2013-12-05 00:07:55,8.25
1386277919620000616,20000616,2013-12-05 21:11:59,2013-12-06 00:38:59,207.00
1386286575620000610,20000610,2013-12-05 23:36:15,2013-12-06 00:12:15,36.00
1386287318620000004,20000004,2013-12-05 23:48:38,2013-12-06 00:01:38,13.00
1386287440620000337,20000337,2013-12-05 23:50:40,2013-12-06 00:03:10,12.50
1386287613620000509,20000509,2013-12-05 23:53:33,2013-12-06 00:12:03,18.50
1386287627620000520,20000520,2013-12-05 23:53:47,2013-12-06 00:01:02,7.25
1386287629620000488,20000488,2013-12-05 23:53:49,2013-12-06 00:02:49,9.00
1386287690620000591,20000591,2013-12-05 23:54:50,2013-12-06 00:12:35,17.75
1386287781620000013,20000013,2013-12-05 23:56:21,2013-12-06 00:11:51,15.50
1386287821620000662,20000662,2013-12-05 23:57:01,2013-12-06 00:07:16,10.25
1386287941620000344,20000344,2013-12-05 23:59:01,2013-12-06 00:13:01,14.00
1386287958620000154,20000154,2013-12-05 23:59:18,2013-12-06 00:03:03,3.75
1386372818620000009,20000009,2013-12-06 23:33:38,2013-12-07 00:40:38,67.00
1386373656620000570,20000570,2013-12-06 23:47:36,2013-12-07 00:08:36,21.00
1386373721620000011,20000011,2013-12-06 23:48:41,2013-12-07 00:02:11,13.50
1386373726620000488,20000488,2013-12-06 23:48:46,2013-12-07 00:00:01,11.25
1386373802620000687,20000687,2013-12-06 23:50:02,2013-12-07 00:02:02,12.00
1386373815620000574,20000574,2013-12-06 23:50:15,2013-12-07 00:04:00,13.75
1386373825620000600,20000600,2013-12-06 23:50:25,2013-12-07 00:04:10,13.75
1386373849620000612,20000612,2013-12-06 23:50:49,2013-12-07 00:01:19,10.50
1386373858620000455,20000455,2013-12-06 23:50:58,2013-12-07 00:00:58,10.00
1386373874620000345,20000345,2013-12-06 23:51:14,2013-12-07 00:27:44,36.50
1386373894620000024,20000024,2013-12-06 23:51:34,2013-12-07 00:07:19,15.75
1386373920620000431,20000431,2013-12-06 23:52:00,2013-12-07 00:01:00,9.00
1386373933620000154,20000154,2013-12-06 23:52:13,2013-12-07 00:01:13,9.00
1386373938620000010,20000010,2013-12-06 23:52:18,2013-12-07 00:00:48,8.50
1386373969620000657,20000657,2013-12-06 23:52:49,2013-12-07 00:07:34,14.75
1386373985620000601,20000601,2013-12-06 23:53:05,2013-12-07 00:03:50,10.75
1386374003620000419,20000419,2013-12-06 23:53:23,2013-12-07 00:09:53,16.50
1386374017620000668,20000668,2013-12-06 23:53:37,2013-12-07 00:03:37,10.00
1386374019620000662,20000662,2013-12-06 23:53:39,2013-12-07 00:17:24,23.75
1386374068620000160,20000160,2013-12-06 23:54:28,2013-12-07 00:05:13,10.75
1386374095620000525,20000525,2013-12-06 23:54:55,2013-12-07 00:20:40,25.75
1386374109620000663,20000663,2013-12-06 23:55:09,2013-12-07 00:39:39,44.50
1386374118620000610,20000610,2013-12-06 23:55:18,2013-12-07 00:14:03,18.75
1386374130620000569,20000569,2013-12-06 23:55:30,2013-12-07 00:43:15,47.75
1386374136620000520,20000520,2013-12-06 23:55:36,2013-12-07 00:05:51,10.25
1386374152620000251,20000251,2013-12-06 23:55:52,2013-12-07 00:11:37,15.75
1386374169620000547,20000547,2013-12-06 23:56:09,2013-12-07 00:05:09,9.00
1386374182620000392,20000392,2013-12-06 23:56:22,2013-12-07 00:00:52,4.50
1386374193620000450,20000450,2013-12-06 23:56:33,2013-12-07 00:00:48,4.25
1386374202620000595,20000595,2013-12-06 23:56:42,2013-12-07 00:09:12,12.50
1386374220620000338,20000338,2013-12-06 23:57:00,2013-12-07 00:03:00,6.00
1386374224620000561,20000561,2013-12-06 23:57:04,2013-12-07 00:09:49,12.75
1386374228620000370,20000370,2013-12-06 23:57:08,2013-12-07 00:00:08,3.00
1386374234620000105,20000105,2013-12-06 23:57:14,2013-12-07 00:12:59,15.75
1386374288620000901,20000901,2013-12-06 23:58:08,2013-12-07 00:10:23,12.25
1386374308620000119,20000119,2013-12-06 23:58:28,2013-12-07 00:09:58,11.50
1386374311620000157,20000157,2013-12-06 23:58:31,2013-12-07 00:09:31,11.00
1386374357620000514,20000514,2013-12-06 23:59:17,2013-12-07 00:06:32,7.25
1386458422620000045,20000045,2013-12-07 23:20:22,2013-12-08 00:04:07,43.75
1386458592620000288,20000288,2013-12-07 23:23:12,2013-12-08 00:01:12,38.00
1386459158620000589,20000589,2013-12-07 23:32:38,2013-12-08 00:26:38,54.00
1386459803620000009,20000009,2013-12-07 23:43:23,2013-12-08 00:51:38,68.25
1386459936620000454,20000454,2013-12-07 23:45:36,2013-12-08 00:01:21,15.75
1386459993620000142,20000142,2013-12-07 23:46:33,2013-12-08 00:25:33,39.00
1386460048620000403,20000403,2013-12-07 23:47:28,2013-12-08 00:01:58,14.50
1386460080620000171,20000171,2013-12-07 23:48:00,2013-12-08 00:07:15,19.25
1386460218620000308,20000308,2013-12-07 23:50:18,2013-12-08 00:11:33,21.25
1386460340620000687,20000687,2013-12-07 23:52:20,2013-12-08 00:05:20,13.00
1386460365620000450,20000450,2013-12-07 23:52:45,2013-12-08 00:07:30,14.75
1386460476620000547,20000547,2013-12-07 23:54:36,2013-12-08 00:08:21,13.75
1386460512620000337,20000337,2013-12-07 23:55:12,2013-12-08 00:11:12,16.00
1386460522620000364,20000364,2013-12-07 23:55:22,2013-12-08 00:07:37,12.25
1386460591620000051,20000051,2013-12-07 23:56:31,2013-12-08 00:09:46,13.25
1386460595620000554,20000554,2013-12-07 23:56:35,2013-12-08 00:06:05,9.50
1386460606620000057,20000057,2013-12-07 23:56:46,2013-12-08 00:04:31,7.75
1386460636620000586,20000586,2013-12-07 23:57:16,2013-12-08 00:13:01,15.75
1386460657620000381,20000381,2013-12-07 23:57:37,2013-12-08 00:03:37,6.00
1386460711620000305,20000305,2013-12-07 23:58:31,2013-12-08 00:03:46,5.25
1386460728620000161,20000161,2013-12-07 23:58:48,2013-12-08 00:16:03,17.25
1386460734620000280,20000280,2013-12-07 23:58:54,2013-12-08 00:06:54,8.00
1386460743620000688,20000688,2013-12-07 23:59:03,2013-12-08 00:09:18,10.25
1386460754620000520,20000520,2013-12-07 23:59:14,2013-12-08 00:18:14,19.00
1386460755620000574,20000574,2013-12-07 23:59:15,2013-12-08 00:02:45,3.50
1386460786620000675,20000675,2013-12-07 23:59:46,2013-12-08 00:08:31,8.75
1386460793620000320,20000320,2013-12-07 23:59:53,2013-12-08 00:08:23,8.50
1386460799620000356,20000356,2013-12-07 23:59:59,2013-12-08 00:07:44,7.75
1386544892620000376,20000376,2013-12-08 23:21:32,2013-12-09 01:02:02,100.50
1386545536620000574,20000574,2013-12-08 23:32:16,2013-12-09 00:02:01,29.75
1386546159620000435,20000435,2013-12-08 23:42:39,2013-12-09 00:05:54,23.25
1386546401620000472,20000472,2013-12-08 23:46:41,2013-12-09 00:01:26,14.75
1386546504620000233,20000233,2013-12-08 23:48:24,2013-12-09 00:04:24,16.00
1386546658620000367,20000367,2013-12-08 23:50:58,2013-12-09 00:09:28,18.50
1386546687620000542,20000542,2013-12-08 23:51:27,2013-12-09 00:03:57,12.50
1386547044620000509,20000509,2013-12-08 23:57:24,2013-12-09 00:10:39,13.25
1386547172620000450,20000450,2013-12-08 23:59:32,2013-12-09 00:05:47,6.25
1386628835620000534,20000534,2013-12-09 22:40:35,2013-12-10 00:20:05,99.50
1386632033620000651,20000651,2013-12-09 23:33:53,2013-12-10 00:03:38,29.75
1386632360620000066,20000066,2013-12-09 23:39:20,2013-12-10 00:16:05,36.75
1386632578620000454,20000454,2013-12-09 23:42:58,2013-12-10 00:00:13,17.25
1386632894620000332,20000332,2013-12-09 23:48:14,2013-12-10 00:05:29,17.25
1386633043620000151,20000151,2013-12-09 23:50:43,2013-12-10 00:11:28,20.75
1386633064620000486,20000486,2013-12-09 23:51:04,2013-12-10 00:01:34,10.50
1386633112620000020,20000020,2013-12-09 23:51:52,2013-12-10 00:12:07,20.25
1386633138620000451,20000451,2013-12-09 23:52:18,2013-12-10 00:04:18,12.00
1386633392620000424,20000424,2013-12-09 23:56:32,2013-12-10 00:11:02,14.50
1386633420620000060,20000060,2013-12-09 23:57:00,2013-12-10 00:07:45,10.75
1386633459620000370,20000370,2013-12-09 23:57:39,2013-12-10 00:07:09,9.50
1386633593620000509,20000509,2013-12-09 23:59:53,2013-12-10 00:03:53,4.00
1386717531620000517,20000517,2013-12-10 23:18:51,2013-12-11 00:21:06,62.25
1386718561620000376,20000376,2013-12-10 23:36:01,2013-12-11 00:03:46,27.75
1386719307620000157,20000157,2013-12-10 23:48:27,2013-12-11 00:04:42,16.25
1386719471620000649,20000649,2013-12-10 23:51:11,2013-12-11 00:00:41,9.50
1386719493620000337,20000337,2013-12-10 23:51:33,2013-12-11 00:11:18,19.75
1386719581620000151,20000151,2013-12-10 23:53:01,2013-12-11 00:03:16,10.25
1386719760620000431,20000431,2013-12-10 23:56:00,2013-12-11 00:04:00,8.00
1386719774620000436,20000436,2013-12-10 23:56:14,2013-12-11 00:06:44,10.50
1386719823620000256,20000256,2013-12-10 23:57:03,2013-12-11 00:09:33,12.50
1386719859620000687,20000687,2013-12-10 23:57:39,2013-12-11 00:08:24,10.75
1386719882620000004,20000004,2013-12-10 23:58:02,2013-12-11 00:21:17,23.25
1386719908620000601,20000601,2013-12-10 23:58:28,2013-12-11 00:15:43,17.25
1386719935620000252,20000252,2013-12-10 23:58:55,2013-12-11 00:06:25,7.50
1386719938620000045,20000045,2013-12-10 23:58:58,2013-12-11 00:12:13,13.25
1386719957620000154,20000154,2013-12-10 23:59:17,2013-12-11 00:03:47,4.50
1386719967620000344,20000344,2013-12-10 23:59:27,2013-12-11 00:10:42,11.25
1386805533620000486,20000486,2013-12-11 23:45:33,2013-12-12 00:09:33,24.00
1386805630620000325,20000325,2013-12-11 23:47:10,2013-12-12 00:00:10,13.00
1386805669620000451,20000451,2013-12-11 23:47:49,2013-12-12 00:01:04,13.25
1386805720620000054,20000054,2013-12-11 23:48:40,2013-12-12 00:02:10,13.50
1386805831620000424,20000424,2013-12-11 23:50:31,2013-12-12 00:05:01,14.50
1386805871620000678,20000678,2013-12-11 23:51:11,2013-12-12 00:09:56,18.75
1386805881620000434,20000434,2013-12-11 23:51:21,2013-12-12 00:25:21,34.00
1386806156620000066,20000066,2013-12-11 23:55:56,2013-12-12 00:23:41,27.75
1386806168620000309,20000309,2013-12-11 23:56:08,2013-12-12 00:06:53,10.75
1386806191620000338,20000338,2013-12-11 23:56:31,2013-12-12 00:12:46,16.25
1386806249620000569,20000569,2013-12-11 23:57:29,2013-12-12 00:01:44,4.25
1386806320620000472,20000472,2013-12-11 23:58:40,2013-12-12 00:06:10,7.50
1386806381620000904,20000904,2013-12-11 23:59:41,2013-12-12 00:05:26,5.75
1386890803620000304,20000304,2013-12-12 23:26:43,2013-12-13 00:02:13,35.50
1386892066620000359,20000359,2013-12-12 23:47:46,2013-12-13 00:01:31,13.75
1386892153620000624,20000624,2013-12-12 23:49:13,2013-12-13 00:00:28,11.25
1386892162620000621,20000621,2013-12-12 23:49:22,2013-12-13 00:00:37,11.25
1386892170620000554,20000554,2013-12-12 23:49:30,2013-12-13 00:00:45,11.25
1386892195620000591,20000591,2013-12-12 23:49:55,2013-12-13 00:02:55,13.00
1386892257620000310,20000310,2013-12-12 23:50:57,2013-12-13 00:10:12,19.25
1386892316620000561,20000561,2013-12-12 23:51:56,2013-12-13 00:01:26,9.50
1386892369620000610,20000610,2013-12-12 23:52:49,2013-12-13 00:11:19,18.50
1386892387620000364,20000364,2013-12-12 23:53:07,2013-12-13 00:02:52,9.75
1386892397620000514,20000514,2013-12-12 23:53:17,2013-12-13 00:00:17,7.00
1386892398620000337,20000337,2013-12-12 23:53:18,2013-12-13 00:06:03,12.75
1386892504620000571,20000571,2013-12-12 23:55:04,2013-12-13 00:03:04,8.00
1386892568620000387,20000387,2013-12-12 23:56:08,2013-12-13 00:01:53,5.75
1386892628620000430,20000430,2013-12-12 23:57:08,2013-12-13 00:01:53,4.75
1386892635620000476,20000476,2013-12-12 23:57:15,2013-12-13 00:00:45,3.50
1386892689620000542,20000542,2013-12-12 23:58:09,2013-12-13 00:10:09,12.00
1386892699620000649,20000649,2013-12-12 23:58:19,2013-12-13 00:07:49,9.50
1386892732620000388,20000388,2013-12-12 23:58:52,2013-12-13 00:06:07,7.25
1386892745620000570,20000570,2013-12-12 23:59:05,2013-12-13 00:08:35,9.50
1386892781620000345,20000345,2013-12-12 23:59:41,2013-12-13 00:10:11,10.50
1386977957620000398,20000398,2013-12-13 23:39:17,2013-12-14 00:11:47,32.50
1386977966620000184,20000184,2013-12-13 23:39:26,2013-12-14 00:09:56,30.50
1386978257620000472,20000472,2013-12-13 23:44:17,2013-12-14 00:13:02,28.75
1386978384620000664,20000664,2013-12-13 23:46:24,2013-12-14 00:01:54,15.50
1386978436620000508,20000508,2013-12-13 23:47:16,2013-12-14 00:05:31,18.25
1386978505620000610,20000610,2013-12-13 23:48:25,2013-12-14 00:06:55,18.50
1386978524620000010,20000010,2013-12-13 23:48:44,2013-12-14 00:04:14,15.50
1386978529620000173,20000173,2013-12-13 23:48:49,2013-12-14 00:01:19,12.50
1386978533620000653,20000653,2013-12-13 23:48:53,2013-12-14 00:13:23,24.50
1386978576620000231,20000231,2013-12-13 23:49:36,2013-12-14 00:00:21,10.75
1386978614620000307,20000307,2013-12-13 23:50:14,2013-12-14 00:01:59,11.75
1386978619620000687,20000687,2013-12-13 23:50:19,2013-12-14 00:00:04,9.75
1386978755620000572,20000572,2013-12-13 23:52:35,2013-12-14 00:01:20,8.75
1386978801620000119,20000119,2013-12-13 23:53:21,2013-12-14 00:10:06,16.75
1386978876620000009,20000009,2013-12-13 23:54:36,2013-12-14 00:54:51,60.25
1386978877620000243,20000243,2013-12-13 23:54:37,2013-12-14 00:06:37,12.00
1386978888620000372,20000372,2013-12-13 23:54:48,2013-12-14 00:00:48,6.00
1386978901620000345,20000345,2013-12-13 23:55:01,2013-12-14 00:02:46,7.75
1386978913620000481,20000481,2013-12-13 23:55:13,2013-12-14 00:00:43,5.50
1386978942620000031,20000031,2013-12-13 23:55:42,2013-12-14 00:05:57,10.25
1386978945620000588,20000588,2013-12-13 23:55:45,2013-12-14 00:05:00,9.25
1386978955620000423,20000423,2013-12-13 23:55:55,2013-12-14 00:05:55,10.00
1386978960620000450,20000450,2013-12-13 23:56:00,2013-12-14 00:07:15,11.25
1386978966620000430,20000430,2013-12-13 23:56:06,2013-12-14 00:02:51,6.75
1386978972620000030,20000030,2013-12-13 23:56:12,2013-12-14 00:02:27,6.25
1386978979620000663,20000663,2013-12-13 23:56:19,2013-12-14 00:04:49,8.50
1386978986620000473,20000473,2013-12-13 23:56:26,2013-12-14 00:03:26,7.00
1386978991620000668,20000668,2013-12-13 23:56:31,2013-12-14 00:05:46,9.25
1386978992620000245,20000245,2013-12-13 23:56:32,2013-12-14 00:06:02,9.50
1386978997620000476,20000476,2013-12-13 23:56:37,2013-12-14 00:01:52,5.25
1386979007620000589,20000589,2013-12-13 23:56:47,2013-12-14 00:08:02,11.25
1386979039620000217,20000217,2013-12-13 23:57:19,2013-12-14 00:02:04,4.75
1386979067620000601,20000601,2013-12-13 23:57:47,2013-12-14 00:03:47,6.00
1386979082620000338,20000338,2013-12-13 23:58:02,2013-12-14 00:08:32,10.50
1386979097620000362,20000362,2013-12-13 23:58:17,2013-12-14 00:16:47,18.50
1386979108620000075,20000075,2013-12-13 23:58:28,2013-12-14 00:03:28,5.00
1386979118620000309,20000309,2013-12-13 23:58:38,2013-12-14 00:04:08,5.50
1386979185620000520,20000520,2013-12-13 23:59:45,2013-12-14 00:58:45,59.00
1386979186620000109,20000109,2013-12-13 23:59:46,2013-12-14 00:18:16,18.50
1386979195620000080,20000080,2013-12-13 23:59:55,2013-12-14 00:00:25,0.50
1387060931620000196,20000196,2013-12-14 22:42:11,2013-12-15 00:01:26,79.25
1387064656620000252,20000252,2013-12-14 23:44:16,2013-12-15 00:00:01,15.75
1387064674620000337,20000337,2013-12-14 23:44:34,2013-12-15 00:20:34,36.00
1387064683620000488,20000488,2013-12-14 23:44:43,2013-12-15 00:00:13,15.50
1387064714620000901,20000901,2013-12-14 23:45:14,2013-12-15 00:01:44,16.50
1387064839620000610,20000610,2013-12-14 23:47:19,2013-12-15 00:07:34,20.25
1387064841620000006,20000006,2013-12-14 23:47:21,2013-12-15 00:00:36,13.25
1387065088620000688,20000688,2013-12-14 23:51:28,2013-12-15 00:00:28,9.00
1387065109620000589,20000589,2013-12-14 23:51:49,2013-12-15 00:01:49,10.00
1387065120620000108,20000108,2013-12-14 23:52:00,2013-12-15 00:11:15,19.25
1387065137620000529,20000529,2013-12-14 23:52:17,2013-12-15 00:03:17,11.00
1387065137620000648,20000648,2013-12-14 23:52:17,2013-12-15 00:00:47,8.50
1387065151620000251,20000251,2013-12-14 23:52:31,2013-12-15 00:02:16,9.75
1387065169620000570,20000570,2013-12-14 23:52:49,2013-12-15 00:00:19,7.50
1387065243620000903,20000903,2013-12-14 23:54:03,2013-12-15 00:03:33,9.50
1387065260620000004,20000004,2013-12-14 23:54:20,2013-12-15 00:01:35,7.25
1387065301620000345,20000345,2013-12-14 23:55:01,2013-12-15 00:02:46,7.75
1387065306620000042,20000042,2013-12-14 23:55:06,2013-12-15 00:08:06,13.00
1387065317620000328,20000328,2013-12-14 23:55:17,2013-12-15 00:02:32,7.25
1387065322620000450,20000450,2013-12-14 23:55:22,2013-12-15 00:04:37,9.25
1387065324620000557,20000557,2013-12-14 23:55:24,2013-12-15 00:06:09,10.75
1387065332620000492,20000492,2013-12-14 23:55:32,2013-12-15 00:06:02,10.50
1387065363620000595,20000595,2013-12-14 23:56:03,2013-12-15 00:10:33,14.50
1387065372620000376,20000376,2013-12-14 23:56:12,2013-12-15 00:05:42,9.50
1387065389620000516,20000516,2013-12-14 23:56:29,2013-12-15 00:10:14,13.75
1387065402620000684,20000684,2013-12-14 23:56:42,2013-12-15 00:15:42,19.00
1387065412620000254,20000254,2013-12-14 23:56:52,2013-12-15 00:07:22,10.50
1387065426620000031,20000031,2013-12-14 23:57:06,2013-12-15 00:04:06,7.00
1387065444620000574,20000574,2013-12-14 23:57:24,2013-12-15 00:08:54,11.50
1387065457620000173,20000173,2013-12-14 23:57:37,2013-12-15 00:09:37,12.00
1387065468620000904,20000904,2013-12-14 23:57:48,2013-12-15 00:11:03,13.25
1387065481620000372,20000372,2013-12-14 23:58:01,2013-12-15 00:18:31,20.50
1387065494620000389,20000389,2013-12-14 23:58:14,2013-12-15 00:09:14,11.00
1387065508620000424,20000424,2013-12-14 23:58:28,2013-12-15 00:12:28,14.00
1387065525620000308,20000308,2013-12-14 23:58:45,2013-12-15 00:30:15,31.50
1387065540620000621,20000621,2013-12-14 23:59:00,2013-12-15 00:08:45,9.75
1387065552620000179,20000179,2013-12-14 23:59:12,2013-12-15 00:05:42,6.50
1387065553620000586,20000586,2013-12-14 23:59:13,2013-12-15 00:09:13,10.00
1387065580620000398,20000398,2013-12-14 23:59:40,2013-12-15 00:10:25,10.75
1387150989620000263,20000263,2013-12-15 23:43:09,2013-12-16 00:09:54,26.75
1387151525620000042,20000042,2013-12-15 23:52:05,2013-12-16 00:19:05,27.00
1387151616620000542,20000542,2013-12-15 23:53:36,2013-12-16 00:00:21,6.75
1387151760620000473,20000473,2013-12-15 23:56:00,2013-12-16 00:04:30,8.50
1387151798620000398,20000398,2013-12-15 23:56:38,2013-12-16 00:03:38,7.00
1387151874620000101,20000101,2013-12-15 23:57:54,2013-12-16 00:08:54,11.00
1387151944620000574,20000574,2013-12-15 23:59:04,2013-12-16 00:16:34,17.50
1387151989620000472,20000472,2013-12-15 23:59:49,2013-12-16 00:12:34,12.75
1387151992620000201,20000201,2013-12-15 23:59:52,2013-12-16 00:12:22,12.50
1387237626620000621,20000621,2013-12-16 23:47:06,2013-12-17 00:03:06,16.00
1387237833620000610,20000610,2013-12-16 23:50:33,2013-12-17 00:09:18,18.75
1387237921620000372,20000372,2013-12-16 23:52:01,2013-12-17 00:06:01,14.00
1387237946620000233,20000233,2013-12-16 23:52:26,2013-12-17 00:06:11,13.75
1387238080620000684,20000684,2013-12-16 23:54:40,2013-12-17 00:02:40,8.00
1387238207620000307,20000307,2013-12-16 23:56:47,2013-12-17 00:04:17,7.50
1387238287620000015,20000015,2013-12-16 23:58:07,2013-12-17 00:15:07,17.00
1387238381620000042,20000042,2013-12-16 23:59:41,2013-12-17 00:07:11,7.50
1387320387620000561,20000561,2013-12-17 22:46:27,2013-12-18 00:04:12,77.75
1387324066620000435,20000435,2013-12-17 23:47:46,2013-12-18 00:14:01,26.25
1387324155620000589,20000589,2013-12-17 23:49:15,2013-12-18 00:01:45,12.50
1387324262620000179,20000179,2013-12-17 23:51:02,2013-12-18 00:05:47,14.75
1387324331620000392,20000392,2013-12-17 23:52:11,2013-12-18 00:00:56,8.75
1387324551620000196,20000196,2013-12-17 23:55:51,2013-12-18 00:00:06,4.25
1387324614620000569,20000569,2013-12-17 23:56:54,2013-12-18 00:01:24,4.50
1387324628620000304,20000304,2013-12-17 23:57:08,2013-12-18 00:09:38,12.50
1387324640620000570,20000570,2013-12-17 23:57:20,2013-12-18 00:13:20,16.00
1387324641620000192,20000192,2013-12-17 23:57:21,2013-12-18 00:03:51,6.50
1387324667620000105,20000105,2013-12-17 23:57:47,2013-12-18 00:05:32,7.75
1387324692620000376,20000376,2013-12-17 23:58:12,2013-12-18 00:05:12,7.00
1387324732620000325,20000325,2013-12-17 23:58:52,2013-12-18 00:02:22,3.50
1387324737620000903,20000903,2013-12-17 23:58:57,2013-12-18 00:09:27,10.50
1387324775620000151,20000151,2013-12-17 23:59:35,2013-12-18 00:05:35,6.00
1387324799620000470,20000470,2013-12-17 23:59:59,2013-12-18 00:11:29,11.50
1387403475620000376,20000376,2013-12-18 21:51:15,2013-12-19 00:16:00,144.75
1387410126620000589,20000589,2013-12-18 23:42:06,2013-12-19 00:13:36,31.50
1387410200620000167,20000167,2013-12-18 23:43:20,2013-12-19 00:02:20,19.00
1387410262620000060,20000060,2013-12-18 23:44:22,2013-12-19 00:02:52,18.50
1387410400620000483,20000483,2013-12-18 23:46:40,2013-12-19 00:02:10,15.50
1387410442620000625,20000625,2013-12-18 23:47:22,2013-12-19 00:04:37,17.25
1387410477620000520,20000520,2013-12-18 23:47:57,2013-12-19 00:11:12,23.25
1387410583620000574,20000574,2013-12-18 23:49:43,2013-12-19 00:06:13,16.50
1387410671620000364,20000364,2013-12-18 23:51:11,2013-12-19 00:00:41,9.50
1387410682620000157,20000157,2013-12-18 23:51:22,2013-12-19 00:00:37,9.25
1387410718620000089,20000089,2013-12-18 23:51:58,2013-12-19 00:00:58,9.00
1387410782620000497,20000497,2013-12-18 23:53:02,2013-12-19 00:14:47,21.75
1387410795620000387,20000387,2013-12-18 23:53:15,2013-12-19 00:01:30,8.25
1387410825620000311,20000311,2013-12-18 23:53:45,2013-12-19 00:08:30,14.75
1387410870620000010,20000010,2013-12-18 23:54:30,2013-12-19 00:04:45,10.25
1387410894620000455,20000455,2013-12-18 23:54:54,2013-12-19 00:02:39,7.75
1387410969620000011,20000011,2013-12-18 23:56:09,2013-12-19 00:05:54,9.75
1387410969620000197,20000197,2013-12-18 23:56:09,2013-12-19 00:07:54,11.75
1387410995620000327,20000327,2013-12-18 23:56:35,2013-12-19 00:01:05,4.50
1387411060620000309,20000309,2013-12-18 23:57:40,2013-12-19 00:03:55,6.25
1387411093620000359,20000359,2013-12-18 23:58:13,2013-12-19 00:03:13,5.00
1387411099620000224,20000224,2013-12-18 23:58:19,2013-12-19 00:04:49,6.50
1387411109620000610,20000610,2013-12-18 23:58:29,2013-12-19 00:16:29,18.00
1387411165620000042,20000042,2013-12-18 23:59:25,2013-12-19 00:03:55,4.50
1387411170620000304,20000304,2013-12-18 23:59:30,2013-12-19 00:16:15,16.75
1387496578620000023,20000023,2013-12-19 23:42:58,2013-12-20 00:05:43,22.75
1387496659620000610,20000610,2013-12-19 23:44:19,2013-12-20 00:13:04,28.75
1387496727620000529,20000529,2013-12-19 23:45:27,2013-12-20 00:04:27,19.00
1387496764620000598,20000598,2013-12-19 23:46:04,2013-12-20 00:08:04,22.00
1387496958620000305,20000305,2013-12-19 23:49:18,2013-12-20 00:05:48,16.50
1387497064620000307,20000307,2013-12-19 23:51:04,2013-12-20 01:07:04,76.00
1387497108620000626,20000626,2013-12-19 23:51:48,2013-12-20 00:00:33,8.75
1387497114620000403,20000403,2013-12-19 23:51:54,2013-12-20 00:10:09,18.25
1387497123620000154,20000154,2013-12-19 23:52:03,2013-12-20 00:01:03,9.00
1387497137620000520,20000520,2013-12-19 23:52:17,2013-12-20 00:01:02,8.75
1387497273620000022,20000022,2013-12-19 23:54:33,2013-12-20 00:00:48,6.25
1387497278620000541,20000541,2013-12-19 23:54:38,2013-12-20 00:04:53,10.25
1387497310620000488,20000488,2013-12-19 23:55:10,2013-12-20 00:04:25,9.25
1387497367620000235,20000235,2013-12-19 23:56:07,2013-12-20 00:00:22,4.25
1387497371620000351,20000351,2013-12-19 23:56:11,2013-12-20 00:08:41,12.50
1387497373620000129,20000129,2013-12-19 23:56:13,2013-12-20 00:02:43,6.50
1387497389620000492,20000492,2013-12-19 23:56:29,2013-12-20 00:01:44,5.25
1387497403620000387,20000387,2013-12-19 23:56:43,2013-12-20 00:06:28,9.75
1387497456620000465,20000465,2013-12-19 23:57:36,2013-12-20 00:02:21,4.75
1387497482620000338,20000338,2013-12-19 23:58:02,2013-12-20 00:16:17,18.25
1387497495620000273,20000273,2013-12-19 23:58:15,2013-12-20 00:06:00,7.75
1387579946620000648,20000648,2013-12-20 22:52:26,2013-12-21 00:02:26,70.00
1387580718620000341,20000341,2013-12-20 23:05:18,2013-12-21 00:02:18,57.00
1387582511620000304,20000304,2013-12-20 23:35:11,2013-12-21 00:02:26,27.25
1387582604620000040,20000040,2013-12-20 23:36:44,2013-12-21 00:14:59,38.25
1387582659620000486,20000486,2013-12-20 23:37:39,2013-12-21 00:11:24,33.75
1387582982620000108,20000108,2013-12-20 23:43:02,2013-12-21 00:04:32,21.50
1387583016620000624,20000624,2013-12-20 23:43:36,2013-12-21 00:06:36,23.00
1387583017620000465,20000465,2013-12-20 23:43:37,2013-12-21 00:07:37,24.00
1387583064620000450,20000450,2013-12-20 23:44:24,2013-12-21 00:01:54,17.50
1387583141620000632,20000632,2013-12-20 23:45:41,2013-12-21 00:03:11,17.50
1387583164620000395,20000395,2013-12-20 23:46:04,2013-12-21 00:11:19,25.25
1387583190620000057,20000057,2013-12-20 23:46:30,2013-12-21 00:04:15,17.75
1387583242620000653,20000653,2013-12-20 23:47:22,2013-12-21 00:12:07,24.75
1387583303620000619,20000619,2013-12-20 23:48:23,2013-12-21 00:00:08,11.75
1387583392620000473,20000473,2013-12-20 23:49:52,2013-12-21 00:02:37,12.75
1387583398620000045,20000045,2013-12-20 23:49:58,2013-12-21 00:03:28,13.50
1387583405620000031,20000031,2013-12-20 23:50:05,2013-12-21 00:10:35,20.50
1387583458620000345,20000345,2013-12-20 23:50:58,2013-12-21 00:01:43,10.75
1387583466620000453,20000453,2013-12-20 23:51:06,2013-12-21 00:06:51,15.75
1387583506620000470,20000470,2013-12-20 23:51:46,2013-12-21 00:03:46,12.00
1387583512620000325,20000325,2013-12-20 23:51:52,2013-12-21 00:09:07,17.25
1387583531620000577,20000577,2013-12-20 23:52:11,2013-12-21 00:06:11,14.00
1387583596620000687,20000687,2013-12-20 23:53:16,2013-12-21 00:14:31,21.25
1387583663620000686,20000686,2013-12-20 23:54:23,2013-12-21 00:03:53,9.50
1387583678620000430,20000430,2013-12-20 23:54:38,2013-12-21 00:11:53,17.25
1387583714620000351,20000351,2013-12-20 23:55:14,2013-12-21 00:05:59,10.75
1387583749620000216,20000216,2013-12-20 23:55:49,2013-12-21 00:10:19,14.50
1387583814620000524,20000524,2013-12-20 23:56:54,2013-12-21 00:02:54,6.00
1387583826620000356,20000356,2013-12-20 23:57:06,2013-12-21 00:03:06,6.00
1387583894620000488,20000488,2013-12-20 23:58:14,2013-12-21 00:03:44,5.50
1387583927620000446,20000446,2013-12-20 23:58:47,2013-12-21 00:14:32,15.75
1387583939620000517,20000517,2013-12-20 23:58:59,2013-12-21 00:10:14,11.25
1387583972620000675,20000675,2013-12-20 23:59:32,2013-12-21 00:13:32,14.00
1387583977620000621,20000621,2013-12-20 23:59:37,2013-12-21 00:08:37,9.00
1387583989620000129,20000129,2013-12-20 23:59:49,2013-12-21 00:13:49,14.00
1387583990620000081,20000081,2013-12-20 23:59:50,2013-12-21 00:06:50,7.00
1387666100620000542,20000542,2013-12-21 22:48:20,2013-12-22 00:43:35,115.25
1387668034620000101,20000101,2013-12-21 23:20:34,2013-12-22 00:08:04,47.50
1387668433620000435,20000435,2013-12-21 23:27:13,2013-12-22 00:19:13,52.00
1387668790620000022,20000022,2013-12-21 23:33:10,2013-12-22 00:10:10,37.00
1387669138620000419,20000419,2013-12-21 23:38:58,2013-12-22 00:01:13,22.25
1387669218620000173,20000173,2013-12-21 23:40:18,2013-12-22 00:00:33,20.25
1387669483620000030,20000030,2013-12-21 23:44:43,2013-12-22 00:02:13,17.50
1387669590620000075,20000075,2013-12-21 23:46:30,2013-12-22 00:00:45,14.25
1387669633620000251,20000251,2013-12-21 23:47:13,2013-12-22 00:03:43,16.50
1387669654620000297,20000297,2013-12-21 23:47:34,2013-12-22 00:07:49,20.25
1387669682620000377,20000377,2013-12-21 23:48:02,2013-12-22 00:02:02,14.00
1387669721620000632,20000632,2013-12-21 23:48:41,2013-12-22 00:05:41,17.00
1387669728620000616,20000616,2013-12-21 23:48:48,2013-12-22 00:13:18,24.50
1387669736620000516,20000516,2013-12-21 23:48:56,2013-12-22 00:10:41,21.75
1387669772620000901,20000901,2013-12-21 23:49:32,2013-12-22 00:00:17,10.75
1387669779620000376,20000376,2013-12-21 23:49:39,2013-12-22 00:23:39,34.00
1387669834620000598,20000598,2013-12-21 23:50:34,2013-12-22 00:01:19,10.75
1387669867620000235,20000235,2013-12-21 23:51:07,2013-12-22 00:03:37,12.50
1387669872620000356,20000356,2013-12-21 23:51:12,2013-12-22 00:02:57,11.75
1387669879620000668,20000668,2013-12-21 23:51:19,2013-12-22 00:12:49,21.50
1387669880620000624,20000624,2013-12-21 23:51:20,2013-12-22 00:00:50,9.50
1387669913620000483,20000483,2013-12-21 23:51:53,2013-12-22 00:04:08,12.25
1387669946620000332,20000332,2013-12-21 23:52:26,2013-12-22 00:01:11,8.75
1387669956620000309,20000309,2013-12-21 23:52:36,2013-12-22 00:02:06,9.50
1387669977620000142,20000142,2013-12-21 23:52:57,2013-12-22 00:01:12,8.25
1387670047620000497,20000497,2013-12-21 23:54:07,2013-12-22 00:13:52,19.75
1387670049620000904,20000904,2013-12-21 23:54:09,2013-12-22 00:02:54,8.75
1387670059620000398,20000398,2013-12-21 23:54:19,2013-12-22 00:14:19,20.00
1387670061620000153,20000153,2013-12-21 23:54:21,2013-12-22 00:04:21,10.00
1387670077620000525,20000525,2013-12-21 23:54:37,2013-12-22 00:01:37,7.00
1387670077620000617,20000617,2013-12-21 23:54:37,2013-12-22 00:12:07,17.50
1387670151620000473,20000473,2013-12-21 23:55:51,2013-12-22 00:03:06,7.25
1387670196620000254,20000254,2013-12-21 23:56:36,2013-12-22 00:05:51,9.25
1387670217620000359,20000359,2013-12-21 23:56:57,2013-12-22 00:09:57,13.00
1387670242620000305,20000305,2013-12-21 23:57:22,2013-12-22 00:12:07,14.75
1387670243620000600,20000600,2013-12-21 23:57:23,2013-12-22 00:07:53,10.50
1387670287620000488,20000488,2013-12-21 23:58:07,2013-12-22 00:07:22,9.25
1387670315620000389,20000389,2013-12-21 23:58:35,2013-12-22 00:05:20,6.75
1387670344620000119,20000119,2013-12-21 23:59:04,2013-12-22 00:08:04,9.00
1387755573620000497,20000497,2013-12-22 23:39:33,2013-12-23 00:07:48,28.25
1387755656620000009,20000009,2013-12-22 23:40:56,2013-12-23 00:40:41,59.75
1387755759620000657,20000657,2013-12-22 23:42:39,2013-12-23 00:09:09,26.50
1387756157620000231,20000231,2013-12-22 23:49:17,2013-12-23 00:02:02,12.75
1387756248620000574,20000574,2013-12-22 23:50:48,2013-12-23 00:16:03,25.25
1387756257620000481,20000481,2013-12-22 23:50:57,2013-12-23 00:05:12,14.25
1387756412620000569,20000569,2013-12-22 23:53:32,2013-12-23 00:01:32,8.00
1387756524620000251,20000251,2013-12-22 23:55:24,2013-12-23 00:17:39,22.25
1387756595620000473,20000473,2013-12-22 23:56:35,2013-12-23 00:01:35,5.00
1387756643620000303,20000303,2013-12-22 23:57:23,2013-12-23 00:01:23,4.00
1387756721620000042,20000042,2013-12-22 23:58:41,2013-12-23 00:05:11,6.50
1387756776620000341,20000341,2013-12-22 23:59:36,2013-12-23 00:04:51,5.25
1387756783620000398,20000398,2013-12-22 23:59:43,2013-12-23 00:03:58,4.25
1387840559620000199,20000199,2013-12-23 23:15:59,2013-12-24 00:14:59,59.00
1387842013620000616,20000616,2013-12-23 23:40:13,2013-12-24 00:10:43,30.50
1387842472620000136,20000136,2013-12-23 23:47:52,2013-12-24 00:04:07,16.25
1387842532620000304,20000304,2013-12-23 23:48:52,2013-12-24 00:16:37,27.75
1387842676620000372,20000372,2013-12-23 23:51:16,2013-12-24 00:39:16,48.00
1387842755620000518,20000518,2013-12-23 23:52:35,2013-12-24 00:01:35,9.00
1387842781620000325,20000325,2013-12-23 23:53:01,2013-12-24 00:05:31,12.50
1387842797620000529,20000529,2013-12-23 23:53:17,2013-12-24 00:14:02,20.75
1387842903620000045,20000045,2013-12-23 23:55:03,2013-12-24 00:02:48,7.75
1387842906620000376,20000376,2013-12-23 23:55:06,2013-12-24 00:44:21,49.25
1387842957620000337,20000337,2013-12-23 23:55:57,2013-12-24 00:04:42,8.75
1387842998620000268,20000268,2013-12-23 23:56:38,2013-12-24 00:02:53,6.25
1387843048620000362,20000362,2013-12-23 23:57:28,2013-12-24 00:02:58,5.50
1387843050620000640,20000640,2013-12-23 23:57:30,2013-12-24 00:00:45,3.25
1387843065620000031,20000031,2013-12-23 23:57:45,2013-12-24 00:23:15,25.50
1387843081620000067,20000067,2013-12-23 23:58:01,2013-12-24 00:07:31,9.50
1387843108620000192,20000192,2013-12-23 23:58:28,2013-12-24 00:07:28,9.00
1387843111620000454,20000454,2013-12-23 23:58:31,2013-12-24 00:05:46,7.25
1387843130620000577,20000577,2013-12-23 23:58:50,2013-12-24 00:07:05,8.25
1387843183620000688,20000688,2013-12-23 23:59:43,2013-12-24 00:10:13,10.50
1387927733620000610,20000610,2013-12-24 23:28:53,2013-12-25 00:02:53,34.00
1387927928620000325,20000325,2013-12-24 23:32:08,2013-12-25 00:50:53,78.75
1387927986620000574,20000574,2013-12-24 23:33:06,2013-12-25 00:03:21,30.25
1387928596620000324,20000324,2013-12-24 23:43:16,2013-12-25 00:02:46,19.50
1387928684620000015,20000015,2013-12-24 23:44:44,2013-12-25 00:02:59,18.25
1387928842620000483,20000483,2013-12-24 23:47:22,2013-12-25 00:00:52,13.50
1387928919620000006,20000006,2013-12-24 23:48:39,2013-12-25 00:02:54,14.25
1387928931620000020,20000020,2013-12-24 23:48:51,2013-12-25 00:03:21,14.50
1387929014620000256,20000256,2013-12-24 23:50:14,2013-12-25 00:02:59,12.75
1387929061620000542,20000542,2013-12-24 23:51:01,2013-12-25 00:00:31,9.50
1387929175620000618,20000618,2013-12-24 23:52:55,2013-12-25 00:04:40,11.75
1387929177620000481,20000481,2013-12-24 23:52:57,2013-12-25 00:00:27,7.50
1387929240620000435,20000435,2013-12-24 23:54:00,2013-12-25 00:11:30,17.50
1387929268620000520,20000520,2013-12-24 23:54:28,2013-12-25 00:10:13,15.75
1387929289620000651,20000651,2013-12-24 23:54:49,2013-12-25 00:05:34,10.75
1387929414620000010,20000010,2013-12-24 23:56:54,2013-12-25 00:05:09,8.25
1387929451620000140,20000140,2013-12-24 23:57:31,2013-12-25 00:04:16,6.75
1387929463620000453,20000453,2013-12-24 23:57:43,2013-12-25 00:05:58,8.25
1387929522620000395,20000395,2013-12-24 23:58:42,2013-12-25 00:14:27,15.75
1387929565620000119,20000119,2013-12-24 23:59:25,2013-12-25 00:08:25,9.00
1388014519620000455,20000455,2013-12-25 23:35:19,2013-12-26 00:20:49,45.50
1388014879620000332,20000332,2013-12-25 23:41:19,2013-12-26 00:06:49,25.50
1388015010620000435,20000435,2013-12-25 23:43:30,2013-12-26 00:03:15,19.75
1388015119620000450,20000450,2013-12-25 23:45:19,2013-12-26 00:02:04,16.75
1388015441620000324,20000324,2013-12-25 23:50:41,2013-12-26 00:11:41,21.00
1388015560620000057,20000057,2013-12-25 23:52:40,2013-12-26 00:00:40,8.00
1388015713620000406,20000406,2013-12-25 23:55:13,2013-12-26 00:05:13,10.00
1388015770620000370,20000370,2013-12-25 23:56:10,2013-12-26 00:04:40,8.50
1388015788620000011,20000011,2013-12-25 23:56:28,2013-12-26 00:02:58,6.50
1388015812620000280,20000280,2013-12-25 23:56:52,2013-12-26 00:06:22,9.50
1388015851620000486,20000486,2013-12-25 23:57:31,2013-12-26 00:08:01,10.50
1388015852620000367,20000367,2013-12-25 23:57:32,2013-12-26 00:08:02,10.50
1388015902620000249,20000249,2013-12-25 23:58:22,2013-12-26 00:09:07,10.75
1388101538620000216,20000216,2013-12-26 23:45:38,2013-12-27 00:17:23,31.75
1388101669620000589,20000589,2013-12-26 23:47:49,2013-12-27 00:12:19,24.50
1388101987620000067,20000067,2013-12-26 23:53:07,2013-12-27 00:06:07,13.00
1388102009620000280,20000280,2013-12-26 23:53:29,2013-12-27 00:01:29,8.00
1388102122620000042,20000042,2013-12-26 23:55:22,2013-12-27 00:02:22,7.00
1388102137620000233,20000233,2013-12-26 23:55:37,2013-12-27 00:23:52,28.25
1388102138620000651,20000651,2013-12-26 23:55:38,2013-12-27 00:06:38,11.00
1388102157620000013,20000013,2013-12-26 23:55:57,2013-12-27 00:01:27,5.50
1388102293620000577,20000577,2013-12-26 23:58:13,2013-12-27 00:02:43,4.50
1388102311620000338,20000338,2013-12-26 23:58:31,2013-12-27 00:02:46,4.25
1388102363620000488,20000488,2013-12-26 23:59:23,2013-12-27 00:09:23,10.00
1388102397620000285,20000285,2013-12-26 23:59:57,2013-12-27 00:09:57,10.00
1388102399620000509,20000509,2013-12-26 23:59:59,2013-12-27 00:09:44,9.75
1388184277620000179,20000179,2013-12-27 22:44:37,2013-12-28 00:59:07,134.50
1388187801620000309,20000309,2013-12-27 23:43:21,2013-12-28 00:10:06,26.75
1388187919620000249,20000249,2013-12-27 23:45:19,2013-12-28 00:03:19,18.00
1388188121620000235,20000235,2013-12-27 23:48:41,2013-12-28 00:06:11,17.50
1388188224620000688,20000688,2013-12-27 23:50:24,2013-12-28 00:05:39,15.25
1388188286620000042,20000042,2013-12-27 23:51:26,2013-12-28 00:01:26,10.00
1388188373620000662,20000662,2013-12-27 23:52:53,2013-12-28 00:03:23,10.50
1388188376620000201,20000201,2013-12-27 23:52:56,2013-12-28 00:06:26,13.50
1388188423620000067,20000067,2013-12-27 23:53:43,2013-12-28 00:05:28,11.75
1388188534620000311,20000311,2013-12-27 23:55:34,2013-12-28 00:05:19,9.75
1388188539620000142,20000142,2013-12-27 23:55:39,2013-12-28 00:04:24,8.75
1388188571620000004,20000004,2013-12-27 23:56:11,2013-12-28 00:05:41,9.50
1388188593620000454,20000454,2013-12-27 23:56:33,2013-12-28 00:04:48,8.25
1388188655620000430,20000430,2013-12-27 23:57:35,2013-12-28 00:19:35,22.00
1388188661620000616,20000616,2013-12-27 23:57:41,2013-12-28 00:03:11,5.50
1388188677620000547,20000547,2013-12-27 23:57:57,2013-12-28 00:04:42,6.75
1388188680620000005,20000005,2013-12-27 23:58:00,2013-12-28 00:04:00,6.00
1388188747620000658,20000658,2013-12-27 23:59:07,2013-12-28 00:10:07,11.00
1388188774620000307,20000307,2013-12-27 23:59:34,2013-12-28 00:09:49,10.25
1388188777620000395,20000395,2013-12-27 23:59:37,2013-12-28 00:09:22,9.75
1388188785620000280,20000280,2013-12-27 23:59:45,2013-12-28 00:07:30,7.75
1388188796620000347,20000347,2013-12-27 23:59:56,2013-12-28 00:09:11,9.25
1388273904620000525,20000525,2013-12-28 23:38:24,2013-12-29 00:01:24,23.00
1388274070620000651,20000651,2013-12-28 23:41:10,2013-12-29 00:17:10,36.00
1388274101620000179,20000179,2013-12-28 23:41:41,2013-12-29 00:01:11,19.50
1388274472620000685,20000685,2013-12-28 23:47:52,2013-12-29 00:01:07,13.25
1388274610620000625,20000625,2013-12-28 23:50:10,2013-12-29 00:06:40,16.50
1388274632620000012,20000012,2013-12-28 23:50:32,2013-12-29 00:16:02,25.50
1388274641620000610,20000610,2013-12-28 23:50:41,2013-12-29 00:15:26,24.75
1388274675620000483,20000483,2013-12-28 23:51:15,2013-12-29 00:05:00,13.75
1388274680620000089,20000089,2013-12-28 23:51:20,2013-12-29 00:00:50,9.50
1388274709620000569,20000569,2013-12-28 23:51:49,2013-12-29 00:14:19,22.50
1388274734620000129,20000129,2013-12-28 23:52:14,2013-12-29 00:00:44,8.50
1388274797620000086,20000086,2013-12-28 23:53:17,2013-12-29 00:02:32,9.25
1388274814620000618,20000618,2013-12-28 23:53:34,2013-12-29 00:03:19,9.75
1388274829620000488,20000488,2013-12-28 23:53:49,2013-12-29 00:02:19,8.50
1388274866620000074,20000074,2013-12-28 23:54:26,2013-12-29 00:07:41,13.25
1388274867620000356,20000356,2013-12-28 23:54:27,2013-12-29 00:18:27,24.00
1388274868620000067,20000067,2013-12-28 23:54:28,2013-12-29 00:12:13,17.75
1388274883620000196,20000196,2013-12-28 23:54:43,2013-12-29 00:07:28,12.75
1388274928620000540,20000540,2013-12-28 23:55:28,2013-12-29 00:04:28,9.00
1388274981620000657,20000657,2013-12-28 23:56:21,2013-12-29 00:07:51,11.50
1388275036620000680,20000680,2013-12-28 23:57:16,2013-12-29 00:11:16,14.00
1388275075620000435,20000435,2013-12-28 23:57:55,2013-12-29 00:11:10,13.25
1388275140620000410,20000410,2013-12-28 23:59:00,2013-12-29 00:05:45,6.75
1388275155620000432,20000432,2013-12-28 23:59:15,2013-12-29 00:03:45,4.50
1388360155620000395,20000395,2013-12-29 23:35:55,2013-12-30 00:05:40,29.75
1388360496620000529,20000529,2013-12-29 23:41:36,2013-12-30 00:00:51,19.25
1388360548620000337,20000337,2013-12-29 23:42:28,2013-12-30 00:11:43,29.25
1388360881620000569,20000569,2013-12-29 23:48:01,2013-12-30 00:05:46,17.75
1388361005620000173,20000173,2013-12-29 23:50:05,2013-12-30 00:01:05,11.00
1388361172620000057,20000057,2013-12-29 23:52:52,2013-12-30 00:06:22,13.50
1388361257620000688,20000688,2013-12-29 23:54:17,2013-12-30 00:01:32,7.25
1388361359620000101,20000101,2013-12-29 23:55:59,2013-12-30 00:33:14,37.25
1388361412620000231,20000231,2013-12-29 23:56:52,2013-12-30 00:05:07,8.25
1388434092620000160,20000160,2013-12-30 20:08:12,2013-12-31 00:11:42,243.50
1388443505620000520,20000520,2013-12-30 22:45:05,2013-12-31 02:44:20,239.25
1388447007620000054,20000054,2013-12-30 23:43:27,2013-12-31 00:23:27,40.00
1388447008620000307,20000307,2013-12-30 23:43:28,2013-12-31 00:09:43,26.25
1388447154620000167,20000167,2013-12-30 23:45:54,2013-12-31 00:04:24,18.50
1388447259620000901,20000901,2013-12-30 23:47:39,2013-12-31 00:04:09,16.50
1388447364620000288,20000288,2013-12-30 23:49:24,2013-12-31 00:00:09,10.75
1388447539620000633,20000633,2013-12-30 23:52:19,2013-12-31 00:08:34,16.25
1388447593620000362,20000362,2013-12-30 23:53:13,2013-12-31 00:02:13,9.00
1388447624620000678,20000678,2013-12-30 23:53:44,2013-12-31 00:05:29,11.75
1388447690620000004,20000004,2013-12-30 23:54:50,2013-12-31 00:05:50,11.00
1388447701620000612,20000612,2013-12-30 23:55:01,2013-12-31 00:02:31,7.50
1388447730620000030,20000030,2013-12-30 23:55:30,2013-12-31 00:08:30,13.00
1388447829620000598,20000598,2013-12-30 23:57:09,2013-12-31 00:12:54,15.75
1388447830620000688,20000688,2013-12-30 23:57:10,2013-12-31 00:17:55,20.75
1388447851620000171,20000171,2013-12-30 23:57:31,2013-12-31 00:01:46,4.25
1388447852620000285,20000285,2013-12-30 23:57:32,2013-12-31 00:06:32,9.00
1388447895620000057,20000057,2013-12-30 23:58:15,2013-12-31 00:04:30,6.25
1388447896620000384,20000384,2013-12-30 23:58:16,2013-12-31 00:03:46,5.50
1388447936620000626,20000626,2013-12-30 23:58:56,2013-12-31 00:11:26,12.50
1388447971620000154,20000154,2013-12-30 23:59:31,2013-12-31 00:19:01,19.50
1388447978620000569,20000569,2013-12-30 23:59:38,2013-12-31 00:04:38,5.00
1388447981620000424,20000424,2013-12-30 23:59:41,2013-12-31 00:09:11,9.50
1388447984620000224,20000224,2013-12-30 23:59:44,2013-12-31 00:06:29,6.75
1388525083620000224,20000224,2013-12-31 21:24:43,2014-01-01 02:13:58,289.25
1388529844620000571,20000571,2013-12-31 22:44:04,2014-01-01 00:00:04,76.00
1388532707620000252,20000252,2013-12-31 23:31:47,2014-01-01 00:04:32,32.75
1388533117620000681,20000681,2013-12-31 23:38:37,2014-01-01 00:04:37,26.00
1388533188620000311,20000311,2013-12-31 23:39:48,2014-01-01 00:05:33,25.75
1388533523620000332,20000332,2013-12-31 23:45:23,2014-01-01 00:30:53,45.50
1388533595620000105,20000105,2013-12-31 23:46:35,2014-01-01 00:00:05,13.50
1388533782620000435,20000435,2013-12-31 23:49:42,2014-01-01 00:18:57,29.25
1388533841620000057,20000057,2013-12-31 23:50:41,2014-01-01 00:07:56,17.25
1388533849620000901,20000901,2013-12-31 23:50:49,2014-01-01 00:01:19,10.50
1388533897620000513,20000513,2013-12-31 23:51:37,2014-01-01 00:00:52,9.25
1388533909620000518,20000518,2013-12-31 23:51:49,2014-01-01 00:19:19,27.50
1388533923620000453,20000453,2013-12-31 23:52:03,2014-01-01 00:01:33,9.50
1388533958620000074,20000074,2013-12-31 23:52:38,2014-01-01 00:13:38,21.00
1388533963620000108,20000108,2013-12-31 23:52:43,2014-01-01 00:02:43,10.00
1388533970620000327,20000327,2013-12-31 23:52:50,2014-01-01 00:06:35,13.75
1388533987620000256,20000256,2013-12-31 23:53:07,2014-01-01 00:05:22,12.25
1388534038620000372,20000372,2013-12-31 23:53:58,2014-01-01 00:01:43,7.75
1388534057620000201,20000201,2013-12-31 23:54:17,2014-01-01 00:02:32,8.25
1388534057620000430,20000430,2013-12-31 23:54:17,2014-01-01 00:14:47,20.50
1388534059620000171,20000171,2013-12-31 23:54:19,2014-01-01 00:03:49,9.50
1388534071620000217,20000217,2013-12-31 23:54:31,2014-01-01 00:02:16,7.75
1388534075620000686,20000686,2013-12-31 23:54:35,2014-01-01 00:05:50,11.25
1388534112620000020,20000020,2013-12-31 23:55:12,2014-01-01 00:03:12,8.00
1388534140620000341,20000341,2013-12-31 23:55:40,2014-01-01 00:01:55,6.25
1388534157620000307,20000307,2013-12-31 23:55:57,2014-01-01 00:08:12,12.25
1388534199620000285,20000285,2013-12-31 23:56:39,2014-01-01 00:18:09,21.50
1388534206620000280,20000280,2013-12-31 23:56:46,2014-01-01 00:06:46,10.00
1388534226620000392,20000392,2013-12-31 23:57:06,2014-01-01 00:02:51,5.75
1388534289620000012,20000012,2013-12-31 23:58:09,2014-01-01 00:01:09,3.00
1388534290620000570,20000570,2013-12-31 23:58:10,2014-01-01 00:04:55,6.75
1388534337620000632,20000632,2013-12-31 23:58:57,2014-01-01 00:08:27,9.50
1388534345620000255,20000255,2013-12-31 23:59:05,2014-01-01 00:08:50,9.75
1388534363620000216,20000216,2013-12-31 23:59:23,2014-01-01 00:07:38,8.25
1388617783620000201,20000201,2014-01-01 23:09:43,2014-01-02 00:07:58,58.25
1388618416620000395,20000395,2014-01-01 23:20:16,2014-01-02 00:04:46,44.50
1388619265620000005,20000005,2014-01-01 23:34:25,2014-01-02 00:03:55,29.50
1388619947620000632,20000632,2014-01-01 23:45:47,2014-01-02 00:03:17,17.50
1388620328620000497,20000497,2014-01-01 23:52:08,2014-01-02 00:21:23,29.25
1388620340620000235,20000235,2014-01-01 23:52:20,2014-01-02 00:12:50,20.50
1388620345620000680,20000680,2014-01-01 23:52:25,2014-01-02 00:02:55,10.50
1388620454620000057,20000057,2014-01-01 23:54:14,2014-01-02 00:03:59,9.75
1388620471620000657,20000657,2014-01-01 23:54:31,2014-01-02 00:04:31,10.00
1388620544620000589,20000589,2014-01-01 23:55:44,2014-01-02 00:06:29,10.75
1388620650620000101,20000101,2014-01-01 23:57:30,2014-01-02 00:02:30,5.00
1388620652620000450,20000450,2014-01-01 23:57:32,2014-01-02 00:05:02,7.50
1388620697620000307,20000307,2014-01-01 23:58:17,2014-01-02 00:14:32,16.25
1388620706620000476,20000476,2014-01-01 23:58:26,2014-01-02 00:02:41,4.25
1388620761620000492,20000492,2014-01-01 23:59:21,2014-01-02 00:05:21,6.00
1388620762620000324,20000324,2014-01-01 23:59:22,2014-01-02 00:05:22,6.00
1388705726620000486,20000486,2014-01-02 23:35:26,2014-01-03 00:08:56,33.50
1388705910620000364,20000364,2014-01-02 23:38:30,2014-01-03 00:06:15,27.75
1388706229620000154,20000154,2014-01-02 23:43:49,2014-01-03 00:12:49,29.00
1388706615620000197,20000197,2014-01-02 23:50:15,2014-01-03 00:11:15,21.00
1388706729620000363,20000363,2014-01-02 23:52:09,2014-01-03 00:04:24,12.25
1388706787620000089,20000089,2014-01-02 23:53:07,2014-01-03 00:01:52,8.75
1388706853620000476,20000476,2014-01-02 23:54:13,2014-01-03 00:06:43,12.50
1388706888620000196,20000196,2014-01-02 23:54:48,2014-01-03 00:30:48,36.00
1388706920620000903,20000903,2014-01-02 23:55:20,2014-01-03 00:03:20,8.00
1388706959620000057,20000057,2014-01-02 23:55:59,2014-01-03 00:13:59,18.00
1388706983620000395,20000395,2014-01-02 23:56:23,2014-01-03 00:02:23,6.00
1388707000620000455,20000455,2014-01-02 23:56:40,2014-01-03 00:01:10,4.50
1388707013620000514,20000514,2014-01-02 23:56:53,2014-01-03 00:09:23,12.50
1388707032620000612,20000612,2014-01-02 23:57:12,2014-01-03 00:02:12,5.00
1388707061620000011,20000011,2014-01-02 23:57:41,2014-01-03 00:01:56,4.25
1388707076620000625,20000625,2014-01-02 23:57:56,2014-01-03 00:06:56,9.00
1388707159620000610,20000610,2014-01-02 23:59:19,2014-01-03 00:04:04,4.75
1388792593620000488,20000488,2014-01-03 23:43:13,2014-01-04 00:05:28,22.25
1388792868620000297,20000297,2014-01-03 23:47:48,2014-01-04 00:03:33,15.75
1388792898620000157,20000157,2014-01-03 23:48:18,2014-01-04 00:07:18,19.00
1388792912620000686,20000686,2014-01-03 23:48:32,2014-01-04 00:00:17,11.75
1388792951620000129,20000129,2014-01-03 23:49:11,2014-01-04 00:02:11,13.00
1388792973620000304,20000304,2014-01-03 23:49:33,2014-01-04 00:09:03,19.50
1388793065620000486,20000486,2014-01-03 23:51:05,2014-01-04 00:02:35,11.50
1388793176620000004,20000004,2014-01-03 23:52:56,2014-01-04 00:05:11,12.25
1388793194620000574,20000574,2014-01-03 23:53:14,2014-01-04 00:08:59,15.75
1388793233620000423,20000423,2014-01-03 23:53:53,2014-01-04 00:07:23,13.50
1388793254620000549,20000549,2014-01-03 23:54:14,2014-01-04 00:13:44,19.50
1388793317620000251,20000251,2014-01-03 23:55:17,2014-01-04 00:04:17,9.00
1388793353620000307,20000307,2014-01-03 23:55:53,2014-01-04 00:07:53,12.00
1388793388620000120,20000120,2014-01-03 23:56:28,2014-01-04 00:08:28,12.00
1388793410620000653,20000653,2014-01-03 23:56:50,2014-01-04 00:10:35,13.75
1388793458620000671,20000671,2014-01-03 23:57:38,2014-01-04 00:01:38,4.00
1388793478620000031,20000031,2014-01-03 23:57:58,2014-01-04 00:10:13,12.25
1388793527620000142,20000142,2014-01-03 23:58:47,2014-01-04 00:07:02,8.25
1388793557620000009,20000009,2014-01-03 23:59:17,2014-01-04 00:12:02,12.75
1388793557620000353,20000353,2014-01-03 23:59:17,2014-01-04 00:14:17,15.00
1388874505620000520,20000520,2014-01-04 22:28:25,2014-01-05 05:55:10,446.75
1388876966620000486,20000486,2014-01-04 23:09:26,2014-01-05 00:01:26,52.00
1388878915620000662,20000662,2014-01-04 23:41:55,2014-01-05 00:01:25,19.50
1388879086620000387,20000387,2014-01-04 23:44:46,2014-01-05 00:00:46,16.00
1388879310620000010,20000010,2014-01-04 23:48:30,2014-01-05 00:09:30,21.00
1388879357620000901,20000901,2014-01-04 23:49:17,2014-01-05 00:06:47,17.50
1388879379620000224,20000224,2014-01-04 23:49:39,2014-01-05 00:09:24,19.75
1388879413620000255,20000255,2014-01-04 23:50:13,2014-01-05 00:02:43,12.50
1388879456620000304,20000304,2014-01-04 23:50:56,2014-01-05 00:33:26,42.50
1388879503620000328,20000328,2014-01-04 23:51:43,2014-01-05 00:06:13,14.50
1388879558620000672,20000672,2014-01-04 23:52:38,2014-01-05 00:29:08,36.50
1388879587620000216,20000216,2014-01-04 23:53:07,2014-01-05 00:00:07,7.00
1388879623620000612,20000612,2014-01-04 23:53:43,2014-01-05 00:10:43,17.00
1388879628620000269,20000269,2014-01-04 23:53:48,2014-01-05 00:00:48,7.00
1388879631620000675,20000675,2014-01-04 23:53:51,2014-01-05 00:13:51,20.00
1388879639620000081,20000081,2014-01-04 23:53:59,2014-01-05 00:02:59,9.00
1388879649620000119,20000119,2014-01-04 23:54:09,2014-01-05 00:00:39,6.50
1388879659620000045,20000045,2014-01-04 23:54:19,2014-01-05 00:01:49,7.50
1388879659620000664,20000664,2014-01-04 23:54:19,2014-01-05 00:01:49,7.50
1388879660620000488,20000488,2014-01-04 23:54:20,2014-01-05 00:06:50,12.50
1388879690620000554,20000554,2014-01-04 23:54:50,2014-01-05 00:04:05,9.25
1388879717620000600,20000600,2014-01-04 23:55:17,2014-01-05 00:02:02,6.75
1388879729620000136,20000136,2014-01-04 23:55:29,2014-01-05 00:05:29,10.00
1388879736620000343,20000343,2014-01-04 23:55:36,2014-01-05 00:09:06,13.50
1388879791620000101,20000101,2014-01-04 23:56:31,2014-01-05 00:03:46,7.25
1388879800620000476,20000476,2014-01-04 23:56:40,2014-01-05 00:03:25,6.75
1388879809620000372,20000372,2014-01-04 23:56:49,2014-01-05 00:11:04,14.25
1388879818620000482,20000482,2014-01-04 23:56:58,2014-01-05 00:04:43,7.75
1388879862620000013,20000013,2014-01-04 23:57:42,2014-01-05 00:19:12,21.50
1388879875620000129,20000129,2014-01-04 23:57:55,2014-01-05 00:20:25,22.50
1388879902620000231,20000231,2014-01-04 23:58:22,2014-01-05 00:03:52,5.50
1388879956620000529,20000529,2014-01-04 23:59:16,2014-01-05 00:09:46,10.50
1388879999620000395,20000395,2014-01-04 23:59:59,2014-01-05 00:18:59,19.00
1388961675620000904,20000904,2014-01-05 22:41:15,2014-01-06 00:04:15,83.00
1388965252620000042,20000042,2014-01-05 23:40:52,2014-01-06 00:01:37,20.75
1388965439620000570,20000570,2014-01-05 23:43:59,2014-01-06 00:01:59,18.00
1388965691620000333,20000333,2014-01-05 23:48:11,2014-01-06 00:00:26,12.25
1388965855620000325,20000325,2014-01-05 23:50:55,2014-01-06 00:03:40,12.75
1388965909620000009,20000009,2014-01-05 23:51:49,2014-01-06 00:05:34,13.75
1388966047620000473,20000473,2014-01-05 23:54:07,2014-01-06 00:00:22,6.25
1388966057620000626,20000626,2014-01-05 23:54:17,2014-01-06 00:04:17,10.00
1388966158620000303,20000303,2014-01-05 23:55:58,2014-01-06 00:06:28,10.50
1388966280620000657,20000657,2014-01-05 23:58:00,2014-01-06 00:13:30,15.50
1388966382620000503,20000503,2014-01-05 23:59:42,2014-01-06 00:10:42,11.00
1389051876620000140,20000140,2014-01-06 23:44:36,2014-01-07 00:00:51,16.25
1389052298620000307,20000307,2014-01-06 23:51:38,2014-01-07 00:04:08,12.50
1389052423620000610,20000610,2014-01-06 23:53:43,2014-01-07 00:26:28,32.75
1389052572620000167,20000167,2014-01-06 23:56:12,2014-01-07 00:02:42,6.50
1389052622620000446,20000446,2014-01-06 23:57:02,2014-01-07 00:01:47,4.75
1389052657620000632,20000632,2014-01-06 23:57:37,2014-01-07 00:04:07,6.50
1389052669620000333,20000333,2014-01-06 23:57:49,2014-01-07 00:05:04,7.25
1389052709620000305,20000305,2014-01-06 23:58:29,2014-01-07 00:10:29,12.00
1389052729620000518,20000518,2014-01-06 23:58:49,2014-01-07 00:07:04,8.25
1389136893620000338,20000338,2014-01-07 23:21:33,2014-01-08 00:04:33,43.00
1389137143620000233,20000233,2014-01-07 23:25:43,2014-01-08 00:21:58,56.25
1389137149620000129,20000129,2014-01-07 23:25:49,2014-01-08 00:08:49,43.00
1389137691620000486,20000486,2014-01-07 23:34:51,2014-01-08 00:00:06,25.25
1389138676620000688,20000688,2014-01-07 23:51:16,2014-01-08 00:07:01,15.75
1389138732620000167,20000167,2014-01-07 23:52:12,2014-01-08 00:11:27,19.25
1389138744620000697,20000697,2014-01-07 23:52:24,2014-01-08 00:06:24,14.00
1389138756620000589,20000589,2014-01-07 23:52:36,2014-01-08 00:01:06,8.50
1389138780620000616,20000616,2014-01-07 23:53:00,2014-01-08 00:02:00,9.00
1389138801620000216,20000216,2014-01-07 23:53:21,2014-01-08 00:01:06,7.75
1389138806620000304,20000304,2014-01-07 23:53:26,2014-01-08 00:07:11,13.75
1389138851620000325,20000325,2014-01-07 23:54:11,2014-01-08 00:03:26,9.25
1389138876620000089,20000089,2014-01-07 23:54:36,2014-01-08 00:13:36,19.00
1389139088620000157,20000157,2014-01-07 23:58:08,2014-01-08 00:04:08,6.00
1389139110620000483,20000483,2014-01-07 23:58:30,2014-01-08 00:04:45,6.25
1389139172620000472,20000472,2014-01-07 23:59:32,2014-01-08 00:06:02,6.50
1389211136620000250,20000250,2014-01-08 19:58:56,2014-01-09 03:19:56,441.00
1389224019620000518,20000518,2014-01-08 23:33:39,2014-01-09 00:34:24,60.75
1389224107620000008,20000008,2014-01-08 23:35:07,2014-01-09 00:06:37,31.50
1389224566620000288,20000288,2014-01-08 23:42:46,2014-01-09 00:00:31,17.75
1389225043620000362,20000362,2014-01-08 23:50:43,2014-01-09 00:00:13,9.50
1389225158620000216,20000216,2014-01-08 23:52:38,2014-01-09 00:00:08,7.50
1389225160620000395,20000395,2014-01-08 23:52:40,2014-01-09 00:00:55,8.25
1389225264620000657,20000657,2014-01-08 23:54:24,2014-01-09 00:02:09,7.75
1389225265620000423,20000423,2014-01-08 23:54:25,2014-01-09 00:12:55,18.50
1389225281620000151,20000151,2014-01-08 23:54:41,2014-01-09 00:06:41,12.00
1389225349620000364,20000364,2014-01-08 23:55:49,2014-01-09 00:04:49,9.00
1389225450620000338,20000338,2014-01-08 23:57:30,2014-01-09 00:02:45,5.25
1389225458620000387,20000387,2014-01-08 23:57:38,2014-01-09 00:01:38,4.00
1389225475620000453,20000453,2014-01-08 23:57:55,2014-01-09 00:03:55,6.00
1389225483620000067,20000067,2014-01-08 23:58:03,2014-01-09 00:03:48,5.75
1389225566620000675,20000675,2014-01-08 23:59:26,2014-01-09 00:07:41,8.25
1389225597620000252,20000252,2014-01-08 23:59:57,2014-01-09 00:32:27,32.50
1389309921620000598,20000598,2014-01-09 23:25:21,2014-01-10 00:07:36,42.25
1389310094620000665,20000665,2014-01-09 23:28:14,2014-01-10 00:08:59,40.75
1389311014620000901,20000901,2014-01-09 23:43:34,2014-01-10 00:00:19,16.75
1389311353620000688,20000688,2014-01-09 23:49:13,2014-01-10 00:00:28,11.25
1389311600620000591,20000591,2014-01-09 23:53:20,2014-01-10 00:03:35,10.25
1389311650620000303,20000303,2014-01-09 23:54:10,2014-01-10 00:13:55,19.75
1389311656620000542,20000542,2014-01-09 23:54:16,2014-01-10 00:02:46,8.50
1389311709620000054,20000054,2014-01-09 23:55:09,2014-01-10 00:04:09,9.00
1389311741620000305,20000305,2014-01-09 23:55:41,2014-01-10 00:01:11,5.50
1389311742620000574,20000574,2014-01-09 23:55:42,2014-01-10 00:19:27,23.75
1389311754620000387,20000387,2014-01-09 23:55:54,2014-01-10 00:05:39,9.75
1389311807620000120,20000120,2014-01-09 23:56:47,2014-01-10 00:06:17,9.50
1389311905620000569,20000569,2014-01-09 23:58:25,2014-01-10 00:01:40,3.25
1389311961620000233,20000233,2014-01-09 23:59:21,2014-01-10 00:13:06,13.75
1389394000620000243,20000243,2014-01-10 22:46:40,2014-01-11 00:45:55,119.25
1389394530620000105,20000105,2014-01-10 22:55:30,2014-01-11 00:47:45,112.25
1389395838620000045,20000045,2014-01-10 23:17:18,2014-01-11 00:31:33,74.25
1389397267620000497,20000497,2014-01-10 23:41:07,2014-01-11 00:06:07,25.00
1389397474620000199,20000199,2014-01-10 23:44:34,2014-01-11 00:06:34,22.00
1389397554620000529,20000529,2014-01-10 23:45:54,2014-01-11 00:36:39,50.75
1389397581620000554,20000554,2014-01-10 23:46:21,2014-01-11 00:08:21,22.00
1389397593620000304,20000304,2014-01-10 23:46:33,2014-01-11 00:32:03,45.50
1389397595620000603,20000603,2014-01-10 23:46:35,2014-01-11 00:24:20,37.75
1389397714620000233,20000233,2014-01-10 23:48:34,2014-01-11 00:01:04,12.50
1389397741620000012,20000012,2014-01-10 23:49:01,2014-01-11 00:03:16,14.25
1389397866620000020,20000020,2014-01-10 23:51:06,2014-01-11 00:07:21,16.25
1389397915620000263,20000263,2014-01-10 23:51:55,2014-01-11 00:06:10,14.25
1389397944620000688,20000688,2014-01-10 23:52:24,2014-01-11 00:01:24,9.00
1389397956620000446,20000446,2014-01-10 23:52:36,2014-01-11 00:08:21,15.75
1389397971620000392,20000392,2014-01-10 23:52:51,2014-01-11 00:01:51,9.00
1389397982620000542,20000542,2014-01-10 23:53:02,2014-01-11 00:02:32,9.50
1389397991620000119,20000119,2014-01-10 23:53:11,2014-01-11 00:03:56,10.75
1389397993620000116,20000116,2014-01-10 23:53:13,2014-01-11 00:03:43,10.50
1389398019620000217,20000217,2014-01-10 23:53:39,2014-01-11 00:03:39,10.00
1389398021620000617,20000617,2014-01-10 23:53:41,2014-01-11 00:07:26,13.75
1389398066620000612,20000612,2014-01-10 23:54:26,2014-01-11 00:10:26,16.00
1389398117620000295,20000295,2014-01-10 23:55:17,2014-01-11 00:16:32,21.25
1389398160620000089,20000089,2014-01-10 23:56:00,2014-01-11 00:00:30,4.50
1389398190620000473,20000473,2014-01-10 23:56:30,2014-01-11 00:08:00,11.50
1389398199620000624,20000624,2014-01-10 23:56:39,2014-01-11 00:09:24,12.75
1389398238620000024,20000024,2014-01-10 23:57:18,2014-01-11 00:09:03,11.75
1389398244620000372,20000372,2014-01-10 23:57:24,2014-01-11 00:09:09,11.75
1389398250620000362,20000362,2014-01-10 23:57:30,2014-01-11 00:06:15,8.75
1389398279620000192,20000192,2014-01-10 23:57:59,2014-01-11 00:05:14,7.25
1389398303620000686,20000686,2014-01-10 23:58:23,2014-01-11 00:00:08,1.75
1389398315620000245,20000245,2014-01-10 23:58:35,2014-01-11 00:22:05,23.50
1389398324620000600,20000600,2014-01-10 23:58:44,2014-01-11 00:12:14,13.50
1389398328620000492,20000492,2014-01-10 23:58:48,2014-01-11 00:09:33,10.75
1389398381620000254,20000254,2014-01-10 23:59:41,2014-01-11 00:06:41,7.00
1389398399620000167,20000167,2014-01-10 23:59:59,2014-01-11 00:07:29,7.50
1389481149620000435,20000435,2014-01-11 22:59:09,2014-01-12 00:01:09,62.00
1389483261620000574,20000574,2014-01-11 23:34:21,2014-01-12 01:01:21,87.00
1389483967620000171,20000171,2014-01-11 23:46:07,2014-01-12 00:09:07,23.00
1389483989620000101,20000101,2014-01-11 23:46:29,2014-01-12 00:03:14,16.75
1389484108620000542,20000542,2014-01-11 23:48:28,2014-01-12 00:03:58,15.50
1389484116620000403,20000403,2014-01-11 23:48:36,2014-01-12 00:03:21,14.75
1389484227620000024,20000024,2014-01-11 23:50:27,2014-01-12 00:01:12,10.75
1389484238620000470,20000470,2014-01-11 23:50:38,2014-01-12 00:01:08,10.50
1389484241620000424,20000424,2014-01-11 23:50:41,2014-01-12 00:00:56,10.25
1389484252620000617,20000617,2014-01-11 23:50:52,2014-01-12 00:01:07,10.25
1389484337620000904,20000904,2014-01-11 23:52:17,2014-01-12 00:05:32,13.25
1389484358620000665,20000665,2014-01-11 23:52:38,2014-01-12 00:14:23,21.75
1389484373620000305,20000305,2014-01-11 23:52:53,2014-01-12 00:07:23,14.50
1389484467620000684,20000684,2014-01-11 23:54:27,2014-01-12 00:01:57,7.50
1389484490620000179,20000179,2014-01-11 23:54:50,2014-01-12 00:22:35,27.75
1389484533620000010,20000010,2014-01-11 23:55:33,2014-01-12 00:07:18,11.75
1389484564620000658,20000658,2014-01-11 23:56:04,2014-01-12 00:04:49,8.75
1389484592620000529,20000529,2014-01-11 23:56:32,2014-01-12 00:06:47,10.25
1389484604620000022,20000022,2014-01-11 23:56:44,2014-01-12 00:07:44,11.00
1389484664620000328,20000328,2014-01-11 23:57:44,2014-01-12 00:15:29,17.75
1389484678620000235,20000235,2014-01-11 23:57:58,2014-01-12 00:08:28,10.50
1389484701620000569,20000569,2014-01-11 23:58:21,2014-01-12 00:03:36,5.25
1389484749620000430,20000430,2014-01-11 23:59:09,2014-01-12 00:19:09,20.00
1389484756620000337,20000337,2014-01-11 23:59:16,2014-01-12 00:08:46,9.50
1389484793620000577,20000577,2014-01-11 23:59:53,2014-01-12 00:14:23,14.50
1389569968620000367,20000367,2014-01-12 23:39:28,2014-01-13 00:17:28,38.00
1389570286620000129,20000129,2014-01-12 23:44:46,2014-01-13 00:08:16,23.50
1389570287620000179,20000179,2014-01-12 23:44:47,2014-01-13 00:05:17,20.50
1389570640620000657,20000657,2014-01-12 23:50:40,2014-01-13 00:00:40,10.00
1389570647620000295,20000295,2014-01-12 23:50:47,2014-01-13 00:11:32,20.75
1389570733620000670,20000670,2014-01-12 23:52:13,2014-01-13 00:08:28,16.25
1389570744620000481,20000481,2014-01-12 23:52:24,2014-01-13 00:17:24,25.00
1389570890620000372,20000372,2014-01-12 23:54:50,2014-01-13 00:02:50,8.00
1389570914620000171,20000171,2014-01-12 23:55:14,2014-01-13 00:00:44,5.50
1389570946620000288,20000288,2014-01-12 23:55:46,2014-01-13 00:21:16,25.50
1389570951620000333,20000333,2014-01-12 23:55:51,2014-01-13 00:03:51,8.00
1389571031620000688,20000688,2014-01-12 23:57:11,2014-01-13 00:06:26,9.25
1389571078620000233,20000233,2014-01-12 23:57:58,2014-01-13 00:02:28,4.50
1389571116620000012,20000012,2014-01-12 23:58:36,2014-01-13 00:08:06,9.50
1389571117620000235,20000235,2014-01-12 23:58:37,2014-01-13 00:10:07,11.50
1389571118620000403,20000403,2014-01-12 23:58:38,2014-01-13 00:04:23,5.75
1389571153620000196,20000196,2014-01-12 23:59:13,2014-01-13 00:00:58,1.75
1389655957620000020,20000020,2014-01-13 23:32:37,2014-01-14 00:13:37,41.00
1389656903620000011,20000011,2014-01-13 23:48:23,2014-01-14 00:08:53,20.50
1389656920620000179,20000179,2014-01-13 23:48:40,2014-01-14 00:05:55,17.25
1389657323620000151,20000151,2014-01-13 23:55:23,2014-01-14 00:06:23,11.00
1389657345620000066,20000066,2014-01-13 23:55:45,2014-01-14 00:06:00,10.25
1389657387620000570,20000570,2014-01-13 23:56:27,2014-01-14 00:24:57,28.50
1389657412620000395,20000395,2014-01-13 23:56:52,2014-01-14 00:02:37,5.75
1389657486620000610,20000610,2014-01-13 23:58:06,2014-01-14 00:17:36,19.50
1389657576620000569,20000569,2014-01-13 23:59:36,2014-01-14 00:03:36,4.00
1389657597620000618,20000618,2014-01-13 23:59:57,2014-01-14 00:09:27,9.50
1389742686620000598,20000598,2014-01-14 23:38:06,2014-01-15 00:20:51,42.75
1389743106620000594,20000594,2014-01-14 23:45:06,2014-01-15 00:07:21,22.25
1389743117620000435,20000435,2014-01-14 23:45:17,2014-01-15 00:05:32,20.25
1389743504620000179,20000179,2014-01-14 23:51:44,2014-01-15 00:00:44,9.00
1389743708620000030,20000030,2014-01-14 23:55:08,2014-01-15 00:07:23,12.25
1389743721620000610,20000610,2014-01-14 23:55:21,2014-01-15 00:12:51,17.50
1389743749620000672,20000672,2014-01-14 23:55:49,2014-01-15 00:11:19,15.50
1389743795620000233,20000233,2014-01-14 23:56:35,2014-01-15 00:08:50,12.25
1389743841620000688,20000688,2014-01-14 23:57:21,2014-01-15 00:05:51,8.50
1389743878620000197,20000197,2014-01-14 23:57:58,2014-01-15 00:14:13,16.25
1389743925620000392,20000392,2014-01-14 23:58:45,2014-01-15 00:04:45,6.00
1389743957620000624,20000624,2014-01-14 23:59:17,2014-01-15 00:01:02,1.75
1389743985620000360,20000360,2014-01-14 23:59:45,2014-01-15 00:11:00,11.25
1389816324620000179,20000179,2014-01-15 20:05:24,2014-01-16 02:48:24,403.00
1389829558620000304,20000304,2014-01-15 23:45:58,2014-01-16 00:01:58,16.00
1389829900620000610,20000610,2014-01-15 23:51:40,2014-01-16 00:06:10,14.50
1389829974620000684,20000684,2014-01-15 23:52:54,2014-01-16 00:06:54,14.00
1389829976620000011,20000011,2014-01-15 23:52:56,2014-01-16 00:09:41,16.75
1389830007620000392,20000392,2014-01-15 23:53:27,2014-01-16 00:00:42,7.25
1389830052620000216,20000216,2014-01-15 23:54:12,2014-01-16 00:19:42,25.50
1389830108620000395,20000395,2014-01-15 23:55:08,2014-01-16 00:04:38,9.50
1389830113620000129,20000129,2014-01-15 23:55:13,2014-01-16 00:12:43,17.50
1389830137620000173,20000173,2014-01-15 23:55:37,2014-01-16 00:01:22,5.75
1389830172620000688,20000688,2014-01-15 23:56:12,2014-01-16 00:00:57,4.75
1389830211620000012,20000012,2014-01-15 23:56:51,2014-01-16 00:02:06,5.25
1389830220620000569,20000569,2014-01-15 23:57:00,2014-01-16 00:02:45,5.75
1389830234620000030,20000030,2014-01-15 23:57:14,2014-01-16 00:02:14,5.00
1389830289620000360,20000360,2014-01-15 23:58:09,2014-01-16 00:05:24,7.25
1389830351620000387,20000387,2014-01-15 23:59:11,2014-01-16 00:04:26,5.25
1389906667620000305,20000305,2014-01-16 21:11:07,2014-01-17 00:02:22,171.25
1389908215620000509,20000509,2014-01-16 21:36:55,2014-01-17 00:30:10,173.25
1389914691620000007,20000007,2014-01-16 23:24:51,2014-01-17 00:00:36,35.75
1389915683620000595,20000595,2014-01-16 23:41:23,2014-01-17 00:03:08,21.75
1389916080620000598,20000598,2014-01-16 23:48:00,2014-01-17 00:00:30,12.50
1389916200620000157,20000157,2014-01-16 23:50:00,2014-01-17 00:03:00,13.00
1389916247620000012,20000012,2014-01-16 23:50:47,2014-01-17 00:02:32,11.75
1389916427620000670,20000670,2014-01-16 23:53:47,2014-01-17 00:03:47,10.00
1389916492620000307,20000307,2014-01-16 23:54:52,2014-01-17 00:15:07,20.25
1389916535620000664,20000664,2014-01-16 23:55:35,2014-01-17 00:14:05,18.50
1389916569620000569,20000569,2014-01-16 23:56:09,2014-01-17 00:00:24,4.25
1389916605620000173,20000173,2014-01-16 23:56:45,2014-01-17 00:09:15,12.50
1389916608620000406,20000406,2014-01-16 23:56:48,2014-01-17 00:05:03,8.25
1389916634620000633,20000633,2014-01-16 23:57:14,2014-01-17 00:01:44,4.50
1389916674620000160,20000160,2014-01-16 23:57:54,2014-01-17 00:12:09,14.25
1389916708620000492,20000492,2014-01-16 23:58:28,2014-01-17 00:03:58,5.50
1389916732620000140,20000140,2014-01-16 23:58:52,2014-01-17 00:08:22,9.50
1389916747620000617,20000617,2014-01-16 23:59:07,2014-01-17 00:09:37,10.50
1389916747620000657,20000657,2014-01-16 23:59:07,2014-01-17 00:11:37,12.50
1389916754620000446,20000446,2014-01-16 23:59:14,2014-01-17 00:14:44,15.50
1390002549620000251,20000251,2014-01-17 23:49:09,2014-01-18 00:03:54,14.75
1390002660620000333,20000333,2014-01-17 23:51:00,2014-01-18 00:13:15,22.25
1390002711620000612,20000612,2014-01-17 23:51:51,2014-01-18 00:03:36,11.75
1390002807620000901,20000901,2014-01-17 23:53:27,2014-01-18 00:01:12,7.75
1390002818620000649,20000649,2014-01-17 23:53:38,2014-01-18 00:04:08,10.50
1390002853620000472,20000472,2014-01-17 23:54:13,2014-01-18 00:01:28,7.25
1390002860620000254,20000254,2014-01-17 23:54:20,2014-01-18 00:04:20,10.00
1390002872620000089,20000089,2014-01-17 23:54:32,2014-01-18 00:05:47,11.25
1390002953620000450,20000450,2014-01-17 23:55:53,2014-01-18 00:08:23,12.50
1390002996620000338,20000338,2014-01-17 23:56:36,2014-01-18 00:08:51,12.25
1390003028620000178,20000178,2014-01-17 23:57:08,2014-01-18 00:10:38,13.50
1390003044620000297,20000297,2014-01-17 23:57:24,2014-01-18 00:02:24,5.00
1390003091620000398,20000398,2014-01-17 23:58:11,2014-01-18 00:01:26,3.25
1390003177620000041,20000041,2014-01-17 23:59:37,2014-01-18 00:09:37,10.00
1390088108620000570,20000570,2014-01-18 23:35:08,2014-01-19 00:00:53,25.75
1390088821620000517,20000517,2014-01-18 23:47:01,2014-01-19 00:09:16,22.25
1390088975620000483,20000483,2014-01-18 23:49:35,2014-01-19 00:05:20,15.75
1390088983620000360,20000360,2014-01-18 23:49:43,2014-01-19 00:06:43,17.00
1390089052620000157,20000157,2014-01-18 23:50:52,2014-01-19 02:37:07,166.25
1390089067620000554,20000554,2014-01-18 23:51:07,2014-01-19 00:15:52,24.75
1390089116620000651,20000651,2014-01-18 23:51:56,2014-01-19 00:19:41,27.75
1390089118620000589,20000589,2014-01-18 23:51:58,2014-01-19 00:01:58,10.00
1390089119620000136,20000136,2014-01-18 23:51:59,2014-01-19 00:00:44,8.75
1390089122620000440,20000440,2014-01-18 23:52:02,2014-01-19 00:08:47,16.75
1390089134620000625,20000625,2014-01-18 23:52:14,2014-01-19 00:00:29,8.25
1390089156620000314,20000314,2014-01-18 23:52:36,2014-01-19 00:03:06,10.50
1390089198620000345,20000345,2014-01-18 23:53:18,2014-01-19 00:02:18,9.00
1390089206620000309,20000309,2014-01-18 23:53:26,2014-01-19 00:06:26,13.00
1390089247620000624,20000624,2014-01-18 23:54:07,2014-01-19 00:22:22,28.25
1390089267620000901,20000901,2014-01-18 23:54:27,2014-01-19 00:08:57,14.50
1390089268620000054,20000054,2014-01-18 23:54:28,2014-01-19 00:05:28,11.00
1390089274620000089,20000089,2014-01-18 23:54:34,2014-01-19 00:02:04,7.50
1390089278620000435,20000435,2014-01-18 23:54:38,2014-01-19 00:03:23,8.75
1390089281620000341,20000341,2014-01-18 23:54:41,2014-01-19 00:00:11,5.50
1390089302620000598,20000598,2014-01-18 23:55:02,2014-01-19 00:08:17,13.25
1390089381620000667,20000667,2014-01-18 23:56:21,2014-01-19 00:00:36,4.25
1390089416620000199,20000199,2014-01-18 23:56:56,2014-01-19 00:14:26,17.50
1390089494620000067,20000067,2014-01-18 23:58:14,2014-01-19 00:06:29,8.25
1390089506620000269,20000269,2014-01-18 23:58:26,2014-01-19 00:12:11,13.75
1390089513620000370,20000370,2014-01-18 23:58:33,2014-01-19 00:06:03,7.50
1390089521620000140,20000140,2014-01-18 23:58:41,2014-01-19 00:07:56,9.25
1390089525620000359,20000359,2014-01-18 23:58:45,2014-01-19 00:05:30,6.75
1390089541620000009,20000009,2014-01-18 23:59:01,2014-01-19 00:11:31,12.50
1390089584620000129,20000129,2014-01-18 23:59:44,2014-01-19 00:11:44,12.00
1390175395620000687,20000687,2014-01-19 23:49:55,2014-01-20 00:01:10,11.25
1390175483620000653,20000653,2014-01-19 23:51:23,2014-01-20 00:23:23,32.00
1390175706620000423,20000423,2014-01-19 23:55:06,2014-01-20 00:01:36,6.50
1390175731620000167,20000167,2014-01-19 23:55:31,2014-01-20 00:06:16,10.75
1390175755620000617,20000617,2014-01-19 23:55:55,2014-01-20 00:01:25,5.50
1390175891620000518,20000518,2014-01-19 23:58:11,2014-01-20 00:05:26,7.25
1390175916620000004,20000004,2014-01-19 23:58:36,2014-01-20 00:07:51,9.25
1390175951620000670,20000670,2014-01-19 23:59:11,2014-01-20 00:22:41,23.50
1390261694620000624,20000624,2014-01-20 23:48:14,2014-01-21 00:00:44,12.50
1390262153620000569,20000569,2014-01-20 23:55:53,2014-01-21 00:00:23,4.50
1390262174620000577,20000577,2014-01-20 23:56:14,2014-01-21 00:16:59,20.75
1390262175620000436,20000436,2014-01-20 23:56:15,2014-01-21 00:00:15,4.00
1390262207620000617,20000617,2014-01-20 23:56:47,2014-01-21 00:02:02,5.25
1390262232620000529,20000529,2014-01-20 23:57:12,2014-01-21 00:03:42,6.50
1390262353620000680,20000680,2014-01-20 23:59:13,2014-01-21 00:04:58,5.75
1390262395620000280,20000280,2014-01-20 23:59:55,2014-01-21 00:08:10,8.25
1390346815620000903,20000903,2014-01-21 23:26:55,2014-01-22 00:15:40,48.75
1390348071620000503,20000503,2014-01-21 23:47:51,2014-01-22 00:02:21,14.50
1390348108620000625,20000625,2014-01-21 23:48:28,2014-01-22 00:10:28,22.00
1390348112620000233,20000233,2014-01-21 23:48:32,2014-01-22 00:01:32,13.00
1390348212620000451,20000451,2014-01-21 23:50:12,2014-01-22 00:00:57,10.75
1390348246620000406,20000406,2014-01-21 23:50:46,2014-01-22 00:00:01,9.25
1390348287620000345,20000345,2014-01-21 23:51:27,2014-01-22 00:07:57,16.50
1390348297620000483,20000483,2014-01-21 23:51:37,2014-01-22 00:01:07,9.50
1390348325620000570,20000570,2014-01-21 23:52:05,2014-01-22 00:12:05,20.00
1390348326620000453,20000453,2014-01-21 23:52:06,2014-01-22 00:15:36,23.50
1390348401620000640,20000640,2014-01-21 23:53:21,2014-01-22 00:02:51,9.50
1390348491620000476,20000476,2014-01-21 23:54:51,2014-01-22 00:12:21,17.50
1390348550620000904,20000904,2014-01-21 23:55:50,2014-01-22 00:06:50,11.00
1390348613620000004,20000004,2014-01-21 23:56:53,2014-01-22 00:18:38,21.75
1390348622620000569,20000569,2014-01-21 23:57:02,2014-01-22 00:02:47,5.75
1390348745620000687,20000687,2014-01-21 23:59:05,2014-01-22 00:10:50,11.75
1390433952620000129,20000129,2014-01-22 23:39:12,2014-01-23 00:08:57,29.75
1390434600620000903,20000903,2014-01-22 23:50:00,2014-01-23 00:07:45,17.75
1390434626620000448,20000448,2014-01-22 23:50:26,2014-01-23 00:05:26,15.00
1390434634620000435,20000435,2014-01-22 23:50:34,2014-01-23 00:02:04,11.50
1390434658620000242,20000242,2014-01-22 23:50:58,2014-01-23 00:00:58,10.00
1390434696620000157,20000157,2014-01-22 23:51:36,2014-01-23 00:05:36,14.00
1390434787620000611,20000611,2014-01-22 23:53:07,2014-01-23 00:20:22,27.25
1390434817620000392,20000392,2014-01-22 23:53:37,2014-01-23 00:02:07,8.50
1390434851620000423,20000423,2014-01-22 23:54:11,2014-01-23 00:00:56,6.75
1390435046620000325,20000325,2014-01-22 23:57:26,2014-01-23 00:06:56,9.50
1390435069620000626,20000626,2014-01-22 23:57:49,2014-01-23 00:03:04,5.25
1390435190620000171,20000171,2014-01-22 23:59:50,2014-01-23 00:35:50,36.00
1390520157620000497,20000497,2014-01-23 23:35:57,2014-01-24 00:15:42,39.75
1390520681620000030,20000030,2014-01-23 23:44:41,2014-01-24 00:00:56,16.25
1390520863620000380,20000380,2014-01-23 23:47:43,2014-01-24 00:00:43,13.00
1390520901620000338,20000338,2014-01-23 23:48:21,2014-01-24 00:00:06,11.75
1390520963620000406,20000406,2014-01-23 23:49:23,2014-01-24 00:06:38,17.25
1390521050620000395,20000395,2014-01-23 23:50:50,2014-01-24 00:01:05,10.25
1390521078620000518,20000518,2014-01-23 23:51:18,2014-01-24 00:00:18,9.00
1390521084620000304,20000304,2014-01-23 23:51:24,2014-01-24 00:00:54,9.50
1390521089620000409,20000409,2014-01-23 23:51:29,2014-01-24 00:00:14,8.75
1390521254620000004,20000004,2014-01-23 23:54:14,2014-01-24 00:04:14,10.00
1390521292620000671,20000671,2014-01-23 23:54:52,2014-01-24 00:02:52,8.00
1390521348620000161,20000161,2014-01-23 23:55:48,2014-01-24 00:01:18,5.50
1390521356620000303,20000303,2014-01-23 23:55:56,2014-01-24 00:04:11,8.25
1390521424620000520,20000520,2014-01-23 23:57:04,2014-01-24 00:06:04,9.00
1390521542620000570,20000570,2014-01-23 23:59:02,2014-01-24 00:17:32,18.50
1390606728620000235,20000235,2014-01-24 23:38:48,2014-01-25 00:17:48,39.00
1390606788620000611,20000611,2014-01-24 23:39:48,2014-01-25 00:02:48,23.00
1390606793620000678,20000678,2014-01-24 23:39:53,2014-01-25 00:00:08,20.25
1390607297620000610,20000610,2014-01-24 23:48:17,2014-01-25 00:01:17,13.00
1390607334620000024,20000024,2014-01-24 23:48:54,2014-01-25 00:02:54,14.00
1390607363620000612,20000612,2014-01-24 23:49:23,2014-01-25 00:00:53,11.50
1390607487620000497,20000497,2014-01-24 23:51:27,2014-01-25 00:10:57,19.50
1390607585620000161,20000161,2014-01-24 23:53:05,2014-01-25 00:00:35,7.50
1390607625620000351,20000351,2014-01-24 23:53:45,2014-01-25 00:05:00,11.25
1390607633620000233,20000233,2014-01-24 23:53:53,2014-01-25 00:07:38,13.75
1390607665620000624,20000624,2014-01-24 23:54:25,2014-01-25 00:06:10,11.75
1390607668620000184,20000184,2014-01-24 23:54:28,2014-01-25 00:23:58,29.50
1390607672620000356,20000356,2014-01-24 23:54:32,2014-01-25 00:08:17,13.75
1390607721620000570,20000570,2014-01-24 23:55:21,2014-01-25 00:05:51,10.50
1390607730620000688,20000688,2014-01-24 23:55:30,2014-01-25 00:09:00,13.50
1390607760620000269,20000269,2014-01-24 23:56:00,2014-01-25 00:02:30,6.50
1390607763620000398,20000398,2014-01-24 23:56:03,2014-01-25 00:13:48,17.75
1390607803620000171,20000171,2014-01-24 23:56:43,2014-01-25 00:12:58,16.25
1390607806620000243,20000243,2014-01-24 23:56:46,2014-01-25 00:06:46,10.00
1390607812620000333,20000333,2014-01-24 23:56:52,2014-01-25 00:09:37,12.75
1390607813620000698,20000698,2014-01-24 23:56:53,2014-01-25 00:09:08,12.25
1390607826620000453,20000453,2014-01-24 23:57:06,2014-01-25 00:02:06,5.00
1390607844620000554,20000554,2014-01-24 23:57:24,2014-01-25 00:04:54,7.50
1390607870620000154,20000154,2014-01-24 23:57:50,2014-01-25 00:08:05,10.25
1390607883620000195,20000195,2014-01-24 23:58:03,2014-01-25 00:06:33,8.50
1390607899620000201,20000201,2014-01-24 23:58:19,2014-01-25 00:06:49,8.50
1390607911620000075,20000075,2014-01-24 23:58:31,2014-01-25 00:03:31,5.00
1390607935620000011,20000011,2014-01-24 23:58:55,2014-01-25 00:11:25,12.50
1390692955620000245,20000245,2014-01-25 23:35:55,2014-01-26 00:11:10,35.25
1390693421620000136,20000136,2014-01-25 23:43:41,2014-01-26 00:03:11,19.50
1390693692620000616,20000616,2014-01-25 23:48:12,2014-01-26 00:01:27,13.25
1390693785620000495,20000495,2014-01-25 23:49:45,2014-01-26 00:01:15,11.50
1390693867620000101,20000101,2014-01-25 23:51:07,2014-01-26 00:04:52,13.75
1390693907620000303,20000303,2014-01-25 23:51:47,2014-01-26 00:04:17,12.50
1390693929620000508,20000508,2014-01-25 23:52:09,2014-01-26 00:01:24,9.25
1390694042620000649,20000649,2014-01-25 23:54:02,2014-01-26 00:01:32,7.50
1390694044620000529,20000529,2014-01-25 23:54:04,2014-01-26 00:06:04,12.00
1390694075620000362,20000362,2014-01-25 23:54:35,2014-01-26 00:09:20,14.75
1390694123620000333,20000333,2014-01-25 23:55:23,2014-01-26 00:09:53,14.50
1390694134620000279,20000279,2014-01-25 23:55:34,2014-01-26 00:23:49,28.25
1390694138620000387,20000387,2014-01-25 23:55:38,2014-01-26 00:03:53,8.25
1390694141620000235,20000235,2014-01-25 23:55:41,2014-01-26 00:02:26,6.75
1390694153620000157,20000157,2014-01-25 23:55:53,2014-01-26 00:08:08,12.25
1390694159620000020,20000020,2014-01-25 23:55:59,2014-01-26 00:06:14,10.25
1390694192620000160,20000160,2014-01-25 23:56:32,2014-01-26 00:16:32,20.00
1390694213620000419,20000419,2014-01-25 23:56:53,2014-01-26 00:09:53,13.00
1390694269620000005,20000005,2014-01-25 23:57:49,2014-01-26 00:05:19,7.50
1390694272620000338,20000338,2014-01-25 23:57:52,2014-01-26 00:14:52,17.00
1390694289620000542,20000542,2014-01-25 23:58:09,2014-01-26 00:03:24,5.25
1390694294620000031,20000031,2014-01-25 23:58:14,2014-01-26 00:07:44,9.50
1390694301620000199,20000199,2014-01-25 23:58:21,2014-01-26 00:10:21,12.00
1390694301620000658,20000658,2014-01-25 23:58:21,2014-01-26 00:03:21,5.00
1390694324620000423,20000423,2014-01-25 23:58:44,2014-01-26 00:06:14,7.50
1390694331620000403,20000403,2014-01-25 23:58:51,2014-01-26 00:10:36,11.75
1390694353620000520,20000520,2014-01-25 23:59:13,2014-01-26 00:00:13,1.00
1390694370620000153,20000153,2014-01-25 23:59:30,2014-01-26 00:10:30,11.00
1390779399620000435,20000435,2014-01-26 23:36:39,2014-01-27 00:03:24,26.75
1390779503620000529,20000529,2014-01-26 23:38:23,2014-01-27 00:02:08,23.75
1390780255620000325,20000325,2014-01-26 23:50:55,2014-01-27 00:04:25,13.50
1390780304620000574,20000574,2014-01-26 23:51:44,2014-01-27 00:04:14,12.50
1390780561620000520,20000520,2014-01-26 23:56:01,2014-01-27 00:06:16,10.25
1390780744620000571,20000571,2014-01-26 23:59:04,2014-01-27 00:11:49,12.75
1390865550620000617,20000617,2014-01-27 23:32:30,2014-01-28 00:33:45,61.25
1390865845620000509,20000509,2014-01-27 23:37:25,2014-01-28 00:01:55,24.50
1390866024620000307,20000307,2014-01-27 23:40:24,2014-01-28 00:07:09,26.75
1390866194620000473,20000473,2014-01-27 23:43:14,2014-01-28 00:01:14,18.00
1390866364620000448,20000448,2014-01-27 23:46:04,2014-01-28 00:04:34,18.50
1390866667620000610,20000610,2014-01-27 23:51:07,2014-01-28 00:04:37,13.50
1390866705620000304,20000304,2014-01-27 23:51:45,2014-01-28 00:14:00,22.25
1390866747620000395,20000395,2014-01-27 23:52:27,2014-01-28 00:08:12,15.75
1390866971620000570,20000570,2014-01-27 23:56:11,2014-01-28 00:01:11,5.00
1390867035620000453,20000453,2014-01-27 23:57:15,2014-01-28 00:06:00,8.75
1390867117620000651,20000651,2014-01-27 23:58:37,2014-01-28 00:06:37,8.00
1390951283620000617,20000617,2014-01-28 23:21:23,2014-01-29 00:08:23,47.00
1390952349620000598,20000598,2014-01-28 23:39:09,2014-01-29 00:00:09,21.00
1390952820620000341,20000341,2014-01-28 23:47:00,2014-01-29 00:07:00,20.00
1390952824620000486,20000486,2014-01-28 23:47:04,2014-01-29 00:16:49,29.75
1390952830620000668,20000668,2014-01-28 23:47:10,2014-01-29 00:00:25,13.25
1390952922620000688,20000688,2014-01-28 23:48:42,2014-01-29 00:15:42,27.00
1390952941620000288,20000288,2014-01-28 23:49:01,2014-01-29 00:01:16,12.25
1390953052620000651,20000651,2014-01-28 23:50:52,2014-01-29 00:01:52,11.00
1390953060620000525,20000525,2014-01-28 23:51:00,2014-01-29 00:01:45,10.75
1390953142620000129,20000129,2014-01-28 23:52:22,2014-01-29 00:01:07,8.75
1390953149620000022,20000022,2014-01-28 23:52:29,2014-01-29 00:04:59,12.50
1390953176620000574,20000574,2014-01-28 23:52:56,2014-01-29 00:20:56,28.00
1390953186620000045,20000045,2014-01-28 23:53:06,2014-01-29 00:02:06,9.00
1390953296620000345,20000345,2014-01-28 23:54:56,2014-01-29 00:04:41,9.75
1390953360620000231,20000231,2014-01-28 23:56:00,2014-01-29 00:00:15,4.25
1390953410620000476,20000476,2014-01-28 23:56:50,2014-01-29 00:15:35,18.75
1390953448620000454,20000454,2014-01-28 23:57:28,2014-01-29 00:04:28,7.00
1390953498620000610,20000610,2014-01-28 23:58:18,2014-01-29 00:02:48,4.50
1391038395620000617,20000617,2014-01-29 23:33:15,2014-01-30 00:03:00,29.75
1391038507620000561,20000561,2014-01-29 23:35:07,2014-01-30 00:08:22,33.25
1391038783620000254,20000254,2014-01-29 23:39:43,2014-01-30 00:00:28,20.75
1391038805620000529,20000529,2014-01-29 23:40:05,2014-01-30 00:01:50,21.75
1391039109620000351,20000351,2014-01-29 23:45:09,2014-01-30 00:10:09,25.00
1391039182620000514,20000514,2014-01-29 23:46:22,2014-01-30 00:03:22,17.00
1391039390620000006,20000006,2014-01-29 23:49:50,2014-01-30 00:08:20,18.50
1391039581620000651,20000651,2014-01-29 23:53:01,2014-01-30 00:15:31,22.50
1391039606620000015,20000015,2014-01-29 23:53:26,2014-01-30 00:06:26,13.00
1391039606620000359,20000359,2014-01-29 23:53:26,2014-01-30 00:04:56,11.50
1391039615620000235,20000235,2014-01-29 23:53:35,2014-01-30 00:06:20,12.75
1391039664620000360,20000360,2014-01-29 23:54:24,2014-01-30 00:01:09,6.75
1391039691620000611,20000611,2014-01-29 23:54:51,2014-01-30 00:04:36,9.75
1391039845620000297,20000297,2014-01-29 23:57:25,2014-01-30 00:07:55,10.50
1391039941620000424,20000424,2014-01-29 23:59:01,2014-01-30 00:05:16,6.25
1391039946620000338,20000338,2014-01-29 23:59:06,2014-01-30 00:02:36,3.50
1391039954620000621,20000621,2014-01-29 23:59:14,2014-01-30 00:03:29,4.25
1391039969620000455,20000455,2014-01-29 23:59:29,2014-01-30 00:10:44,11.25
1391122280620000517,20000517,2014-01-30 22:51:20,2014-01-31 00:06:20,75.00
1391125166620000235,20000235,2014-01-30 23:39:26,2014-01-31 00:05:41,26.25
1391125404620000617,20000617,2014-01-30 23:43:24,2014-01-31 00:20:24,37.00
1391125619620000167,20000167,2014-01-30 23:46:59,2014-01-31 00:03:44,16.75
1391125668620000304,20000304,2014-01-30 23:47:48,2014-01-31 00:19:18,31.50
1391125720620000406,20000406,2014-01-30 23:48:40,2014-01-31 00:05:40,17.00
1391125737620000403,20000403,2014-01-30 23:48:57,2014-01-31 00:12:42,23.75
1391125847620000361,20000361,2014-01-30 23:50:47,2014-01-31 00:00:02,9.25
1391125942620000624,20000624,2014-01-30 23:52:22,2014-01-31 00:03:07,10.75
1391125989620000492,20000492,2014-01-30 23:53:09,2014-01-31 00:05:09,12.00
1391126080620000140,20000140,2014-01-30 23:54:40,2014-01-31 00:02:40,8.00
1391126103620000307,20000307,2014-01-30 23:55:03,2014-01-31 00:06:03,11.00
1391126135620000436,20000436,2014-01-30 23:55:35,2014-01-31 00:00:20,4.75
1391126182620000245,20000245,2014-01-30 23:56:22,2014-01-31 00:05:37,9.25
1391126350620000004,20000004,2014-01-30 23:59:10,2014-01-31 00:10:40,11.50
1391211833620000618,20000618,2014-01-31 23:43:53,2014-02-01 00:16:08,32.25
1391212003620000670,20000670,2014-01-31 23:46:43,2014-02-01 00:00:43,14.00
1391212126620000529,20000529,2014-01-31 23:48:46,2014-02-01 00:00:01,11.25
1391212274620000324,20000324,2014-01-31 23:51:14,2014-02-01 00:15:29,24.25
1391212318620000004,20000004,2014-01-31 23:51:58,2014-02-01 00:06:28,14.50
1391212402620000013,20000013,2014-01-31 23:53:22,2014-02-01 00:00:22,7.00
1391212418620000574,20000574,2014-01-31 23:53:38,2014-02-01 00:01:53,8.25
1391212450620000524,20000524,2014-01-31 23:54:10,2014-02-01 00:06:25,12.25
1391212457620000007,20000007,2014-01-31 23:54:17,2014-02-01 00:09:17,15.00
1391212475620000586,20000586,2014-01-31 23:54:35,2014-02-01 00:13:35,19.00
1391212483620000276,20000276,2014-01-31 23:54:43,2014-02-01 00:01:13,6.50
1391212509620000321,20000321,2014-01-31 23:55:09,2014-02-01 00:09:54,14.75
1391212512620000256,20000256,2014-01-31 23:55:12,2014-02-01 00:03:42,8.50
1391212582620000249,20000249,2014-01-31 23:56:22,2014-02-01 00:09:37,13.25
1391212608620000436,20000436,2014-01-31 23:56:48,2014-02-01 00:33:18,36.50
1391212632620000395,20000395,2014-01-31 23:57:12,2014-02-01 00:05:12,8.00
1391212647620000542,20000542,2014-01-31 23:57:27,2014-02-01 00:06:12,8.75
1391212668620000157,20000157,2014-01-31 23:57:48,2014-02-01 00:07:03,9.25
1391212706620000514,20000514,2014-01-31 23:58:26,2014-02-01 00:04:56,6.50
1391212709620000363,20000363,2014-01-31 23:58:29,2014-02-01 00:05:44,7.25
1391212763620000598,20000598,2014-01-31 23:59:23,2014-02-01 00:02:23,3.00
1391297125620000288,20000288,2014-02-01 23:25:25,2014-02-02 00:07:55,42.50
1391298092620000337,20000337,2014-02-01 23:41:32,2014-02-02 00:09:32,28.00
1391298464620000572,20000572,2014-02-01 23:47:44,2014-02-02 00:01:59,14.25
1391298611620000279,20000279,2014-02-01 23:50:11,2014-02-02 00:00:41,10.50
1391298629620000495,20000495,2014-02-01 23:50:29,2014-02-02 00:00:14,9.75
1391298689620000560,20000560,2014-02-01 23:51:29,2014-02-02 00:07:14,15.75
1391298758620000436,20000436,2014-02-01 23:52:38,2014-02-02 00:00:53,8.25
1391298764620000624,20000624,2014-02-01 23:52:44,2014-02-02 00:05:44,13.00
1391298782620000351,20000351,2014-02-01 23:53:02,2014-02-02 00:01:02,8.00
1391298791620000662,20000662,2014-02-01 23:53:11,2014-02-02 00:07:26,14.25
1391298805620000334,20000334,2014-02-01 23:53:25,2014-02-02 00:00:10,6.75
1391298879620000362,20000362,2014-02-01 23:54:39,2014-02-02 00:04:54,10.25
1391298956620000588,20000588,2014-02-01 23:55:56,2014-02-02 00:03:56,8.00
1391298973620000075,20000075,2014-02-01 23:56:13,2014-02-02 00:00:13,4.00
1391298986620000547,20000547,2014-02-01 23:56:26,2014-02-02 00:02:11,5.75
1391298998620000621,20000621,2014-02-01 23:56:38,2014-02-02 00:04:38,8.00
1391299000620000057,20000057,2014-02-01 23:56:40,2014-02-02 00:03:40,7.00
1391299009620000625,20000625,2014-02-01 23:56:49,2014-02-02 00:15:49,19.00
1391299032620000101,20000101,2014-02-01 23:57:12,2014-02-02 00:03:42,6.50
1391299039620000136,20000136,2014-02-01 23:57:19,2014-02-02 00:04:04,6.75
1391299074620000260,20000260,2014-02-01 23:57:54,2014-02-02 00:10:54,13.00
1391299092620000667,20000667,2014-02-01 23:58:12,2014-02-02 00:04:57,6.75
1391299118620000657,20000657,2014-02-01 23:58:38,2014-02-02 00:06:38,8.00
1391299128620000904,20000904,2014-02-01 23:58:48,2014-02-02 00:02:48,4.00
1391299135620000006,20000006,2014-02-01 23:58:55,2014-02-02 00:06:10,7.25
1391299140620000171,20000171,2014-02-01 23:59:00,2014-02-02 00:05:30,6.50
1391299143620000574,20000574,2014-02-01 23:59:03,2014-02-02 00:11:33,12.50
1391385085620000387,20000387,2014-02-02 23:51:25,2014-02-03 00:09:25,18.00
1391385262620000359,20000359,2014-02-02 23:54:22,2014-02-03 00:15:07,20.75
1391385292620000129,20000129,2014-02-02 23:54:52,2014-02-03 00:13:37,18.75
1391385345620000325,20000325,2014-02-02 23:55:45,2014-02-03 00:05:00,9.25
1391385461620000254,20000254,2014-02-02 23:57:41,2014-02-03 00:15:26,17.75
1391385588620000657,20000657,2014-02-02 23:59:48,2014-02-03 00:07:03,7.25
1391385590620000370,20000370,2014-02-02 23:59:50,2014-02-03 00:04:20,4.50
1391442237620000902,20000902,2014-02-03 15:43:57,2014-02-04 02:53:27,669.50
1391466042620000576,20000576,2014-02-03 22:20:42,2014-02-04 00:00:57,100.25
1391467788620000577,20000577,2014-02-03 22:49:48,2014-02-04 00:08:18,78.50
1391470965620000595,20000595,2014-02-03 23:42:45,2014-02-04 00:04:30,21.75
1391471385620000307,20000307,2014-02-03 23:49:45,2014-02-04 00:18:15,28.50
1391471507620000067,20000067,2014-02-03 23:51:47,2014-02-04 00:02:47,11.00
1391471521620000242,20000242,2014-02-03 23:52:01,2014-02-04 00:01:01,9.00
1391471650620000525,20000525,2014-02-03 23:54:10,2014-02-04 00:04:10,10.00
1391471676620000435,20000435,2014-02-03 23:54:36,2014-02-04 00:04:21,9.75
1391471811620000603,20000603,2014-02-03 23:56:51,2014-02-04 00:04:06,7.25
1391471815620000066,20000066,2014-02-03 23:56:55,2014-02-04 00:26:25,29.50
1391471931620000254,20000254,2014-02-03 23:58:51,2014-02-04 00:04:21,5.50
1391471959620000492,20000492,2014-02-03 23:59:19,2014-02-04 00:08:04,8.75
1391554018620000009,20000009,2014-02-04 22:46:58,2014-02-05 00:00:58,74.00
1391557684620000435,20000435,2014-02-04 23:48:04,2014-02-05 00:03:34,15.50
1391557709620000598,20000598,2014-02-04 23:48:29,2014-02-05 00:03:44,15.25
1391557844620000038,20000038,2014-02-04 23:50:44,2014-02-05 00:02:14,11.50
1391557963620000013,20000013,2014-02-04 23:52:43,2014-02-05 00:00:43,8.00
1391557989620000269,20000269,2014-02-04 23:53:09,2014-02-05 00:03:54,10.75
1391558009620000356,20000356,2014-02-04 23:53:29,2014-02-05 00:04:44,11.25
1391558101620000626,20000626,2014-02-04 23:55:01,2014-02-05 00:00:46,5.75
1391558135620000216,20000216,2014-02-04 23:55:35,2014-02-05 00:03:20,7.75
1391558178620000010,20000010,2014-02-04 23:56:18,2014-02-05 00:08:33,12.25
1391558293620000470,20000470,2014-02-04 23:58:13,2014-02-05 00:13:13,15.00
1391643141620000617,20000617,2014-02-05 23:32:21,2014-02-06 00:08:06,35.75
1391643621620000288,20000288,2014-02-05 23:40:21,2014-02-06 00:00:51,20.50
1391644102620000304,20000304,2014-02-05 23:48:22,2014-02-06 00:03:07,14.75
1391644184620000235,20000235,2014-02-05 23:49:44,2014-02-06 00:04:59,15.25
1391644219620000305,20000305,2014-02-05 23:50:19,2014-02-06 00:03:19,13.00
1391644277620000610,20000610,2014-02-05 23:51:17,2014-02-06 00:10:47,19.50
1391644279620000435,20000435,2014-02-05 23:51:19,2014-02-06 00:02:49,11.50
1391644398620000303,20000303,2014-02-05 23:53:18,2014-02-06 00:01:18,8.00
1391644435620000067,20000067,2014-02-05 23:53:55,2014-02-06 00:02:25,8.50
1391644543620000161,20000161,2014-02-05 23:55:43,2014-02-06 00:03:58,8.25
1391644546620000398,20000398,2014-02-05 23:55:46,2014-02-06 00:04:01,8.25
1391644638620000338,20000338,2014-02-05 23:57:18,2014-02-06 00:04:33,7.25
1391644645620000057,20000057,2014-02-05 23:57:25,2014-02-06 00:06:10,8.75
1391644653620000307,20000307,2014-02-05 23:57:33,2014-02-06 00:07:48,10.25
1391644742620000042,20000042,2014-02-05 23:59:02,2014-02-06 00:06:17,7.25
1391644792620000333,20000333,2014-02-05 23:59:52,2014-02-06 00:03:22,3.50
1391730709620000038,20000038,2014-02-06 23:51:49,2014-02-07 00:01:34,9.75
1391730751620000007,20000007,2014-02-06 23:52:31,2014-02-07 00:01:01,8.50
1391730853620000101,20000101,2014-02-06 23:54:13,2014-02-07 00:12:28,18.25
1391730869620000304,20000304,2014-02-06 23:54:29,2014-02-07 00:19:29,25.00
1391730923620000610,20000610,2014-02-06 23:55:23,2014-02-07 00:09:53,14.50
1391730942620000517,20000517,2014-02-06 23:55:42,2014-02-07 00:09:42,14.00
1391730947620000626,20000626,2014-02-06 23:55:47,2014-02-07 00:01:17,5.50
1391731023620000254,20000254,2014-02-06 23:57:03,2014-02-07 00:00:48,3.75
1391731071620000066,20000066,2014-02-06 23:57:51,2014-02-07 00:10:21,12.50
1391731132620000570,20000570,2014-02-06 23:58:52,2014-02-07 00:08:22,9.50
1391731182620000392,20000392,2014-02-06 23:59:42,2014-02-07 00:07:42,8.00
1391731191620000370,20000370,2014-02-06 23:59:51,2014-02-07 00:10:51,11.00
1391816356620000311,20000311,2014-02-07 23:39:16,2014-02-08 00:03:16,24.00
1391816403620000081,20000081,2014-02-07 23:40:03,2014-02-08 00:18:03,38.00
1391816698620000653,20000653,2014-02-07 23:44:58,2014-02-08 00:02:28,17.50
1391816715620000233,20000233,2014-02-07 23:45:15,2014-02-08 00:03:15,18.00
1391816814620000617,20000617,2014-02-07 23:46:54,2014-02-08 01:01:24,74.50
1391816934620000022,20000022,2014-02-07 23:48:54,2014-02-08 00:00:24,11.50
1391816948620000686,20000686,2014-02-07 23:49:08,2014-02-08 00:00:23,11.25
1391816949620000199,20000199,2014-02-07 23:49:09,2014-02-08 00:00:09,11.00
1391817028620000497,20000497,2014-02-07 23:50:28,2014-02-08 00:03:28,13.00
1391817038620000435,20000435,2014-02-07 23:50:38,2014-02-08 00:08:23,17.75
1391817044620000171,20000171,2014-02-07 23:50:44,2014-02-08 00:01:44,11.00
1391817057620000167,20000167,2014-02-07 23:50:57,2014-02-08 00:01:27,10.50
1391817084620000662,20000662,2014-02-07 23:51:24,2014-02-08 00:06:54,15.50
1391817112620000504,20000504,2014-02-07 23:51:52,2014-02-08 00:00:37,8.75
1391817118620000101,20000101,2014-02-07 23:51:58,2014-02-08 00:04:28,12.50
1391817125620000547,20000547,2014-02-07 23:52:05,2014-02-08 00:02:05,10.00
1391817126620000481,20000481,2014-02-07 23:52:06,2014-02-08 00:08:51,16.75
1391817197620000011,20000011,2014-02-07 23:53:17,2014-02-08 00:01:02,7.75
1391817231620000612,20000612,2014-02-07 23:53:51,2014-02-08 00:03:21,9.50
1391817297620000321,20000321,2014-02-07 23:54:57,2014-02-08 00:21:27,26.50
1391817333620000670,20000670,2014-02-07 23:55:33,2014-02-08 00:02:48,7.25
1391817336620000436,20000436,2014-02-07 23:55:36,2014-02-08 00:01:21,5.75
1391817366620000574,20000574,2014-02-07 23:56:06,2014-02-08 00:04:21,8.25
1391817395620000303,20000303,2014-02-07 23:56:35,2014-02-08 00:10:20,13.75
1391817407620000626,20000626,2014-02-07 23:56:47,2014-02-08 00:01:47,5.00
1391817409620000076,20000076,2014-02-07 23:56:49,2014-02-08 00:00:19,3.50
1391817440620000009,20000009,2014-02-07 23:57:20,2014-02-08 00:07:20,10.00
1391817451620000625,20000625,2014-02-07 23:57:31,2014-02-08 00:18:16,20.75
1391817471620000245,20000245,2014-02-07 23:57:51,2014-02-08 00:10:51,13.00
1391817475620000333,20000333,2014-02-07 23:57:55,2014-02-08 00:10:40,12.75
1391817498620000304,20000304,2014-02-07 23:58:18,2014-02-08 00:15:18,17.00
1391817516620000542,20000542,2014-02-07 23:58:36,2014-02-08 00:01:51,3.25
1391817555620000012,20000012,2014-02-07 23:59:15,2014-02-08 00:18:00,18.75
1391817571620000243,20000243,2014-02-07 23:59:31,2014-02-08 00:04:46,5.25
1391903395620000129,20000129,2014-02-08 23:49:55,2014-02-09 00:02:10,12.25
1391903439620000280,20000280,2014-02-08 23:50:39,2014-02-09 00:07:09,16.50
1391903533620000671,20000671,2014-02-08 23:52:13,2014-02-09 00:01:13,9.00
1391903572620000288,20000288,2014-02-08 23:52:52,2014-02-09 00:04:37,11.75
1391903643620000472,20000472,2014-02-08 23:54:03,2014-02-09 00:05:18,11.25
1391903657620000649,20000649,2014-02-08 23:54:17,2014-02-09 00:01:32,7.25
1391903678620000273,20000273,2014-02-08 23:54:38,2014-02-09 00:01:08,6.50
1391903692620000625,20000625,2014-02-08 23:54:52,2014-02-09 00:01:07,6.25
1391903693620000012,20000012,2014-02-08 23:54:53,2014-02-09 00:00:23,5.50
1391903707620000308,20000308,2014-02-08 23:55:07,2014-02-09 00:05:52,10.75
1391903747620000662,20000662,2014-02-08 23:55:47,2014-02-09 00:08:17,12.50
1391903785620000483,20000483,2014-02-08 23:56:25,2014-02-09 00:06:10,9.75
1391903791620000520,20000520,2014-02-08 23:56:31,2014-02-09 00:01:31,5.00
1391903804620000345,20000345,2014-02-08 23:56:44,2014-02-09 00:02:14,5.50
1391903810620000529,20000529,2014-02-08 23:56:50,2014-02-09 00:12:20,15.50
1391903846620000395,20000395,2014-02-08 23:57:26,2014-02-09 00:04:11,6.75
1391903863620000157,20000157,2014-02-08 23:57:43,2014-02-09 00:06:28,8.75
1391903873620000574,20000574,2014-02-08 23:57:53,2014-02-09 00:12:23,14.50
1391903894620000196,20000196,2014-02-08 23:58:14,2014-02-09 00:05:44,7.50
1391903896620000440,20000440,2014-02-08 23:58:16,2014-02-09 00:04:01,5.75
1391903905620000481,20000481,2014-02-08 23:58:25,2014-02-09 00:24:40,26.25
1391903917620000434,20000434,2014-02-08 23:58:37,2014-02-09 00:03:22,4.75
1391989899620000167,20000167,2014-02-09 23:51:39,2014-02-10 00:04:24,12.75
1391989974620000672,20000672,2014-02-09 23:52:54,2014-02-10 00:00:39,7.75
1391990040620000199,20000199,2014-02-09 23:54:00,2014-02-10 00:06:45,12.75
1391990066620000007,20000007,2014-02-09 23:54:26,2014-02-10 00:02:11,7.75
1391990109620000003,20000003,2014-02-09 23:55:09,2014-02-10 00:00:54,5.75
1391990221620000473,20000473,2014-02-09 23:57:01,2014-02-10 00:02:01,5.00
1391990251620000621,20000621,2014-02-09 23:57:31,2014-02-10 00:02:16,4.75
1391990312620000600,20000600,2014-02-09 23:58:32,2014-02-10 00:02:32,4.00
1391990371620000101,20000101,2014-02-09 23:59:31,2014-02-10 00:03:31,4.00
1391990398620000197,20000197,2014-02-09 23:59:58,2014-02-10 00:11:13,11.25
1392076270620000066,20000066,2014-02-10 23:51:10,2014-02-11 00:05:40,14.50
1392076593620000308,20000308,2014-02-10 23:56:33,2014-02-11 00:04:18,7.75
1392076689620000356,20000356,2014-02-10 23:58:09,2014-02-11 00:01:24,3.25
1392076721620000005,20000005,2014-02-10 23:58:41,2014-02-11 00:10:41,12.00
1392076722620000008,20000008,2014-02-10 23:58:42,2014-02-11 00:02:57,4.25
1392076748620000678,20000678,2014-02-10 23:59:08,2014-02-11 00:02:38,3.50
1392161992620000304,20000304,2014-02-11 23:39:52,2014-02-12 00:08:52,29.00
1392162135620000435,20000435,2014-02-11 23:42:15,2014-02-12 00:01:30,19.25
1392162518620000406,20000406,2014-02-11 23:48:38,2014-02-12 00:02:08,13.50
1392162806620000589,20000589,2014-02-11 23:53:26,2014-02-12 00:00:26,7.00
1392162839620000387,20000387,2014-02-11 23:53:59,2014-02-12 00:01:29,7.50
1392162881620000569,20000569,2014-02-11 23:54:41,2014-02-12 00:06:41,12.00
1392162975620000045,20000045,2014-02-11 23:56:15,2014-02-12 00:03:15,7.00
1392163020620000476,20000476,2014-02-11 23:57:00,2014-02-12 00:06:30,9.50
1392163155620000455,20000455,2014-02-11 23:59:15,2014-02-12 00:03:30,4.25
1392227681620000902,20000902,2014-02-12 17:54:41,2014-02-13 01:52:56,478.25
1392245086620000009,20000009,2014-02-12 22:44:46,2014-02-13 00:21:16,96.50
1392248918620000529,20000529,2014-02-12 23:48:38,2014-02-13 00:03:53,15.25
1392248989620000252,20000252,2014-02-12 23:49:49,2014-02-13 00:02:49,13.00
1392249356620000197,20000197,2014-02-12 23:55:56,2014-02-13 00:11:26,15.50
1392249424620000273,20000273,2014-02-12 23:57:04,2014-02-13 00:04:19,7.25
1392249498620000303,20000303,2014-02-12 23:58:18,2014-02-13 00:06:03,7.75
1392249526620000569,20000569,2014-02-12 23:58:46,2014-02-13 00:00:31,1.75
1392249543620000362,20000362,2014-02-12 23:59:03,2014-02-13 00:03:03,4.00
1392334509620000108,20000108,2014-02-13 23:35:09,2014-02-14 00:52:54,77.75
1392335146620000497,20000497,2014-02-13 23:45:46,2014-02-14 00:00:31,14.75
1392335215620000476,20000476,2014-02-13 23:46:55,2014-02-14 00:03:40,16.75
1392335578620000589,20000589,2014-02-13 23:52:58,2014-02-14 00:02:13,9.25
1392335612620000007,20000007,2014-02-13 23:53:32,2014-02-14 00:02:02,8.50
1392335664620000151,20000151,2014-02-13 23:54:24,2014-02-14 00:05:24,11.00
1392335914620000325,20000325,2014-02-13 23:58:34,2014-02-14 00:03:04,4.50
1392335936620000651,20000651,2014-02-13 23:58:56,2014-02-14 00:08:11,9.25
1392421222620000235,20000235,2014-02-14 23:40:22,2014-02-15 00:00:22,20.00
1392421834620000004,20000004,2014-02-14 23:50:34,2014-02-15 00:05:04,14.50
1392421862620000255,20000255,2014-02-14 23:51:02,2014-02-15 00:01:02,10.00
1392421880620000129,20000129,2014-02-14 23:51:20,2014-02-15 00:06:50,15.50
1392421900620000680,20000680,2014-02-14 23:51:40,2014-02-15 00:03:55,12.25
1392421992620000594,20000594,2014-02-14 23:53:12,2014-02-15 00:02:27,9.25
1392422010620000216,20000216,2014-02-14 23:53:30,2014-02-15 00:10:45,17.25
1392422034620000161,20000161,2014-02-14 23:53:54,2014-02-15 00:02:09,8.25
1392422104620000570,20000570,2014-02-14 23:55:04,2014-02-15 00:05:04,10.00
1392422162620000586,20000586,2014-02-14 23:56:02,2014-02-15 00:06:17,10.25
1392422178620000456,20000456,2014-02-14 23:56:18,2014-02-15 00:05:33,9.25
1392422221620000395,20000395,2014-02-14 23:57:01,2014-02-15 00:16:01,19.00
1392422255620000179,20000179,2014-02-14 23:57:35,2014-02-15 00:47:50,50.25
1392422323620000337,20000337,2014-02-14 23:58:43,2014-02-15 00:02:13,3.50
1392422360620000547,20000547,2014-02-14 23:59:20,2014-02-15 00:12:50,13.50
1392422390620000005,20000005,2014-02-14 23:59:50,2014-02-15 00:04:50,5.00
1392507852620000547,20000547,2014-02-15 23:44:12,2014-02-16 00:00:57,16.75
1392508094620000041,20000041,2014-02-15 23:48:14,2014-02-16 00:06:59,18.75
1392508136620000051,20000051,2014-02-15 23:48:56,2014-02-16 00:03:26,14.50
1392508205620000465,20000465,2014-02-15 23:50:05,2014-02-16 00:06:50,16.75
1392508223620000129,20000129,2014-02-15 23:50:23,2014-02-16 00:04:53,14.50
1392508384620000594,20000594,2014-02-15 23:53:04,2014-02-16 00:02:34,9.50
1392508449620000450,20000450,2014-02-15 23:54:09,2014-02-16 00:06:24,12.25
1392508479620000495,20000495,2014-02-15 23:54:39,2014-02-16 00:08:39,14.00
1392508492620000314,20000314,2014-02-15 23:54:52,2014-02-16 00:00:07,5.25
1392508533620000015,20000015,2014-02-15 23:55:33,2014-02-16 00:01:33,6.00
1392508566620000011,20000011,2014-02-15 23:56:06,2014-02-16 00:34:06,38.00
1392508614620000231,20000231,2014-02-15 23:56:54,2014-02-16 00:13:39,16.75
1392508639620000216,20000216,2014-02-15 23:57:19,2014-02-16 00:08:49,11.50
1392508660620000675,20000675,2014-02-15 23:57:40,2014-02-16 00:05:25,7.75
1392508701620000591,20000591,2014-02-15 23:58:21,2014-02-16 00:11:21,13.00
1392508703620000569,20000569,2014-02-15 23:58:23,2014-02-16 00:09:38,11.25
1392508710620000328,20000328,2014-02-15 23:58:30,2014-02-16 00:06:45,8.25
1392508717620000664,20000664,2014-02-15 23:58:37,2014-02-16 00:03:07,4.50
1392508731620000010,20000010,2014-02-15 23:58:51,2014-02-16 00:01:21,2.50
1392508736620000105,20000105,2014-02-15 23:58:56,2014-02-16 00:01:56,3.00
1392508777620000572,20000572,2014-02-15 23:59:37,2014-02-16 00:07:52,8.25
1392508788620000472,20000472,2014-02-15 23:59:48,2014-02-16 00:07:48,8.00
1392594960620000307,20000307,2014-02-16 23:56:00,2014-02-17 00:02:00,6.00
1392595108620000387,20000387,2014-02-16 23:58:28,2014-02-17 00:02:58,4.50
1392595114620000529,20000529,2014-02-16 23:58:34,2014-02-17 00:00:49,2.25
1392595139620000520,20000520,2014-02-16 23:58:59,2014-02-17 00:17:14,18.25
1392680810620000529,20000529,2014-02-17 23:46:50,2014-02-18 00:08:35,21.75
1392680924620000446,20000446,2014-02-17 23:48:44,2014-02-18 00:16:29,27.75
1392681117620000633,20000633,2014-02-17 23:51:57,2014-02-18 00:03:12,11.25
1392681181620000045,20000045,2014-02-17 23:53:01,2014-02-18 00:06:46,13.75
1392681210620000492,20000492,2014-02-17 23:53:30,2014-02-18 00:01:30,8.00
1392681284620000216,20000216,2014-02-17 23:54:44,2014-02-18 00:07:59,13.25
1392681310620000570,20000570,2014-02-17 23:55:10,2014-02-18 00:16:25,21.25
1392681383620000403,20000403,2014-02-17 23:56:23,2014-02-18 00:44:08,47.75
1392681446620000269,20000269,2014-02-17 23:57:26,2014-02-18 00:32:41,35.25
1392681484620000197,20000197,2014-02-17 23:58:04,2014-02-18 00:00:49,2.75
1392681516620000450,20000450,2014-02-17 23:58:36,2014-02-18 00:07:36,9.00
1392766972620000542,20000542,2014-02-18 23:42:52,2014-02-19 00:08:37,25.75
1392767165620000235,20000235,2014-02-18 23:46:05,2014-02-19 00:14:20,28.25
1392767417620000129,20000129,2014-02-18 23:50:17,2014-02-19 00:00:02,9.75
1392767594620000345,20000345,2014-02-18 23:53:14,2014-02-19 00:15:59,22.75
1392767622620000196,20000196,2014-02-18 23:53:42,2014-02-19 00:03:12,9.50
1392767639620000467,20000467,2014-02-18 23:53:59,2014-02-19 00:12:44,18.75
1392767820620000023,20000023,2014-02-18 23:57:00,2014-02-19 00:07:45,10.75
1392767856620000653,20000653,2014-02-18 23:57:36,2014-02-19 00:09:21,11.75
1392767868620000022,20000022,2014-02-18 23:57:48,2014-02-19 00:01:48,4.00
1392767922620000903,20000903,2014-02-18 23:58:42,2014-02-19 00:03:57,5.25
1392767933620000569,20000569,2014-02-18 23:58:53,2014-02-19 00:02:38,3.75
1392839283620000902,20000902,2014-02-19 19:48:03,2014-02-20 00:09:48,261.75
1392853654620000651,20000651,2014-02-19 23:47:34,2014-02-20 00:15:19,27.75
1392853735620000671,20000671,2014-02-19 23:48:55,2014-02-20 00:01:40,12.75
1392853920620000431,20000431,2014-02-19 23:52:00,2014-02-20 00:02:15,10.25
1392853983620000625,20000625,2014-02-19 23:53:03,2014-02-20 00:00:48,7.75
1392854017620000597,20000597,2014-02-19 23:53:37,2014-02-20 00:01:52,8.25
1392854106620000157,20000157,2014-02-19 23:55:06,2014-02-20 00:04:51,9.75
1392854131620000621,20000621,2014-02-19 23:55:31,2014-02-20 00:08:01,12.50
1392854168620000233,20000233,2014-02-19 23:56:08,2014-02-20 00:02:08,6.00
1392854186620000571,20000571,2014-02-19 23:56:26,2014-02-20 00:05:41,9.25
1392854190620000467,20000467,2014-02-19 23:56:30,2014-02-20 00:02:30,6.00
1392854206620000529,20000529,2014-02-19 23:56:46,2014-02-20 00:13:16,16.50
1392854213620000472,20000472,2014-02-19 23:56:53,2014-02-20 00:08:08,11.25
1392854255620000356,20000356,2014-02-19 23:57:35,2014-02-20 00:03:20,5.75
1392854289620000140,20000140,2014-02-19 23:58:09,2014-02-20 00:02:54,4.75
1392854307620000392,20000392,2014-02-19 23:58:27,2014-02-20 00:03:42,5.25
1392854309620000173,20000173,2014-02-19 23:58:29,2014-02-20 00:03:14,4.75
1392854362620000345,20000345,2014-02-19 23:59:22,2014-02-20 00:03:22,4.00
1392854379620000360,20000360,2014-02-19 23:59:39,2014-02-20 00:04:09,4.50
1392854394620000297,20000297,2014-02-19 23:59:54,2014-02-20 00:03:39,3.75
1392854399620000456,20000456,2014-02-19 23:59:59,2014-02-20 00:18:29,18.50
1392939595620000184,20000184,2014-02-20 23:39:55,2014-02-21 00:00:10,20.25
1392939684620000610,20000610,2014-02-20 23:41:24,2014-02-21 00:14:24,33.00
1392939707620000616,20000616,2014-02-20 23:41:47,2014-02-21 00:01:47,20.00
1392939799620000276,20000276,2014-02-20 23:43:19,2014-02-21 00:10:34,27.25
1392939858620000406,20000406,2014-02-20 23:44:18,2014-02-21 00:09:18,25.00
1392939934620000129,20000129,2014-02-20 23:45:34,2014-02-21 00:01:34,16.00
1392940173620000488,20000488,2014-02-20 23:49:33,2014-02-21 00:01:33,12.00
1392940283620000359,20000359,2014-02-20 23:51:23,2014-02-21 00:02:53,11.50
1392940296620000633,20000633,2014-02-20 23:51:36,2014-02-21 00:02:51,11.25
1392940302620000548,20000548,2014-02-20 23:51:42,2014-02-21 00:23:42,32.00
1392940365620000030,20000030,2014-02-20 23:52:45,2014-02-21 00:04:30,11.75
1392940381620000577,20000577,2014-02-20 23:53:01,2014-02-21 00:03:16,10.25
1392940391620000012,20000012,2014-02-20 23:53:11,2014-02-21 00:00:26,7.25
1392940461620000658,20000658,2014-02-20 23:54:21,2014-02-21 00:02:06,7.75
1392940464620000395,20000395,2014-02-20 23:54:24,2014-02-21 00:04:09,9.75
1392940492620000360,20000360,2014-02-20 23:54:52,2014-02-21 00:02:22,7.50
1392940523620000525,20000525,2014-02-20 23:55:23,2014-02-21 00:01:08,5.75
1392940544620000492,20000492,2014-02-20 23:55:44,2014-02-21 00:01:29,5.75
1392940562620000333,20000333,2014-02-20 23:56:02,2014-02-21 00:03:32,7.50
1392940588620000243,20000243,2014-02-20 23:56:28,2014-02-21 00:03:28,7.00
1392940602620000667,20000667,2014-02-20 23:56:42,2014-02-21 00:02:12,5.50
1392940645620000020,20000020,2014-02-20 23:57:25,2014-02-21 00:28:25,31.00
1392940664620000403,20000403,2014-02-20 23:57:44,2014-02-21 00:04:29,6.75
1392940669620000304,20000304,2014-02-20 23:57:49,2014-02-21 00:05:49,8.00
1392940678620000367,20000367,2014-02-20 23:57:58,2014-02-21 00:09:58,12.00
1392940689620000013,20000013,2014-02-20 23:58:09,2014-02-21 00:06:09,8.00
1392940690620000067,20000067,2014-02-20 23:58:10,2014-02-21 00:04:10,6.00
1392940703620000680,20000680,2014-02-20 23:58:23,2014-02-21 00:03:23,5.00
1392940730620000042,20000042,2014-02-20 23:58:50,2014-02-21 00:08:05,9.25
1392940730620000310,20000310,2014-02-20 23:58:50,2014-02-21 00:00:50,2.00
1392940730620000601,20000601,2014-02-20 23:58:50,2014-02-21 00:00:50,2.00
1392940735620000337,20000337,2014-02-20 23:58:55,2014-02-21 00:10:55,12.00
1392940745620000015,20000015,2014-02-20 23:59:05,2014-02-21 00:04:35,5.50
1392940749620000520,20000520,2014-02-20 23:59:09,2014-02-21 00:02:39,3.50
1393025819620000031,20000031,2014-02-21 23:36:59,2014-02-22 00:02:29,25.50
1393025980620000288,20000288,2014-02-21 23:39:40,2014-02-22 00:05:25,25.75
1393026147620000058,20000058,2014-02-21 23:42:27,2014-02-22 00:14:42,32.25
1393026372620000129,20000129,2014-02-21 23:46:12,2014-02-22 00:03:12,17.00
1393026483620000616,20000616,2014-02-21 23:48:03,2014-02-22 00:00:33,12.50
1393026499620000216,20000216,2014-02-21 23:48:19,2014-02-22 00:06:34,18.25
1393026567620000303,20000303,2014-02-21 23:49:27,2014-02-22 00:05:57,16.50
1393026572620000042,20000042,2014-02-21 23:49:32,2014-02-22 00:05:17,15.75
1393026646620000561,20000561,2014-02-21 23:50:46,2014-02-22 00:02:31,11.75
1393026681620000680,20000680,2014-02-21 23:51:21,2014-02-22 00:05:36,14.25
1393026698620000024,20000024,2014-02-21 23:51:38,2014-02-22 00:00:38,9.00
1393026807620000067,20000067,2014-02-21 23:53:27,2014-02-22 00:04:12,10.75
1393026816620000370,20000370,2014-02-21 23:53:36,2014-02-22 00:00:51,7.25
1393026822620000600,20000600,2014-02-21 23:53:42,2014-02-22 00:02:42,9.00
1393026855620000351,20000351,2014-02-21 23:54:15,2014-02-22 00:01:45,7.50
1393026865620000387,20000387,2014-02-21 23:54:25,2014-02-22 00:02:40,8.25
1393026894620000903,20000903,2014-02-21 23:54:54,2014-02-22 00:02:39,7.75
1393026899620000455,20000455,2014-02-21 23:54:59,2014-02-22 00:03:29,8.50
1393026903620000119,20000119,2014-02-21 23:55:03,2014-02-22 00:05:48,10.75
1393026919620000178,20000178,2014-02-21 23:55:19,2014-02-22 00:04:04,8.75
1393026938620000280,20000280,2014-02-21 23:55:38,2014-02-22 00:01:23,5.75
1393026995620000392,20000392,2014-02-21 23:56:35,2014-02-22 00:07:05,10.50
1393027021620000446,20000446,2014-02-21 23:57:01,2014-02-22 00:01:16,4.25
1393027046620000686,20000686,2014-02-21 23:57:26,2014-02-22 00:02:11,4.75
1393027080620000503,20000503,2014-02-21 23:58:00,2014-02-22 00:07:30,9.50
1393027089620000624,20000624,2014-02-21 23:58:09,2014-02-22 00:02:39,4.50
1393027096620000260,20000260,2014-02-21 23:58:16,2014-02-22 00:09:31,11.25
1393027098620000591,20000591,2014-02-21 23:58:18,2014-02-22 00:12:33,14.25
1393027098620000620,20000620,2014-02-21 23:58:18,2014-02-22 00:01:48,3.50
1393027143620000320,20000320,2014-02-21 23:59:03,2014-02-22 00:04:03,5.00
1393027177620000192,20000192,2014-02-21 23:59:37,2014-02-22 00:10:07,10.50
1393027187620000569,20000569,2014-02-21 23:59:47,2014-02-22 00:04:47,5.00
1393027199620000662,20000662,2014-02-21 23:59:59,2014-02-22 00:08:44,8.75
1393061275620000681,20000681,2014-02-22 09:27:55,2014-02-23 01:37:55,970.00
1393112610620000688,20000688,2014-02-22 23:43:30,2014-02-23 00:00:15,16.75
1393112645620000140,20000140,2014-02-22 23:44:05,2014-02-23 00:01:05,17.00
1393112652620000529,20000529,2014-02-22 23:44:12,2014-02-23 00:14:42,30.50
1393112838620000387,20000387,2014-02-22 23:47:18,2014-02-23 00:06:33,19.25
1393112843620000423,20000423,2014-02-22 23:47:23,2014-02-23 00:05:53,18.50
1393112948620000184,20000184,2014-02-22 23:49:08,2014-02-23 00:01:08,12.00
1393112988620000610,20000610,2014-02-22 23:49:48,2014-02-23 00:00:33,10.75
1393113173620000279,20000279,2014-02-22 23:52:53,2014-02-23 00:05:53,13.00
1393113274620000621,20000621,2014-02-22 23:54:34,2014-02-23 00:02:49,8.25
1393113296620000389,20000389,2014-02-22 23:54:56,2014-02-23 00:03:56,9.00
1393113306620000517,20000517,2014-02-22 23:55:06,2014-02-23 00:03:21,8.25
1393113319620000675,20000675,2014-02-22 23:55:19,2014-02-23 00:02:04,6.75
1393113323620000632,20000632,2014-02-22 23:55:23,2014-02-23 00:04:53,9.50
1393113411620000288,20000288,2014-02-22 23:56:51,2014-02-23 00:01:51,5.00
1393113415620000473,20000473,2014-02-22 23:56:55,2014-02-23 00:03:55,7.00
1393113449620000454,20000454,2014-02-22 23:57:29,2014-02-23 00:00:14,2.75
1393113455620000455,20000455,2014-02-22 23:57:35,2014-02-23 00:10:50,13.25
1393113464620000260,20000260,2014-02-22 23:57:44,2014-02-23 00:01:44,4.00
1393113486620000066,20000066,2014-02-22 23:58:06,2014-02-23 00:02:21,4.25
1393113493620000006,20000006,2014-02-22 23:58:13,2014-02-23 00:03:58,5.75
1393113505620000598,20000598,2014-02-22 23:58:25,2014-02-23 00:07:55,9.50
1393113518620000509,20000509,2014-02-22 23:58:38,2014-02-23 00:09:53,11.25
1393113521620000569,20000569,2014-02-22 23:58:41,2014-02-23 00:03:41,5.00
1393113566620000453,20000453,2014-02-22 23:59:26,2014-02-23 00:04:41,5.25
1393113581620000024,20000024,2014-02-22 23:59:41,2014-02-23 00:17:41,18.00
1393196877620000004,20000004,2014-02-23 23:07:57,2014-02-24 00:17:27,69.50
1393198382620000651,20000651,2014-02-23 23:33:02,2014-02-24 00:05:32,32.50
1393198538620000624,20000624,2014-02-23 23:35:38,2014-02-24 00:06:08,30.50
1393199122620000307,20000307,2014-02-23 23:45:22,2014-02-24 00:03:22,18.00
1393199565620000680,20000680,2014-02-23 23:52:45,2014-02-24 00:03:15,10.50
1393199595620000589,20000589,2014-02-23 23:53:15,2014-02-24 00:06:15,13.00
1393199602620000242,20000242,2014-02-23 23:53:22,2014-02-24 00:01:52,8.50
1393199685620000492,20000492,2014-02-23 23:54:45,2014-02-24 00:07:15,12.50
1393199799620000600,20000600,2014-02-23 23:56:39,2014-02-24 00:04:09,7.50
1393199862620000179,20000179,2014-02-23 23:57:42,2014-02-24 00:22:57,25.25
1393199915620000173,20000173,2014-02-23 23:58:35,2014-02-24 00:05:05,6.50
1393199971620000569,20000569,2014-02-23 23:59:31,2014-02-24 00:03:31,4.00
1393284048620000497,20000497,2014-02-24 23:20:48,2014-02-25 00:09:33,48.75
1393285249620000435,20000435,2014-02-24 23:40:49,2014-02-25 00:03:19,22.50
1393285693620000620,20000620,2014-02-24 23:48:13,2014-02-25 00:14:13,26.00
1393285845620000648,20000648,2014-02-24 23:50:45,2014-02-25 00:00:15,9.50
1393285981620000672,20000672,2014-02-24 23:53:01,2014-02-25 00:01:31,8.50
1393286145620000577,20000577,2014-02-24 23:55:45,2014-02-25 00:08:15,12.50
1393286295620000305,20000305,2014-02-24 23:58:15,2014-02-25 00:06:30,8.25
1393286314620000503,20000503,2014-02-24 23:58:34,2014-02-25 00:08:19,9.75
1393286384620000333,20000333,2014-02-24 23:59:44,2014-02-25 00:02:44,3.00
1393286390620000101,20000101,2014-02-24 23:59:50,2014-02-25 00:08:20,8.50
1393369788620000020,20000020,2014-02-25 23:09:48,2014-02-26 00:07:48,58.00
1393370960620000529,20000529,2014-02-25 23:29:20,2014-02-26 00:56:35,87.25
1393371830620000363,20000363,2014-02-25 23:43:50,2014-02-26 00:06:50,23.00
1393372024620000688,20000688,2014-02-25 23:47:04,2014-02-26 00:02:19,15.25
1393372144620000359,20000359,2014-02-25 23:49:04,2014-02-26 00:06:04,17.00
1393372160620000525,20000525,2014-02-25 23:49:20,2014-02-26 00:01:20,12.00
1393372186620000325,20000325,2014-02-25 23:49:46,2014-02-26 00:03:31,13.75
1393372223620000492,20000492,2014-02-25 23:50:23,2014-02-26 00:02:08,11.75
1393372284620000160,20000160,2014-02-25 23:51:24,2014-02-26 00:01:24,10.00
1393372289620000610,20000610,2014-02-25 23:51:29,2014-02-26 00:12:44,21.25
1393372294620000167,20000167,2014-02-25 23:51:34,2014-02-26 00:07:19,15.75
1393372295620000621,20000621,2014-02-25 23:51:35,2014-02-26 00:08:50,17.25
1393372297620000297,20000297,2014-02-25 23:51:37,2014-02-26 00:11:37,20.00
1393372327620000488,20000488,2014-02-25 23:52:07,2014-02-26 00:11:07,19.00
1393372382620000321,20000321,2014-02-25 23:53:02,2014-02-26 00:16:32,23.50
1393372393620000616,20000616,2014-02-25 23:53:13,2014-02-26 00:03:58,10.75
1393372433620000600,20000600,2014-02-25 23:53:53,2014-02-26 00:12:38,18.75
1393372541620000517,20000517,2014-02-25 23:55:41,2014-02-26 00:02:56,7.25
1393372557620000030,20000030,2014-02-25 23:55:57,2014-02-26 00:05:42,9.75
1393372707620000380,20000380,2014-02-25 23:58:27,2014-02-26 00:02:42,4.25
1393453677620000233,20000233,2014-02-26 22:27:57,2014-02-27 00:22:57,115.00
1393457623620000288,20000288,2014-02-26 23:33:43,2014-02-27 00:01:28,27.75
1393457860620000337,20000337,2014-02-26 23:37:40,2014-02-27 00:58:25,80.75
1393458386620000057,20000057,2014-02-26 23:46:26,2014-02-27 00:01:56,15.50
1393458387620000089,20000089,2014-02-26 23:46:27,2014-02-27 00:02:27,16.00
1393458646620000403,20000403,2014-02-26 23:50:46,2014-02-27 00:35:31,44.75
1393458848620000678,20000678,2014-02-26 23:54:08,2014-02-27 00:11:38,17.50
1393458855620000529,20000529,2014-02-26 23:54:15,2014-02-27 00:18:30,24.25
1393458871620000285,20000285,2014-02-26 23:54:31,2014-02-27 00:01:16,6.75
1393458906620000363,20000363,2014-02-26 23:55:06,2014-02-27 00:05:36,10.50
1393458929620000520,20000520,2014-02-26 23:55:29,2014-02-27 00:02:59,7.50
1393458958620000269,20000269,2014-02-26 23:55:58,2014-02-27 00:12:13,16.25
1393459160620000030,20000030,2014-02-26 23:59:20,2014-02-27 00:10:20,11.00
1393544719620000304,20000304,2014-02-27 23:45:19,2014-02-28 00:14:19,29.00
1393544765620000472,20000472,2014-02-27 23:46:05,2014-02-28 00:14:05,28.00
1393544776620000653,20000653,2014-02-27 23:46:16,2014-02-28 00:12:16,26.00
1393544815620000651,20000651,2014-02-27 23:46:55,2014-02-28 00:09:40,22.75
1393544892620000013,20000013,2014-02-27 23:48:12,2014-02-28 00:04:27,16.25
1393544967620000305,20000305,2014-02-27 23:49:27,2014-02-28 00:00:42,11.25
1393545019620000233,20000233,2014-02-27 23:50:19,2014-02-28 00:02:34,12.25
1393545174620000395,20000395,2014-02-27 23:52:54,2014-02-28 00:09:54,17.00
1393545220620000473,20000473,2014-02-27 23:53:40,2014-02-28 00:01:55,8.25
1393545224620000467,20000467,2014-02-27 23:53:44,2014-02-28 00:03:14,9.50
1393545235620000663,20000663,2014-02-27 23:53:55,2014-02-28 00:02:25,8.50
1393545270620000625,20000625,2014-02-27 23:54:30,2014-02-28 00:02:15,7.75
1393545371620000171,20000171,2014-02-27 23:56:11,2014-02-28 00:03:56,7.75
1393545439620000190,20000190,2014-02-27 23:57:19,2014-02-28 00:03:19,6.00
1393545473620000009,20000009,2014-02-27 23:57:53,2014-02-28 00:04:38,6.75
1393545543620000328,20000328,2014-02-27 23:59:03,2014-02-28 00:09:33,10.50
1393630655620000311,20000311,2014-02-28 23:37:35,2014-03-01 00:24:35,47.00
1393630915620000454,20000454,2014-02-28 23:41:55,2014-03-01 00:00:55,19.00
1393631021620000591,20000591,2014-02-28 23:43:41,2014-03-01 00:01:41,18.00
1393631192620000216,20000216,2014-02-28 23:46:32,2014-03-01 00:05:02,18.50
1393631252620000116,20000116,2014-02-28 23:47:32,2014-03-01 00:07:47,20.25
1393631283620000570,20000570,2014-02-28 23:48:03,2014-03-01 00:11:18,23.25
1393631393620000310,20000310,2014-02-28 23:49:53,2014-03-01 00:00:23,10.50
1393631466620000179,20000179,2014-02-28 23:51:06,2014-03-01 00:10:51,19.75
1393631585620000333,20000333,2014-02-28 23:53:05,2014-03-01 00:11:35,18.50
1393631593620000624,20000624,2014-02-28 23:53:13,2014-03-01 00:02:58,9.75
1393631600620000067,20000067,2014-02-28 23:53:20,2014-03-01 00:09:05,15.75
1393631616620000129,20000129,2014-02-28 23:53:36,2014-03-01 00:04:36,11.00
1393631627620000031,20000031,2014-02-28 23:53:47,2014-03-01 00:04:32,10.75
1393631647620000108,20000108,2014-02-28 23:54:07,2014-03-01 00:03:22,9.25
1393631678620000011,20000011,2014-02-28 23:54:38,2014-03-01 00:04:38,10.00
1393631690620000598,20000598,2014-02-28 23:54:50,2014-03-01 00:19:35,24.75
1393631713620000005,20000005,2014-02-28 23:55:13,2014-03-01 00:06:43,11.50
1393631743620000657,20000657,2014-02-28 23:55:43,2014-03-01 00:07:28,11.75
1393631764620000472,20000472,2014-02-28 23:56:04,2014-03-01 00:01:34,5.50
1393631770620000509,20000509,2014-02-28 23:56:10,2014-03-01 00:00:40,4.50
1393631796620000450,20000450,2014-02-28 23:56:36,2014-03-01 00:05:06,8.50
1393631797620000188,20000188,2014-02-28 23:56:37,2014-03-01 00:02:52,6.25
1393631847620000561,20000561,2014-02-28 23:57:27,2014-03-01 00:10:12,12.75
1393631865620000085,20000085,2014-02-28 23:57:45,2014-03-01 00:20:00,22.25
1393631890620000004,20000004,2014-02-28 23:58:10,2014-03-01 00:04:40,6.50
1393631897620000022,20000022,2014-02-28 23:58:17,2014-03-01 00:22:02,23.75
1393631916620000540,20000540,2014-02-28 23:58:36,2014-03-01 00:07:21,8.75
1393631919620000328,20000328,2014-02-28 23:58:39,2014-03-01 00:04:39,6.00
1393631943620000012,20000012,2014-02-28 23:59:03,2014-03-01 00:10:03,11.00
1393631995620000620,20000620,2014-02-28 23:59:55,2014-03-01 00:18:40,18.75
1393716453620000395,20000395,2014-03-01 23:27:33,2014-03-02 00:42:03,74.50
1393716751620000074,20000074,2014-03-01 23:32:31,2014-03-02 00:03:16,30.75
1393717304620000190,20000190,2014-03-01 23:41:44,2014-03-02 01:05:29,83.75
1393717624620000620,20000620,2014-03-01 23:47:04,2014-03-02 00:00:19,13.25
1393717751620000333,20000333,2014-03-01 23:49:11,2014-03-02 00:01:11,12.00
1393717802620000081,20000081,2014-03-01 23:50:02,2014-03-02 00:06:47,16.75
1393717816620000591,20000591,2014-03-01 23:50:16,2014-03-02 00:24:31,34.25
1393717844620000337,20000337,2014-03-01 23:50:44,2014-03-02 00:00:14,9.50
1393717852620000356,20000356,2014-03-01 23:50:52,2014-03-02 00:02:22,11.50
1393717887620000105,20000105,2014-03-01 23:51:27,2014-03-02 00:01:42,10.25
1393717964620000618,20000618,2014-03-01 23:52:44,2014-03-02 00:00:14,7.50
1393717986620000251,20000251,2014-03-01 23:53:06,2014-03-02 00:01:51,8.75
1393717996620000004,20000004,2014-03-01 23:53:16,2014-03-02 00:04:01,10.75
1393717999620000542,20000542,2014-03-01 23:53:19,2014-03-02 00:01:49,8.50
1393718036620000597,20000597,2014-03-01 23:53:56,2014-03-02 00:30:11,36.25
1393718050620000157,20000157,2014-03-01 23:54:10,2014-03-02 00:08:25,14.25
1393718070620000192,20000192,2014-03-01 23:54:30,2014-03-02 00:12:30,18.00
1393718081620000051,20000051,2014-03-01 23:54:41,2014-03-02 00:03:56,9.25
1393718088620000453,20000453,2014-03-01 23:54:48,2014-03-02 00:19:33,24.75
1393718156620000554,20000554,2014-03-01 23:55:56,2014-03-02 00:05:11,9.25
1393718162620000045,20000045,2014-03-01 23:56:02,2014-03-02 00:02:32,6.50
1393718162620000546,20000546,2014-03-01 23:56:02,2014-03-02 00:11:32,15.50
1393718170620000904,20000904,2014-03-01 23:56:10,2014-03-02 00:01:55,5.75
1393718214620000359,20000359,2014-03-01 23:56:54,2014-03-02 00:03:39,6.75
1393718220620000695,20000695,2014-03-01 23:57:00,2014-03-02 00:05:15,8.25
1393718233620000067,20000067,2014-03-01 23:57:13,2014-03-02 00:03:13,6.00
1393718273620000488,20000488,2014-03-01 23:57:53,2014-03-02 00:00:53,3.00
1393718291620000370,20000370,2014-03-01 23:58:11,2014-03-02 00:07:11,9.00
1393718313620000624,20000624,2014-03-01 23:58:33,2014-03-02 00:07:03,8.50
1393718317620000321,20000321,2014-03-01 23:58:37,2014-03-02 00:04:52,6.25
1393718335620000372,20000372,2014-03-01 23:58:55,2014-03-02 00:13:10,14.25
1393718343620000520,20000520,2014-03-01 23:59:03,2014-03-02 00:14:18,15.25
1393718351620000196,20000196,2014-03-01 23:59:11,2014-03-02 00:06:26,7.25
1393718351620000260,20000260,2014-03-01 23:59:11,2014-03-02 00:02:11,3.00
1393718377620000108,20000108,2014-03-01 23:59:37,2014-03-02 00:07:07,7.50
1393718389620000403,20000403,2014-03-01 23:59:49,2014-03-02 00:07:34,7.75
1393718395620000309,20000309,2014-03-01 23:59:55,2014-03-02 00:03:40,3.75
1393802626620000621,20000621,2014-03-02 23:23:46,2014-03-03 00:44:31,80.75
1393802985620000129,20000129,2014-03-02 23:29:45,2014-03-03 00:02:45,33.00
1393803620620000057,20000057,2014-03-02 23:40:20,2014-03-03 00:03:20,23.00
1393803868620000570,20000570,2014-03-02 23:44:28,2014-03-03 00:03:13,18.75
1393804204620000154,20000154,2014-03-02 23:50:04,2014-03-03 00:01:34,11.50
1393804654620000007,20000007,2014-03-02 23:57:34,2014-03-03 00:10:04,12.50
1393804666620000119,20000119,2014-03-02 23:57:46,2014-03-03 00:04:01,6.25
1393804672620000525,20000525,2014-03-02 23:57:52,2014-03-03 00:05:22,7.50
1393804680620000008,20000008,2014-03-02 23:58:00,2014-03-03 00:11:45,13.75
1393804701620000610,20000610,2014-03-02 23:58:21,2014-03-03 00:15:06,16.75
1393804788620000473,20000473,2014-03-02 23:59:48,2014-03-03 00:50:48,51.00
1393888710620000446,20000446,2014-03-03 23:18:30,2014-03-04 00:20:45,62.25
1393890318620000497,20000497,2014-03-03 23:45:18,2014-03-04 00:18:03,32.75
1393890377620000167,20000167,2014-03-03 23:46:17,2014-03-04 00:03:17,17.00
1393890726620000120,20000120,2014-03-03 23:52:06,2014-03-04 00:06:51,14.75
1393890727620000184,20000184,2014-03-03 23:52:07,2014-03-04 00:01:07,9.00
1393890767620000178,20000178,2014-03-03 23:52:47,2014-03-04 00:04:32,11.75
1393890831620000239,20000239,2014-03-03 23:53:51,2014-03-04 00:07:51,14.00
1393890880620000451,20000451,2014-03-03 23:54:40,2014-03-04 00:09:10,14.50
1393890922620000067,20000067,2014-03-03 23:55:22,2014-03-04 00:06:52,11.50
1393891011620000269,20000269,2014-03-03 23:56:51,2014-03-04 00:08:21,11.50
1393891047620000173,20000173,2014-03-03 23:57:27,2014-03-04 00:04:12,6.75
1393891071620000610,20000610,2014-03-03 23:57:51,2014-03-04 00:14:51,17.00
1393891081620000619,20000619,2014-03-03 23:58:01,2014-03-04 00:11:16,13.25
1393891113620000649,20000649,2014-03-03 23:58:33,2014-03-04 00:06:03,7.50
1393891182620000268,20000268,2014-03-03 23:59:42,2014-03-04 00:10:42,11.00
1393891196620000119,20000119,2014-03-03 23:59:56,2014-03-04 00:13:56,14.00
1393976402620000598,20000598,2014-03-04 23:40:02,2014-03-05 00:07:47,27.75
1393977307620000303,20000303,2014-03-04 23:55:07,2014-03-05 00:04:07,9.00
1393977318620000403,20000403,2014-03-04 23:55:18,2014-03-05 00:00:03,4.75
1393977363620000454,20000454,2014-03-04 23:56:03,2014-03-05 00:02:18,6.25
1393977384620000570,20000570,2014-03-04 23:56:24,2014-03-05 00:03:09,6.75
1393977401620000171,20000171,2014-03-04 23:56:41,2014-03-05 00:06:41,10.00
1393977403620000345,20000345,2014-03-04 23:56:43,2014-03-05 00:23:13,26.50
1393977408620000003,20000003,2014-03-04 23:56:48,2014-03-05 00:16:33,19.75
1393977456620000446,20000446,2014-03-04 23:57:36,2014-03-05 00:09:36,12.00
1393977576620000045,20000045,2014-03-04 23:59:36,2014-03-05 00:03:51,4.25
1393977583620000066,20000066,2014-03-04 23:59:43,2014-03-05 00:01:58,2.25
1394058938620000009,20000009,2014-03-05 22:35:38,2014-03-06 00:01:38,86.00
1394061113620000904,20000904,2014-03-05 23:11:53,2014-03-06 00:11:38,59.75
1394061247620000574,20000574,2014-03-05 23:14:07,2014-03-06 00:04:07,50.00
1394062653620000662,20000662,2014-03-05 23:37:33,2014-03-06 00:00:03,22.50
1394062978620000598,20000598,2014-03-05 23:42:58,2014-03-06 00:05:28,22.50
1394063021620000304,20000304,2014-03-05 23:43:41,2014-03-06 00:01:11,17.50
1394063514620000363,20000363,2014-03-05 23:51:54,2014-03-06 00:00:39,8.75
1394063629620000161,20000161,2014-03-05 23:53:49,2014-03-06 00:04:19,10.50
1394063633620000424,20000424,2014-03-05 23:53:53,2014-03-06 00:04:53,11.00
1394063717620000430,20000430,2014-03-05 23:55:17,2014-03-06 00:08:17,13.00
1394063786620000610,20000610,2014-03-05 23:56:26,2014-03-06 00:13:41,17.25
1394063818620000008,20000008,2014-03-05 23:56:58,2014-03-06 00:03:58,7.00
1394063836620000435,20000435,2014-03-05 23:57:16,2014-03-06 00:25:01,27.75
1394063850620000333,20000333,2014-03-05 23:57:30,2014-03-06 00:10:00,12.50
1394063930620000233,20000233,2014-03-05 23:58:50,2014-03-06 00:01:05,2.25
1394063956620000529,20000529,2014-03-05 23:59:16,2014-03-06 00:13:31,14.25
1394063962620000179,20000179,2014-03-05 23:59:22,2014-03-06 00:14:37,15.25
1394063983620000657,20000657,2014-03-05 23:59:43,2014-03-06 00:10:13,10.50
1394063989620000436,20000436,2014-03-05 23:59:49,2014-03-06 00:08:34,8.75
1394144132620000305,20000305,2014-03-06 22:15:32,2014-03-07 00:02:47,107.25
1394145837620000692,20000692,2014-03-06 22:43:57,2014-03-07 01:17:27,153.50
1394147640620000446,20000446,2014-03-06 23:14:00,2014-03-07 00:08:45,54.75
1394149713620000626,20000626,2014-03-06 23:48:33,2014-03-07 00:02:03,13.50
1394149917620000337,20000337,2014-03-06 23:51:57,2014-03-07 00:01:57,10.00
1394149989620000600,20000600,2014-03-06 23:53:09,2014-03-07 00:10:39,17.50
1394150034620000356,20000356,2014-03-06 23:53:54,2014-03-07 00:01:24,7.50
1394150035620000574,20000574,2014-03-06 23:53:55,2014-03-07 00:11:25,17.50
1394150068620000006,20000006,2014-03-06 23:54:28,2014-03-07 00:05:58,11.50
1394150095620000487,20000487,2014-03-06 23:54:55,2014-03-07 00:00:10,5.25
1394150252620000486,20000486,2014-03-06 23:57:32,2014-03-07 00:07:47,10.25
1394150269620000364,20000364,2014-03-06 23:57:49,2014-03-07 00:02:49,5.00
1394150288620000308,20000308,2014-03-06 23:58:08,2014-03-07 00:00:23,2.25
1394232261620000009,20000009,2014-03-07 22:44:21,2014-03-08 00:06:06,81.75
1394236037620000004,20000004,2014-03-07 23:47:17,2014-03-08 00:07:47,20.50
1394236084620000351,20000351,2014-03-07 23:48:04,2014-03-08 00:03:19,15.25
1394236108620000233,20000233,2014-03-07 23:48:28,2014-03-08 00:02:13,13.75
1394236275620000010,20000010,2014-03-07 23:51:15,2014-03-08 00:01:45,10.50
1394236278620000904,20000904,2014-03-07 23:51:18,2014-03-08 00:00:18,9.00
1394236300620000363,20000363,2014-03-07 23:51:40,2014-03-08 00:03:25,11.75
1394236383620000188,20000188,2014-03-07 23:53:03,2014-03-08 00:03:48,10.75
1394236396620000307,20000307,2014-03-07 23:53:16,2014-03-08 00:04:01,10.75
1394236410620000343,20000343,2014-03-07 23:53:30,2014-03-08 00:06:15,12.75
1394236441620000651,20000651,2014-03-07 23:54:01,2014-03-08 00:10:31,16.50
1394236450620000419,20000419,2014-03-07 23:54:10,2014-03-08 00:02:40,8.50
1394236464620000588,20000588,2014-03-07 23:54:24,2014-03-08 00:06:39,12.25
1394236473620000231,20000231,2014-03-07 23:54:33,2014-03-08 00:09:48,15.25
1394236473620000901,20000901,2014-03-07 23:54:33,2014-03-08 00:09:48,15.25
1394236486620000054,20000054,2014-03-07 23:54:46,2014-03-08 00:02:01,7.25
1394236494620000116,20000116,2014-03-07 23:54:54,2014-03-08 00:03:39,8.75
1394236496620000285,20000285,2014-03-07 23:54:56,2014-03-08 00:02:26,7.50
1394236620620000482,20000482,2014-03-07 23:57:00,2014-03-08 00:01:15,4.25
1394236635620000620,20000620,2014-03-07 23:57:15,2014-03-08 00:17:30,20.25
1394236693620000309,20000309,2014-03-07 23:58:13,2014-03-08 00:06:43,8.50
1394236791620000108,20000108,2014-03-07 23:59:51,2014-03-08 00:08:36,8.75
1394321709620000119,20000119,2014-03-08 23:35:09,2014-03-09 00:02:39,27.50
1394322037620000450,20000450,2014-03-08 23:40:37,2014-03-09 00:10:37,30.00
1394322313620000345,20000345,2014-03-08 23:45:13,2014-03-09 00:18:13,33.00
1394322335620000554,20000554,2014-03-08 23:45:35,2014-03-09 00:01:05,15.50
1394322341620000058,20000058,2014-03-08 23:45:41,2014-03-09 00:10:11,24.50
1394322360620000057,20000057,2014-03-08 23:46:00,2014-03-09 00:12:15,26.25
1394322475620000239,20000239,2014-03-08 23:47:55,2014-03-09 00:00:40,12.75
1394322478620000160,20000160,2014-03-08 23:47:58,2014-03-09 00:05:58,18.00
1394322638620000280,20000280,2014-03-08 23:50:38,2014-03-09 00:00:08,9.50
1394322658620000455,20000455,2014-03-08 23:50:58,2014-03-09 00:01:28,10.50
1394322660620000514,20000514,2014-03-08 23:51:00,2014-03-09 00:02:45,11.75
1394322734620000015,20000015,2014-03-08 23:52:14,2014-03-09 00:03:14,11.00
1394322792620000288,20000288,2014-03-08 23:53:12,2014-03-09 00:25:12,32.00
1394322820620000653,20000653,2014-03-08 23:53:40,2014-03-09 00:08:40,15.00
1394322829620000161,20000161,2014-03-08 23:53:49,2014-03-09 00:04:49,11.00
1394322838620000625,20000625,2014-03-08 23:53:58,2014-03-09 00:00:13,6.25
1394322877620000576,20000576,2014-03-08 23:54:37,2014-03-09 00:04:22,9.75
1394322884620000436,20000436,2014-03-08 23:54:44,2014-03-09 00:16:29,21.75
1394322888620000561,20000561,2014-03-08 23:54:48,2014-03-09 00:07:03,12.25
1394322891620000662,20000662,2014-03-08 23:54:51,2014-03-09 00:04:36,9.75
1394322899620000503,20000503,2014-03-08 23:54:59,2014-03-09 00:10:29,15.50
1394322949620000482,20000482,2014-03-08 23:55:49,2014-03-09 00:03:49,8.00
1394322957620000089,20000089,2014-03-08 23:55:57,2014-03-09 00:01:27,5.50
1394323018620000403,20000403,2014-03-08 23:56:58,2014-03-09 00:08:58,12.00
1394323024620000353,20000353,2014-03-08 23:57:04,2014-03-09 00:08:49,11.75
1394323046620000054,20000054,2014-03-08 23:57:26,2014-03-09 00:05:26,8.00
1394323049620000591,20000591,2014-03-08 23:57:29,2014-03-09 00:01:29,4.00
1394323052620000333,20000333,2014-03-08 23:57:32,2014-03-09 00:17:32,20.00
1394323066620000105,20000105,2014-03-08 23:57:46,2014-03-09 00:07:16,9.50
1394323102620000031,20000031,2014-03-08 23:58:22,2014-03-09 00:11:37,13.25
1394323104620000589,20000589,2014-03-08 23:58:24,2014-03-09 00:04:24,6.00
1394323118620000423,20000423,2014-03-08 23:58:38,2014-03-09 00:12:53,14.25
1394323122620000467,20000467,2014-03-08 23:58:42,2014-03-09 00:09:42,11.00
1394323151620000518,20000518,2014-03-08 23:59:11,2014-03-09 00:10:11,11.00
1394323155620000612,20000612,2014-03-08 23:59:15,2014-03-09 00:10:00,10.75
1394323159620000640,20000640,2014-03-08 23:59:19,2014-03-09 00:00:19,1.00
1394323189620000304,20000304,2014-03-08 23:59:49,2014-03-09 00:21:49,22.00
1394404926620000009,20000009,2014-03-09 22:42:06,2014-03-10 00:51:06,129.00
1394409070620000653,20000653,2014-03-09 23:51:10,2014-03-10 00:02:25,11.25
1394409102620000574,20000574,2014-03-09 23:51:42,2014-03-10 00:42:42,51.00
1394409164620000196,20000196,2014-03-09 23:52:44,2014-03-10 00:00:29,7.75
1394409166620000617,20000617,2014-03-09 23:52:46,2014-03-10 00:05:01,12.25
1394409190620000688,20000688,2014-03-09 23:53:10,2014-03-10 00:01:25,8.25
1394409242620000554,20000554,2014-03-09 23:54:02,2014-03-10 00:12:02,18.00
1394409406620000476,20000476,2014-03-09 23:56:46,2014-03-10 00:02:16,5.50
1394409410620000589,20000589,2014-03-09 23:56:50,2014-03-10 00:05:35,8.75
1394493799620000252,20000252,2014-03-10 23:23:19,2014-03-11 00:24:34,61.25
1394495450620000612,20000612,2014-03-10 23:50:50,2014-03-11 00:00:50,10.00
1394495521620000488,20000488,2014-03-10 23:52:01,2014-03-11 00:02:31,10.50
1394495673620000648,20000648,2014-03-10 23:54:33,2014-03-11 00:06:33,12.00
1394495695620000672,20000672,2014-03-10 23:54:55,2014-03-11 00:07:55,13.00
1394495783620000359,20000359,2014-03-10 23:56:23,2014-03-11 00:03:53,7.50
1394495794620000529,20000529,2014-03-10 23:56:34,2014-03-11 00:14:04,17.50
1394495795620000012,20000012,2014-03-10 23:56:35,2014-03-11 00:10:35,14.00
1394495804620000509,20000509,2014-03-10 23:56:44,2014-03-11 00:00:44,4.00
1394495807620000574,20000574,2014-03-10 23:56:47,2014-03-11 00:13:47,17.00
1394495824620000197,20000197,2014-03-10 23:57:04,2014-03-11 00:01:19,4.25
1394578156620000009,20000009,2014-03-11 22:49:16,2014-03-12 00:15:16,86.00
1394580173620000360,20000360,2014-03-11 23:22:53,2014-03-12 00:01:38,38.75
1394581069620000497,20000497,2014-03-11 23:37:49,2014-03-12 00:21:04,43.25
1394581583620000387,20000387,2014-03-11 23:46:23,2014-03-12 00:01:08,14.75
1394581683620000486,20000486,2014-03-11 23:48:03,2014-03-12 00:28:33,40.50
1394581753620000216,20000216,2014-03-11 23:49:13,2014-03-12 00:01:58,12.75
1394581755620000372,20000372,2014-03-11 23:49:15,2014-03-12 00:04:45,15.50
1394581774620000031,20000031,2014-03-11 23:49:34,2014-03-12 00:01:34,12.00
1394581847620000268,20000268,2014-03-11 23:50:47,2014-03-12 00:00:02,9.25
1394581954620000332,20000332,2014-03-11 23:52:34,2014-03-12 00:19:34,27.00
1394581989620000066,20000066,2014-03-11 23:53:09,2014-03-12 00:12:09,19.00
1394582048620000304,20000304,2014-03-11 23:54:08,2014-03-12 00:08:53,14.75
1394582062620000192,20000192,2014-03-11 23:54:22,2014-03-12 00:00:37,6.25
1394582064620000610,20000610,2014-03-11 23:54:24,2014-03-12 00:01:54,7.50
1394582078620000621,20000621,2014-03-11 23:54:38,2014-03-12 00:03:08,8.50
1394582192620000004,20000004,2014-03-11 23:56:32,2014-03-12 00:02:47,6.25
1394582199620000345,20000345,2014-03-11 23:56:39,2014-03-12 00:01:54,5.25
1394582227620000632,20000632,2014-03-11 23:57:07,2014-03-12 00:03:37,6.50
1394582249620000653,20000653,2014-03-11 23:57:29,2014-03-12 00:24:29,27.00
1394582304620000467,20000467,2014-03-11 23:58:24,2014-03-12 00:06:39,8.25
1394582323620000010,20000010,2014-03-11 23:58:43,2014-03-12 00:06:43,8.00
1394582345620000525,20000525,2014-03-11 23:59:05,2014-03-12 00:02:50,3.75
1394664387620000009,20000009,2014-03-12 22:46:27,2014-03-13 00:00:27,74.00
1394667442620000574,20000574,2014-03-12 23:37:22,2014-03-13 00:02:07,24.75
1394667594620000042,20000042,2014-03-12 23:39:54,2014-03-13 00:18:54,39.00
1394667598620000423,20000423,2014-03-12 23:39:58,2014-03-13 00:17:28,37.50
1394667926620000688,20000688,2014-03-12 23:45:26,2014-03-13 00:02:11,16.75
1394668087620000309,20000309,2014-03-12 23:48:07,2014-03-13 00:01:37,13.50
1394668088620000297,20000297,2014-03-12 23:48:08,2014-03-13 00:04:08,16.00
1394668181620000345,20000345,2014-03-12 23:49:41,2014-03-13 00:01:11,11.50
1394668259620000233,20000233,2014-03-12 23:50:59,2014-03-13 00:03:44,12.75
1394668394620000007,20000007,2014-03-12 23:53:14,2014-03-13 00:02:44,9.50
1394668466620000586,20000586,2014-03-12 23:54:26,2014-03-13 00:00:56,6.50
1394668472620000307,20000307,2014-03-12 23:54:32,2014-03-13 00:07:32,13.00
1394668491620000529,20000529,2014-03-12 23:54:51,2014-03-13 00:03:21,8.50
1394668498620000409,20000409,2014-03-12 23:54:58,2014-03-13 00:03:58,9.00
1394668552620000112,20000112,2014-03-12 23:55:52,2014-03-13 00:06:22,10.50
1394668694620000472,20000472,2014-03-12 23:58:14,2014-03-13 00:08:29,10.25
1394668703620000621,20000621,2014-03-12 23:58:23,2014-03-13 00:04:23,6.00
1394668707620000648,20000648,2014-03-12 23:58:27,2014-03-13 00:02:12,3.75
1394668709620000388,20000388,2014-03-12 23:58:29,2014-03-13 00:03:44,5.25
1394668731620000120,20000120,2014-03-12 23:58:51,2014-03-13 00:09:36,10.75
1394668737620000101,20000101,2014-03-12 23:58:57,2014-03-13 00:09:12,10.25
1394668789620000324,20000324,2014-03-12 23:59:49,2014-03-13 00:35:49,36.00
1394753912620000472,20000472,2014-03-13 23:38:32,2014-03-14 00:09:47,31.25
1394754306620000171,20000171,2014-03-13 23:45:06,2014-03-14 00:12:21,27.25
1394754809620000347,20000347,2014-03-13 23:53:29,2014-03-14 00:04:29,11.00
1394754863620000364,20000364,2014-03-13 23:54:23,2014-03-14 00:03:08,8.75
1394754881620000015,20000015,2014-03-13 23:54:41,2014-03-14 00:16:41,22.00
1394754900620000625,20000625,2014-03-13 23:55:00,2014-03-14 00:01:30,6.50
1394754923620000101,20000101,2014-03-13 23:55:23,2014-03-14 00:01:23,6.00
1394754927620000542,20000542,2014-03-13 23:55:27,2014-03-14 00:05:27,10.00
1394754935620000662,20000662,2014-03-13 23:55:35,2014-03-14 00:09:05,13.50
1394754945620000179,20000179,2014-03-13 23:55:45,2014-03-14 00:18:45,23.00
1394755047620000307,20000307,2014-03-13 23:57:27,2014-03-14 00:04:57,7.50
1394755049620000006,20000006,2014-03-13 23:57:29,2014-03-14 00:11:44,14.25
1394755173620000252,20000252,2014-03-13 23:59:33,2014-03-14 00:14:33,15.00
1394837271620000338,20000338,2014-03-14 22:47:51,2014-03-15 00:08:36,80.75
1394840387620000129,20000129,2014-03-14 23:39:47,2014-03-15 00:04:47,25.00
1394840662620000233,20000233,2014-03-14 23:44:22,2014-03-15 00:14:22,30.00
1394840690620000111,20000111,2014-03-14 23:44:50,2014-03-15 00:30:35,45.75
1394840850620000529,20000529,2014-03-14 23:47:30,2014-03-15 00:04:30,17.00
1394840967620000105,20000105,2014-03-14 23:49:27,2014-03-15 00:08:42,19.25
1394841003620000321,20000321,2014-03-14 23:50:03,2014-03-15 00:05:03,15.00
1394841080620000178,20000178,2014-03-14 23:51:20,2014-03-15 00:00:05,8.75
1394841080620000692,20000692,2014-03-14 23:51:20,2014-03-15 00:04:20,13.00
1394841111620000190,20000190,2014-03-14 23:51:51,2014-03-15 00:25:21,33.50
1394841122620000356,20000356,2014-03-14 23:52:02,2014-03-15 00:02:32,10.50
1394841155620000372,20000372,2014-03-14 23:52:35,2014-03-15 00:03:20,10.75
1394841188620000520,20000520,2014-03-14 23:53:08,2014-03-15 00:02:23,9.25
1394841226620000588,20000588,2014-03-14 23:53:46,2014-03-15 00:02:16,8.50
1394841307620000260,20000260,2014-03-14 23:55:07,2014-03-15 00:08:52,13.75
1394841308620000092,20000092,2014-03-14 23:55:08,2014-03-15 00:03:53,8.75
1394841315620000574,20000574,2014-03-14 23:55:15,2014-03-15 00:02:45,7.50
1394841352620000042,20000042,2014-03-14 23:55:52,2014-03-15 00:06:07,10.25
1394841395620000554,20000554,2014-03-14 23:56:35,2014-03-15 00:07:05,10.50
1394841420620000333,20000333,2014-03-14 23:57:00,2014-03-15 00:03:30,6.50
1394841456620000488,20000488,2014-03-14 23:57:36,2014-03-15 00:04:51,7.25
1394841488620000030,20000030,2014-03-14 23:58:08,2014-03-15 00:08:53,10.75
1394841511620000364,20000364,2014-03-14 23:58:31,2014-03-15 00:22:46,24.25
1394841528620000904,20000904,2014-03-14 23:58:48,2014-03-15 00:08:18,9.50
1394841534620000154,20000154,2014-03-14 23:58:54,2014-03-15 00:09:39,10.75
1394841549620000011,20000011,2014-03-14 23:59:09,2014-03-15 00:34:24,35.25
1394841563620000435,20000435,2014-03-14 23:59:23,2014-03-15 00:02:23,3.00
1394841583620000476,20000476,2014-03-14 23:59:43,2014-03-15 00:05:28,5.75
1394841598620000160,20000160,2014-03-14 23:59:58,2014-03-15 00:11:58,12.00
1394923527620000009,20000009,2014-03-15 22:45:27,2014-03-16 00:47:27,122.00
1394926208620000617,20000617,2014-03-15 23:30:08,2014-03-16 00:03:23,33.25
1394926926620000601,20000601,2014-03-15 23:42:06,2014-03-16 00:11:21,29.25
1394927243620000434,20000434,2014-03-15 23:47:23,2014-03-16 00:04:08,16.75
1394927327620000004,20000004,2014-03-15 23:48:47,2014-03-16 00:01:02,12.25
1394927346620000453,20000453,2014-03-15 23:49:06,2014-03-16 00:00:21,11.25
1394927470620000467,20000467,2014-03-15 23:51:10,2014-03-16 00:01:55,10.75
1394927514620000473,20000473,2014-03-15 23:51:54,2014-03-16 00:00:39,8.75
1394927575620000554,20000554,2014-03-15 23:52:55,2014-03-16 00:07:40,14.75
1394927591620000231,20000231,2014-03-15 23:53:11,2014-03-16 00:00:26,7.25
1394927593620000337,20000337,2014-03-15 23:53:13,2014-03-16 00:20:43,27.50
1394927630620000370,20000370,2014-03-15 23:53:50,2014-03-16 00:03:50,10.00
1394927641620000518,20000518,2014-03-15 23:54:01,2014-03-16 00:03:16,9.25
1394927684620000269,20000269,2014-03-15 23:54:44,2014-03-16 00:06:29,11.75
1394927724620000216,20000216,2014-03-15 23:55:24,2014-03-16 00:00:24,5.00
1394927742620000435,20000435,2014-03-15 23:55:42,2014-03-16 00:09:12,13.50
1394927751620000653,20000653,2014-03-15 23:55:51,2014-03-16 00:02:51,7.00
1394927793620000450,20000450,2014-03-15 23:56:33,2014-03-16 00:06:48,10.25
1394927837620000424,20000424,2014-03-15 23:57:17,2014-03-16 00:07:17,10.00
1394927914620000621,20000621,2014-03-15 23:58:34,2014-03-16 00:09:49,11.25
1394927925620000042,20000042,2014-03-15 23:58:45,2014-03-16 00:07:00,8.25
1394927954620000092,20000092,2014-03-15 23:59:14,2014-03-16 00:04:14,5.00
1394927979620000288,20000288,2014-03-15 23:59:39,2014-03-16 00:26:09,26.50
1394927984620000540,20000540,2014-03-15 23:59:44,2014-03-16 00:07:59,8.25
1395012663620000574,20000574,2014-03-16 23:31:03,2014-03-17 00:55:18,84.25
1395013855620000456,20000456,2014-03-16 23:50:55,2014-03-17 00:02:25,11.50
1395014058620000004,20000004,2014-03-16 23:54:18,2014-03-17 00:07:03,12.75
1395014118620000621,20000621,2014-03-16 23:55:18,2014-03-17 00:00:18,5.00
1395014130620000672,20000672,2014-03-16 23:55:30,2014-03-17 00:06:30,11.00
1395014169620000129,20000129,2014-03-16 23:56:09,2014-03-17 00:06:09,10.00
1395014173620000195,20000195,2014-03-16 23:56:13,2014-03-17 00:09:43,13.50
1395014303620000662,20000662,2014-03-16 23:58:23,2014-03-17 00:13:08,14.75
1395014326620000201,20000201,2014-03-16 23:58:46,2014-03-17 00:10:46,12.00
1395014366620000197,20000197,2014-03-16 23:59:26,2014-03-17 00:13:11,13.75
1395014393620000640,20000640,2014-03-16 23:59:53,2014-03-17 00:19:23,19.50
1395081407620000904,20000904,2014-03-17 18:36:47,2014-03-18 06:01:17,684.50
1395100012620000263,20000263,2014-03-17 23:46:52,2014-03-18 00:01:07,14.25
1395100379620000434,20000434,2014-03-17 23:52:59,2014-03-18 00:02:59,10.00
1395100419620000626,20000626,2014-03-17 23:53:39,2014-03-18 00:02:09,8.50
1395100428620000367,20000367,2014-03-17 23:53:48,2014-03-18 00:02:03,8.25
1395100617620000529,20000529,2014-03-17 23:56:57,2014-03-18 00:00:57,4.00
1395100620620000424,20000424,2014-03-17 23:57:00,2014-03-18 00:11:30,14.50
1395100671620000640,20000640,2014-03-17 23:57:51,2014-03-18 00:01:51,4.00
1395100726620000540,20000540,2014-03-17 23:58:46,2014-03-18 00:04:46,6.00
1395184515620000036,20000036,2014-03-18 23:15:15,2014-03-19 00:23:15,68.00
1395185215620000338,20000338,2014-03-18 23:26:55,2014-03-19 01:06:55,100.00
1395186362620000321,20000321,2014-03-18 23:46:02,2014-03-19 00:01:32,15.50
1395186372620000263,20000263,2014-03-18 23:46:12,2014-03-19 00:02:27,16.25
1395186548620000577,20000577,2014-03-18 23:49:08,2014-03-19 00:08:23,19.25
1395186693620000455,20000455,2014-03-18 23:51:33,2014-03-19 00:03:18,11.75
1395186705620000671,20000671,2014-03-18 23:51:45,2014-03-19 00:21:45,30.00
1395186719620000472,20000472,2014-03-18 23:51:59,2014-03-19 00:02:44,10.75
1395186720620000540,20000540,2014-03-18 23:52:00,2014-03-19 00:03:15,11.25
1395186722620000360,20000360,2014-03-18 23:52:02,2014-03-19 00:17:32,25.50
1395186920620000392,20000392,2014-03-18 23:55:20,2014-03-19 00:06:35,11.25
1395186926620000328,20000328,2014-03-18 23:55:26,2014-03-19 00:00:41,5.25
1395186961620000351,20000351,2014-03-18 23:56:01,2014-03-19 00:03:16,7.25
1395186999620000060,20000060,2014-03-18 23:56:39,2014-03-19 00:11:24,14.75
1395187015620000467,20000467,2014-03-18 23:56:55,2014-03-19 00:10:10,13.25
1395187046620000600,20000600,2014-03-18 23:57:26,2014-03-19 00:01:41,4.25
1395187068620000520,20000520,2014-03-18 23:57:48,2014-03-19 00:04:48,7.00
1395187189620000395,20000395,2014-03-18 23:59:49,2014-03-19 00:11:49,12.00
1395269471620000009,20000009,2014-03-19 22:51:11,2014-03-20 00:20:26,89.25
1395272899620000089,20000089,2014-03-19 23:48:19,2014-03-20 00:01:34,13.25
1395273243620000338,20000338,2014-03-19 23:54:03,2014-03-20 00:00:18,6.25
1395273302620000006,20000006,2014-03-19 23:55:02,2014-03-20 00:05:47,10.75
1395273332620000625,20000625,2014-03-19 23:55:32,2014-03-20 00:03:02,7.50
1395273350620000192,20000192,2014-03-19 23:55:50,2014-03-20 00:04:20,8.50
1395273439620000295,20000295,2014-03-19 23:57:19,2014-03-20 00:02:34,5.25
1395273457620000446,20000446,2014-03-19 23:57:37,2014-03-20 00:10:22,12.75
1395273464620000370,20000370,2014-03-19 23:57:44,2014-03-20 00:06:14,8.50
1395273477620000012,20000012,2014-03-19 23:57:57,2014-03-20 00:06:57,9.00
1395273490620000304,20000304,2014-03-19 23:58:10,2014-03-20 00:15:25,17.25
1395273509620000057,20000057,2014-03-19 23:58:29,2014-03-20 00:16:44,18.25
1395273585620000080,20000080,2014-03-19 23:59:45,2014-03-20 00:00:00,0.25
1395357969620000305,20000305,2014-03-20 23:26:09,2014-03-21 00:05:09,39.00
1395359108620000334,20000334,2014-03-20 23:45:08,2014-03-21 00:03:08,18.00
1395359143620000007,20000007,2014-03-20 23:45:43,2014-03-21 01:15:43,90.00
1395359250620000409,20000409,2014-03-20 23:47:30,2014-03-21 00:06:30,19.00
1395359299620000004,20000004,2014-03-20 23:48:19,2014-03-21 00:00:19,12.00
1395359610620000649,20000649,2014-03-20 23:53:30,2014-03-21 00:03:15,9.75
1395359618620000010,20000010,2014-03-20 23:53:38,2014-03-21 00:01:08,7.50
1395359619620000011,20000011,2014-03-20 23:53:39,2014-03-21 00:00:09,6.50
1395359649620000249,20000249,2014-03-20 23:54:09,2014-03-21 00:10:24,16.25
1395359721620000574,20000574,2014-03-20 23:55:21,2014-03-21 00:03:36,8.25
1395359738620000066,20000066,2014-03-20 23:55:38,2014-03-21 00:04:08,8.50
1395359755620000662,20000662,2014-03-20 23:55:55,2014-03-21 00:01:55,6.00
1395359774620000617,20000617,2014-03-20 23:56:14,2014-03-21 00:10:59,14.75
1395359792620000216,20000216,2014-03-20 23:56:32,2014-03-21 00:00:17,3.75
1395359809620000488,20000488,2014-03-20 23:56:49,2014-03-21 00:03:04,6.25
1395359851620000548,20000548,2014-03-20 23:57:31,2014-03-21 00:02:16,4.75
1395359856620000672,20000672,2014-03-20 23:57:36,2014-03-21 00:05:51,8.25
1395359975620000324,20000324,2014-03-20 23:59:35,2014-03-21 00:11:35,12.00
1395441923620000009,20000009,2014-03-21 22:45:23,2014-03-22 00:34:53,109.50
1395441973620000179,20000179,2014-03-21 22:46:13,2014-03-22 00:08:28,82.25
1395444071620000074,20000074,2014-03-21 23:21:11,2014-03-22 00:01:56,40.75
1395445257620000011,20000011,2014-03-21 23:40:57,2014-03-22 00:00:12,19.25
1395445519620000199,20000199,2014-03-21 23:45:19,2014-03-22 00:31:34,46.25
1395445660620000129,20000129,2014-03-21 23:47:40,2014-03-22 00:01:25,13.75
1395445795620000540,20000540,2014-03-21 23:49:55,2014-03-22 00:02:10,12.25
1395445836620000395,20000395,2014-03-21 23:50:36,2014-03-22 00:11:51,21.25
1395445878620000260,20000260,2014-03-21 23:51:18,2014-03-22 00:00:03,8.75
1395445945620000370,20000370,2014-03-21 23:52:25,2014-03-22 00:00:40,8.25
1395445955620000233,20000233,2014-03-21 23:52:35,2014-03-22 00:01:20,8.75
1395445971620000325,20000325,2014-03-21 23:52:51,2014-03-22 00:00:06,7.25
1395445980620000142,20000142,2014-03-21 23:53:00,2014-03-22 00:03:00,10.00
1395446022620000251,20000251,2014-03-21 23:53:42,2014-03-22 00:07:27,13.75
1395446060620000435,20000435,2014-03-21 23:54:20,2014-03-22 00:03:50,9.50
1395446106620000421,20000421,2014-03-21 23:55:06,2014-03-22 00:02:21,7.25
1395446185620000196,20000196,2014-03-21 23:56:25,2014-03-22 00:02:10,5.75
1395446205620000307,20000307,2014-03-21 23:56:45,2014-03-22 00:04:45,8.00
1395446210620000456,20000456,2014-03-21 23:56:50,2014-03-22 00:12:35,15.75
1395446211620000403,20000403,2014-03-21 23:56:51,2014-03-22 00:10:51,14.00
1395446237620000625,20000625,2014-03-21 23:57:17,2014-03-22 00:08:47,11.50
1395446265620000271,20000271,2014-03-21 23:57:45,2014-03-22 00:07:15,9.50
1395446273620000662,20000662,2014-03-21 23:57:53,2014-03-22 00:07:38,9.75
1395446291620000473,20000473,2014-03-21 23:58:11,2014-03-22 00:07:11,9.00
1395446294620000060,20000060,2014-03-21 23:58:14,2014-03-22 00:21:44,23.50
1395446298620000509,20000509,2014-03-21 23:58:18,2014-03-22 00:10:48,12.50
1395446382620000031,20000031,2014-03-21 23:59:42,2014-03-22 00:08:12,8.50
1395528229620000009,20000009,2014-03-22 22:43:49,2014-03-23 00:11:04,87.25
1395530876620000252,20000252,2014-03-22 23:27:56,2014-03-23 00:06:41,38.75
1395530950620000129,20000129,2014-03-22 23:29:10,2014-03-23 00:20:25,51.25
1395531952620000591,20000591,2014-03-22 23:45:52,2014-03-23 00:01:37,15.75
1395532143620000012,20000012,2014-03-22 23:49:03,2014-03-23 00:00:48,11.75
1395532187620000649,20000649,2014-03-22 23:49:47,2014-03-23 00:16:17,26.50
1395532225620000279,20000279,2014-03-22 23:50:25,2014-03-23 00:00:10,9.75
1395532241620000060,20000060,2014-03-22 23:50:41,2014-03-23 00:06:56,16.25
1395532246620000216,20000216,2014-03-22 23:50:46,2014-03-23 00:10:46,20.00
1395532266620000120,20000120,2014-03-22 23:51:06,2014-03-23 00:06:06,15.00
1395532274620000540,20000540,2014-03-22 23:51:14,2014-03-23 00:13:59,22.75
1395532280620000255,20000255,2014-03-22 23:51:20,2014-03-23 00:10:35,19.25
1395532282620000688,20000688,2014-03-22 23:51:22,2014-03-23 00:08:22,17.00
1395532490620000362,20000362,2014-03-22 23:54:50,2014-03-23 00:04:05,9.25
1395532562620000509,20000509,2014-03-22 23:56:02,2014-03-23 00:07:02,11.00
1395532565620000353,20000353,2014-03-22 23:56:05,2014-03-23 00:05:05,9.00
1395532577620000488,20000488,2014-03-22 23:56:17,2014-03-23 00:08:32,12.25
1395532585620000432,20000432,2014-03-22 23:56:25,2014-03-23 00:13:55,17.50
1395532630620000450,20000450,2014-03-22 23:57:10,2014-03-23 00:10:10,13.00
1395532651620000360,20000360,2014-03-22 23:57:31,2014-03-23 00:10:16,12.75
1395532655620000260,20000260,2014-03-22 23:57:35,2014-03-23 00:17:35,20.00
1395532659620000455,20000455,2014-03-22 23:57:39,2014-03-23 00:08:54,11.25
1395532688620000254,20000254,2014-03-22 23:58:08,2014-03-23 00:02:08,4.00
1395532699620000242,20000242,2014-03-22 23:58:19,2014-03-23 00:06:04,7.75
1395532731620000620,20000620,2014-03-22 23:58:51,2014-03-23 00:03:21,4.50
1395532732620000576,20000576,2014-03-22 23:58:52,2014-03-23 00:04:37,5.75
1395532759620000268,20000268,2014-03-22 23:59:19,2014-03-23 00:04:19,5.00
1395614632620000009,20000009,2014-03-23 22:43:52,2014-03-24 00:36:37,112.75
1395616950620000250,20000250,2014-03-23 23:22:30,2014-03-24 00:16:45,54.25
1395618172620000527,20000527,2014-03-23 23:42:52,2014-03-24 00:04:52,22.00
1395618426620000160,20000160,2014-03-23 23:47:06,2014-03-24 00:12:51,25.75
1395618517620000657,20000657,2014-03-23 23:48:37,2014-03-24 00:06:07,17.50
1395618560620000483,20000483,2014-03-23 23:49:20,2014-03-24 00:03:05,13.75
1395618657620000076,20000076,2014-03-23 23:50:57,2014-03-24 00:03:57,13.00
1395618908620000309,20000309,2014-03-23 23:55:08,2014-03-24 00:03:23,8.25
1395619005620000453,20000453,2014-03-23 23:56:45,2014-03-24 00:04:00,7.25
1395619028620000574,20000574,2014-03-23 23:57:08,2014-03-24 00:02:08,5.00
1395619029620000197,20000197,2014-03-23 23:57:09,2014-03-24 00:05:39,8.50
1395619065620000518,20000518,2014-03-23 23:57:45,2014-03-24 00:04:00,6.25
1395619088620000620,20000620,2014-03-23 23:58:08,2014-03-24 00:13:53,15.75
1395619097620000231,20000231,2014-03-23 23:58:17,2014-03-24 00:01:47,3.50
1395619151620000008,20000008,2014-03-23 23:59:11,2014-03-24 00:01:41,2.50
1395700997620000009,20000009,2014-03-24 22:43:17,2014-03-25 01:03:02,139.75
1395704502620000066,20000066,2014-03-24 23:41:42,2014-03-25 00:01:42,20.00
1395704720620000023,20000023,2014-03-24 23:45:20,2014-03-25 00:02:35,17.25
1395704746620000011,20000011,2014-03-24 23:45:46,2014-03-25 00:03:31,17.75
1395705072620000007,20000007,2014-03-24 23:51:12,2014-03-25 00:04:42,13.50
1395705082620000903,20000903,2014-03-24 23:51:22,2014-03-25 00:22:07,30.75
1395705276620000005,20000005,2014-03-24 23:54:36,2014-03-25 00:15:06,20.50
1395705283620000598,20000598,2014-03-24 23:54:43,2014-03-25 00:08:28,13.75
1395705293620000657,20000657,2014-03-24 23:54:53,2014-03-25 00:01:23,6.50
1395705322620000252,20000252,2014-03-24 23:55:22,2014-03-25 00:12:07,16.75
1395705380620000184,20000184,2014-03-24 23:56:20,2014-03-25 00:08:35,12.25
1395705425620000254,20000254,2014-03-24 23:57:05,2014-03-25 00:02:05,5.00
1395705485620000678,20000678,2014-03-24 23:58:05,2014-03-25 00:01:50,3.75
1395705543620000409,20000409,2014-03-24 23:59:03,2014-03-25 00:09:03,10.00
1395705575620000242,20000242,2014-03-24 23:59:35,2014-03-25 00:03:35,4.00
1395790423620000610,20000610,2014-03-25 23:33:43,2014-03-26 00:00:13,26.50
1395790751620000548,20000548,2014-03-25 23:39:11,2014-03-26 00:01:26,22.25
1395790989620000031,20000031,2014-03-25 23:43:09,2014-03-26 00:00:24,17.25
1395791176620000492,20000492,2014-03-25 23:46:16,2014-03-26 00:28:46,42.50
1395791178620000334,20000334,2014-03-25 23:46:18,2014-03-26 00:02:03,15.75
1395791633620000196,20000196,2014-03-25 23:53:53,2014-03-26 00:02:38,8.75
1395791742620000497,20000497,2014-03-25 23:55:42,2014-03-26 00:04:57,9.25
1395791814620000561,20000561,2014-03-25 23:56:54,2014-03-26 00:05:54,9.00
1395791818620000042,20000042,2014-03-25 23:56:58,2014-03-26 00:03:28,6.50
1395791845620000285,20000285,2014-03-25 23:57:25,2014-03-26 00:08:25,11.00
1395791899620000173,20000173,2014-03-25 23:58:19,2014-03-26 00:14:34,16.25
1395791911620000409,20000409,2014-03-25 23:58:31,2014-03-26 00:19:31,21.00
1395874238620000009,20000009,2014-03-26 22:50:38,2014-03-27 00:20:53,90.25
1395875534620000338,20000338,2014-03-26 23:12:14,2014-03-27 00:01:44,49.50
1395877377620000360,20000360,2014-03-26 23:42:57,2014-03-27 00:06:42,23.75
1395877548620000045,20000045,2014-03-26 23:45:48,2014-03-27 00:19:48,34.00
1395877569620000120,20000120,2014-03-26 23:46:09,2014-03-27 00:01:39,15.50
1395877620620000423,20000423,2014-03-26 23:47:00,2014-03-27 00:03:45,16.75
1395877703620000503,20000503,2014-03-26 23:48:23,2014-03-27 00:04:38,16.25
1395877884620000053,20000053,2014-03-26 23:51:24,2014-03-27 00:02:39,11.25
1395877929620000076,20000076,2014-03-26 23:52:09,2014-03-27 00:01:09,9.00
1395877946620000089,20000089,2014-03-26 23:52:26,2014-03-27 00:03:26,11.00
1395877947620000320,20000320,2014-03-26 23:52:27,2014-03-27 00:05:57,13.50
1395877999620000618,20000618,2014-03-26 23:53:19,2014-03-27 00:02:49,9.50
1395878019620000904,20000904,2014-03-26 23:53:39,2014-03-27 00:03:54,10.25
1395878042620000129,20000129,2014-03-26 23:54:02,2014-03-27 00:09:32,15.50
1395878204620000688,20000688,2014-03-26 23:56:44,2014-03-27 00:06:14,9.50
1395878208620000341,20000341,2014-03-26 23:56:48,2014-03-27 00:04:33,7.75
1395878224620000304,20000304,2014-03-26 23:57:04,2014-03-27 00:11:04,14.00
1395878310620000105,20000105,2014-03-26 23:58:30,2014-03-27 00:01:30,3.00
1395878337620000370,20000370,2014-03-26 23:58:57,2014-03-27 00:08:57,10.00
1395878340620000280,20000280,2014-03-26 23:59:00,2014-03-27 00:10:15,11.25
1395963597620000529,20000529,2014-03-27 23:39:57,2014-03-28 00:02:12,22.25
1395963756620000328,20000328,2014-03-27 23:42:36,2014-03-28 00:15:51,33.25
1395963898620000403,20000403,2014-03-27 23:44:58,2014-03-28 00:01:13,16.25
1395963899620000603,20000603,2014-03-27 23:44:59,2014-03-28 00:00:29,15.50
1395963956620000305,20000305,2014-03-27 23:45:56,2014-03-28 00:00:41,14.75
1395964113620000392,20000392,2014-03-27 23:48:33,2014-03-28 00:03:48,15.25
1395964304620000346,20000346,2014-03-27 23:51:44,2014-03-28 00:00:29,8.75
1395964305620000688,20000688,2014-03-27 23:51:45,2014-03-28 00:00:00,8.25
1395964326620000076,20000076,2014-03-27 23:52:06,2014-03-28 00:03:21,11.25
1395964381620000508,20000508,2014-03-27 23:53:01,2014-03-28 00:14:16,21.25
1395964424620000003,20000003,2014-03-27 23:53:44,2014-03-28 00:00:14,6.50
1395964446620000332,20000332,2014-03-27 23:54:06,2014-03-28 00:05:06,11.00
1395964479620000663,20000663,2014-03-27 23:54:39,2014-03-28 00:01:39,7.00
1395964527620000598,20000598,2014-03-27 23:55:27,2014-03-28 00:08:57,13.50
1395964552620000012,20000012,2014-03-27 23:55:52,2014-03-28 00:08:07,12.25
1395964570620000488,20000488,2014-03-27 23:56:10,2014-03-28 00:05:40,9.50
1395964593620000621,20000621,2014-03-27 23:56:33,2014-03-28 00:01:18,4.75
1395964625620000434,20000434,2014-03-27 23:57:05,2014-03-28 00:05:50,8.75
1395964739620000171,20000171,2014-03-27 23:58:59,2014-03-28 00:11:59,13.00
1395964797620000624,20000624,2014-03-27 23:59:57,2014-03-28 00:07:57,8.00
1396046273620000009,20000009,2014-03-28 22:37:53,2014-03-29 00:02:08,84.25
1396050129620000269,20000269,2014-03-28 23:42:09,2014-03-29 00:06:24,24.25
1396050296620000624,20000624,2014-03-28 23:44:56,2014-03-29 00:01:11,16.25
1396050393620000066,20000066,2014-03-28 23:46:33,2014-03-29 00:00:18,13.75
1396050506620000011,20000011,2014-03-28 23:48:26,2014-03-29 00:05:56,17.50
1396050599620000672,20000672,2014-03-28 23:49:59,2014-03-29 00:02:14,12.25
1396050611620000157,20000157,2014-03-28 23:50:11,2014-03-29 00:02:56,12.75
1396050635620000577,20000577,2014-03-28 23:50:35,2014-03-29 00:03:05,12.50
1396050662620000426,20000426,2014-03-28 23:51:02,2014-03-29 00:04:47,13.75
1396050663620000338,20000338,2014-03-28 23:51:03,2014-03-29 00:12:33,21.50
1396050766620000190,20000190,2014-03-28 23:52:46,2014-03-29 00:08:16,15.50
1396050841620000620,20000620,2014-03-28 23:54:01,2014-03-29 00:00:31,6.50
1396050847620000101,20000101,2014-03-28 23:54:07,2014-03-29 00:05:52,11.75
1396050850620000572,20000572,2014-03-28 23:54:10,2014-03-29 00:00:10,6.00
1396050868620000321,20000321,2014-03-28 23:54:28,2014-03-29 00:08:43,14.25
1396050870620000492,20000492,2014-03-28 23:54:30,2014-03-29 00:01:45,7.25
1396050889620000648,20000648,2014-03-28 23:54:49,2014-03-29 00:02:34,7.75
1396050896620000216,20000216,2014-03-28 23:54:56,2014-03-29 00:07:41,12.75
1396050930620000436,20000436,2014-03-28 23:55:30,2014-03-29 00:05:15,9.75
1396050931620000161,20000161,2014-03-28 23:55:31,2014-03-29 00:09:01,13.50
1396050940620000481,20000481,2014-03-28 23:55:40,2014-03-29 00:02:55,7.25
1396050960620000041,20000041,2014-03-28 23:56:00,2014-03-29 00:13:00,17.00
1396050968620000657,20000657,2014-03-28 23:56:08,2014-03-29 00:09:23,13.25
1396050984620000904,20000904,2014-03-28 23:56:24,2014-03-29 00:13:24,17.00
1396051067620000067,20000067,2014-03-28 23:57:47,2014-03-29 00:16:02,18.25
1396051099620000233,20000233,2014-03-28 23:58:19,2014-03-29 00:14:34,16.25
1396051123620000092,20000092,2014-03-28 23:58:43,2014-03-29 00:09:13,10.50
1396051173620000497,20000497,2014-03-28 23:59:33,2014-03-29 00:05:18,5.75
1396051175620000010,20000010,2014-03-28 23:59:35,2014-03-29 00:15:20,15.75
1396051181620000901,20000901,2014-03-28 23:59:41,2014-03-29 00:11:11,11.50
1396051186620000640,20000640,2014-03-28 23:59:46,2014-03-29 00:21:31,21.75
1396133159620000525,20000525,2014-03-29 22:45:59,2014-03-30 00:38:44,112.75
1396136166620000561,20000561,2014-03-29 23:36:06,2014-03-30 00:32:51,56.75
1396136447620000309,20000309,2014-03-29 23:40:47,2014-03-30 00:02:32,21.75
1396136685620000031,20000031,2014-03-29 23:44:45,2014-03-30 00:12:00,27.25
1396136931620000598,20000598,2014-03-29 23:48:51,2014-03-30 00:06:21,17.50
1396136948620000554,20000554,2014-03-29 23:49:08,2014-03-30 00:00:23,11.25
1396136986620000503,20000503,2014-03-29 23:49:46,2014-03-30 00:07:31,17.75
1396137000620000066,20000066,2014-03-29 23:50:00,2014-03-30 00:10:45,20.75
1396137028620000157,20000157,2014-03-29 23:50:28,2014-03-30 00:00:58,10.50
1396137173620000542,20000542,2014-03-29 23:52:53,2014-03-30 00:17:08,24.25
1396137178620000389,20000389,2014-03-29 23:52:58,2014-03-30 00:05:58,13.00
1396137187620000178,20000178,2014-03-29 23:53:07,2014-03-30 00:04:52,11.75
1396137199620000520,20000520,2014-03-29 23:53:19,2014-03-30 00:01:34,8.25
1396137203620000334,20000334,2014-03-29 23:53:23,2014-03-30 00:03:23,10.00
1396137238620000251,20000251,2014-03-29 23:53:58,2014-03-30 00:03:13,9.25
1396137276620000060,20000060,2014-03-29 23:54:36,2014-03-30 00:02:36,8.00
1396137284620000179,20000179,2014-03-29 23:54:44,2014-03-30 00:05:59,11.25
1396137343620000136,20000136,2014-03-29 23:55:43,2014-03-30 00:08:13,12.50
1396137364620000171,20000171,2014-03-29 23:56:04,2014-03-30 00:09:04,13.00
1396137387620000279,20000279,2014-03-29 23:56:27,2014-03-30 00:07:57,11.50
1396137401620000252,20000252,2014-03-29 23:56:41,2014-03-30 00:04:41,8.00
1396137408620000423,20000423,2014-03-29 23:56:48,2014-03-30 00:05:03,8.25
1396137417620000574,20000574,2014-03-29 23:56:57,2014-03-30 00:03:42,6.75
1396137449620000529,20000529,2014-03-29 23:57:29,2014-03-30 00:05:14,7.75
1396137514620000297,20000297,2014-03-29 23:58:34,2014-03-30 00:03:04,4.50
1396137530620000492,20000492,2014-03-29 23:58:50,2014-03-30 00:24:05,25.25
1396137570620000101,20000101,2014-03-29 23:59:30,2014-03-30 00:08:30,9.00
1396137582620000381,20000381,2014-03-29 23:59:42,2014-03-30 00:12:12,12.50
1396137584620000075,20000075,2014-03-29 23:59:44,2014-03-30 00:13:44,14.00
1396219301620000101,20000101,2014-03-30 23:41:41,2014-03-31 00:06:26,24.75
1396219626620000616,20000616,2014-03-30 23:47:06,2014-03-31 00:00:21,13.25
1396219634620000621,20000621,2014-03-30 23:47:14,2014-03-31 00:07:59,20.75
1396219875620000688,20000688,2014-03-30 23:51:15,2014-03-31 00:01:15,10.00
1396220011620000450,20000450,2014-03-30 23:53:31,2014-03-31 00:01:01,7.50
1396220053620000076,20000076,2014-03-30 23:54:13,2014-03-31 00:01:28,7.25
1396220203620000196,20000196,2014-03-30 23:56:43,2014-03-31 00:04:43,8.00
1396220210620000508,20000508,2014-03-30 23:56:50,2014-03-31 00:03:20,6.50
1396220297620000423,20000423,2014-03-30 23:58:17,2014-03-31 00:02:47,4.50
1396220319620000197,20000197,2014-03-30 23:58:39,2014-03-31 00:06:24,7.75
1396303429620000207,20000207,2014-03-31 23:03:49,2014-04-01 00:05:04,61.25
1396305536620000598,20000598,2014-03-31 23:38:56,2014-04-01 00:06:11,27.25
1396305779620000671,20000671,2014-03-31 23:42:59,2014-04-01 00:00:59,18.00
1396306203620000010,20000010,2014-03-31 23:50:03,2014-04-01 00:03:18,13.25
1396306374620000453,20000453,2014-03-31 23:52:54,2014-04-01 00:02:09,9.25
1396306584620000045,20000045,2014-03-31 23:56:24,2014-04-01 00:00:39,4.25
1396306614620000359,20000359,2014-03-31 23:56:54,2014-04-01 00:07:24,10.50
1396306717620000372,20000372,2014-03-31 23:58:37,2014-04-01 00:10:37,12.00
1396391886620000297,20000297,2014-04-01 23:38:06,2014-04-02 00:00:21,22.25
1396392237620000698,20000698,2014-04-01 23:43:57,2014-04-02 00:08:42,24.75
1396392388620000263,20000263,2014-04-01 23:46:28,2014-04-02 00:01:13,14.75
1396392559620000057,20000057,2014-04-01 23:49:19,2014-04-02 00:04:34,15.25
1396392609620000624,20000624,2014-04-01 23:50:09,2014-04-02 00:01:39,11.50
1396392636620000672,20000672,2014-04-01 23:50:36,2014-04-02 00:07:36,17.00
1396392957620000341,20000341,2014-04-01 23:55:57,2014-04-02 00:06:12,10.25
1396392970620000671,20000671,2014-04-01 23:56:10,2014-04-02 00:07:25,11.25
1396392983620000546,20000546,2014-04-01 23:56:23,2014-04-02 00:01:23,5.00
1396393002620000625,20000625,2014-04-01 23:56:42,2014-04-02 00:21:42,25.00
1396393004620000520,20000520,2014-04-01 23:56:44,2014-04-02 00:04:44,8.00
1396393042620000472,20000472,2014-04-01 23:57:22,2014-04-02 00:13:07,15.75
1396393115620000031,20000031,2014-04-01 23:58:35,2014-04-02 00:13:35,15.00
1396393139620000435,20000435,2014-04-01 23:58:59,2014-04-02 00:02:29,3.50
1396393153620000610,20000610,2014-04-01 23:59:13,2014-04-02 00:18:58,19.75
1396393170620000199,20000199,2014-04-01 23:59:30,2014-04-02 00:14:15,14.75
1396475129620000009,20000009,2014-04-02 22:45:29,2014-04-03 00:48:44,123.25
1396479137620000620,20000620,2014-04-02 23:52:17,2014-04-03 00:12:17,20.00
1396479203620000520,20000520,2014-04-02 23:53:23,2014-04-03 00:00:53,7.50
1396479219620000698,20000698,2014-04-02 23:53:39,2014-04-03 00:06:54,13.25
1396479221620000561,20000561,2014-04-02 23:53:41,2014-04-03 00:00:26,6.75
1396479246620000372,20000372,2014-04-02 23:54:06,2014-04-03 00:05:21,11.25
1396479308620000610,20000610,2014-04-02 23:55:08,2014-04-03 00:13:08,18.00
1396479469620000435,20000435,2014-04-02 23:57:49,2014-04-03 00:05:49,8.00
1396479501620000589,20000589,2014-04-02 23:58:21,2014-04-03 00:13:51,15.50
1396479529620000045,20000045,2014-04-02 23:58:49,2014-04-03 00:06:04,7.25
1396479529620000548,20000548,2014-04-02 23:58:49,2014-04-03 00:07:04,8.25
1396479544620000662,20000662,2014-04-02 23:59:04,2014-04-03 00:11:49,12.75
1396479574620000450,20000450,2014-04-02 23:59:34,2014-04-03 00:06:34,7.00
1396561623620000009,20000009,2014-04-03 22:47:03,2014-04-04 00:51:33,124.50
1396564863620000497,20000497,2014-04-03 23:41:03,2014-04-04 00:04:03,23.00
1396564872620000359,20000359,2014-04-03 23:41:12,2014-04-04 00:07:42,26.50
1396565285620000598,20000598,2014-04-03 23:48:05,2014-04-04 00:08:05,20.00
1396565304620000620,20000620,2014-04-03 23:48:24,2014-04-04 00:13:09,24.75
1396565377620000333,20000333,2014-04-03 23:49:37,2014-04-04 00:09:22,19.75
1396565393620000195,20000195,2014-04-03 23:49:53,2014-04-04 00:00:23,10.50
1396565419620000015,20000015,2014-04-03 23:50:19,2014-04-04 00:07:19,17.00
1396565526620000424,20000424,2014-04-03 23:52:06,2014-04-04 00:01:51,9.75
1396565677620000129,20000129,2014-04-03 23:54:37,2014-04-04 00:05:52,11.25
1396565681620000589,20000589,2014-04-03 23:54:41,2014-04-04 00:00:41,6.00
1396565720620000031,20000031,2014-04-03 23:55:20,2014-04-04 00:04:05,8.75
1396565724620000256,20000256,2014-04-03 23:55:24,2014-04-04 00:04:24,9.00
1396565731620000610,20000610,2014-04-03 23:55:31,2014-04-04 00:11:46,16.25
1396565738620000483,20000483,2014-04-03 23:55:38,2014-04-04 00:15:23,19.75
1396565829620000341,20000341,2014-04-03 23:57:09,2014-04-04 00:12:54,15.75
1396565869620000362,20000362,2014-04-03 23:57:49,2014-04-04 00:10:04,12.25
1396565961620000154,20000154,2014-04-03 23:59:21,2014-04-04 00:08:36,9.25
1396565977620000361,20000361,2014-04-03 23:59:37,2014-04-04 00:07:37,8.00
1396565977620000540,20000540,2014-04-03 23:59:37,2014-04-04 00:05:52,6.25
1396648787620000486,20000486,2014-04-04 22:59:47,2014-04-05 00:15:17,75.50
1396650359620000502,20000502,2014-04-04 23:25:59,2014-04-05 01:05:29,99.50
1396651082620000617,20000617,2014-04-04 23:38:02,2014-04-05 00:03:02,25.00
1396651145620000594,20000594,2014-04-04 23:39:05,2014-04-05 00:15:35,36.50
1396651647620000589,20000589,2014-04-04 23:47:27,2014-04-05 00:03:57,16.50
1396651659620000684,20000684,2014-04-04 23:47:39,2014-04-05 00:08:54,21.25
1396651676620000529,20000529,2014-04-04 23:47:56,2014-04-05 00:01:56,14.00
1396651768620000488,20000488,2014-04-04 23:49:28,2014-04-05 00:03:13,13.75
1396651943620000268,20000268,2014-04-04 23:52:23,2014-04-05 00:03:53,11.50
1396651983620000309,20000309,2014-04-04 23:53:03,2014-04-05 00:20:33,27.50
1396652043620000670,20000670,2014-04-04 23:54:03,2014-04-05 00:04:33,10.50
1396652116620000610,20000610,2014-04-04 23:55:16,2014-04-05 00:13:46,18.50
1396652170620000030,20000030,2014-04-04 23:56:10,2014-04-05 00:12:25,16.25
1396652184620000092,20000092,2014-04-04 23:56:24,2014-04-05 00:05:09,8.75
1396652186620000492,20000492,2014-04-04 23:56:26,2014-04-05 00:13:41,17.25
1396652187620000119,20000119,2014-04-04 23:56:27,2014-04-05 00:12:57,16.50
1396652189620000216,20000216,2014-04-04 23:56:29,2014-04-05 00:06:14,9.75
1396652211620000360,20000360,2014-04-04 23:56:51,2014-04-05 00:02:51,6.00
1396652215620000233,20000233,2014-04-04 23:56:55,2014-04-05 00:04:25,7.50
1396652281620000453,20000453,2014-04-04 23:58:01,2014-04-05 00:04:31,6.50
1396652307620000518,20000518,2014-04-04 23:58:27,2014-04-05 00:05:57,7.50
1396652371620000392,20000392,2014-04-04 23:59:31,2014-04-05 00:08:01,8.50
1396652378620000591,20000591,2014-04-04 23:59:38,2014-04-05 00:14:08,14.50
1396652395620000081,20000081,2014-04-04 23:59:55,2014-04-05 00:05:40,5.75
1396652397620000506,20000506,2014-04-04 23:59:57,2014-04-05 00:11:57,12.00
1396737064620000092,20000092,2014-04-05 23:31:04,2014-04-06 00:03:19,32.25
1396737869620000297,20000297,2014-04-05 23:44:29,2014-04-06 00:01:14,16.75
1396737888620000529,20000529,2014-04-05 23:44:48,2014-04-06 00:03:18,18.50
1396737977620000434,20000434,2014-04-05 23:46:17,2014-04-06 00:03:32,17.25
1396738011620000482,20000482,2014-04-05 23:46:51,2014-04-06 00:11:21,24.50
1396738171620000012,20000012,2014-04-05 23:49:31,2014-04-06 00:03:16,13.75
1396738178620000255,20000255,2014-04-05 23:49:38,2014-04-06 00:09:08,19.50
1396738195620000525,20000525,2014-04-05 23:49:55,2014-04-06 00:00:40,10.75
1396738242620000671,20000671,2014-04-05 23:50:42,2014-04-06 00:21:42,31.00
1396738280620000548,20000548,2014-04-05 23:51:20,2014-04-06 00:04:50,13.50
1396738289620000377,20000377,2014-04-05 23:51:29,2014-04-06 00:08:29,17.00
1396738349620000389,20000389,2014-04-05 23:52:29,2014-04-06 00:24:29,32.00
1396738350620000594,20000594,2014-04-05 23:52:30,2014-04-06 00:00:30,8.00
1396738384620000140,20000140,2014-04-05 23:53:04,2014-04-06 00:25:19,32.25
1396738413620000243,20000243,2014-04-05 23:53:33,2014-04-06 00:05:33,12.00
1396738417620000199,20000199,2014-04-05 23:53:37,2014-04-06 00:11:22,17.75
1396738441620000436,20000436,2014-04-05 23:54:01,2014-04-06 00:13:16,19.25
1396738459620000554,20000554,2014-04-05 23:54:19,2014-04-06 00:09:49,15.50
1396738496620000327,20000327,2014-04-05 23:54:56,2014-04-06 00:01:56,7.00
1396738497620000010,20000010,2014-04-05 23:54:57,2014-04-06 00:08:27,13.50
1396738509620000618,20000618,2014-04-05 23:55:09,2014-04-06 00:07:24,12.25
1396738532620000136,20000136,2014-04-05 23:55:32,2014-04-06 00:22:02,26.50
1396738557620000020,20000020,2014-04-05 23:55:57,2014-04-06 00:10:12,14.25
1396738620620000472,20000472,2014-04-05 23:57:00,2014-04-06 00:04:15,7.25
1396738637620000101,20000101,2014-04-05 23:57:17,2014-04-06 00:08:47,11.50
1396738638620000451,20000451,2014-04-05 23:57:18,2014-04-06 00:01:03,3.75
1396738642620000687,20000687,2014-04-05 23:57:22,2014-04-06 00:08:07,10.75
1396738658620000325,20000325,2014-04-05 23:57:38,2014-04-06 00:12:23,14.75
1396738669620000465,20000465,2014-04-05 23:57:49,2014-04-06 00:12:04,14.25
1396738671620000672,20000672,2014-04-05 23:57:51,2014-04-06 00:07:21,9.50
1396738676620000688,20000688,2014-04-05 23:57:56,2014-04-06 00:08:11,10.25
1396738677620000075,20000075,2014-04-05 23:57:57,2014-04-06 00:05:27,7.50
1396738689620000160,20000160,2014-04-05 23:58:09,2014-04-06 00:14:09,16.00
1396738689620000483,20000483,2014-04-05 23:58:09,2014-04-06 00:07:09,9.00
1396738713620000467,20000467,2014-04-05 23:58:33,2014-04-06 00:07:18,8.75
1396738733620000403,20000403,2014-04-05 23:58:53,2014-04-06 00:18:08,19.25
1396738739620000602,20000602,2014-04-05 23:58:59,2014-04-06 00:11:14,12.25
1396738751620000395,20000395,2014-04-05 23:59:11,2014-04-06 00:15:26,16.25
1396738762620000506,20000506,2014-04-05 23:59:22,2014-04-06 00:07:22,8.00
1396738789620000503,20000503,2014-04-05 23:59:49,2014-04-06 00:18:34,18.75
1396823303620000668,20000668,2014-04-06 23:28:23,2014-04-07 00:14:38,46.25
1396823680620000626,20000626,2014-04-06 23:34:40,2014-04-07 00:41:55,67.25
1396824388620000311,20000311,2014-04-06 23:46:28,2014-04-07 00:01:28,15.00
1396824444620000454,20000454,2014-04-06 23:47:24,2014-04-07 00:06:09,18.75
1396824483620000060,20000060,2014-04-06 23:48:03,2014-04-07 00:13:33,25.50
1396824506620000576,20000576,2014-04-06 23:48:26,2014-04-07 00:06:41,18.25
1396824509620000171,20000171,2014-04-06 23:48:29,2014-04-07 00:06:44,18.25
1396824515620000089,20000089,2014-04-06 23:48:35,2014-04-07 00:05:50,17.25
1396824538620000662,20000662,2014-04-06 23:48:58,2014-04-07 00:01:43,12.75
1396824570620000020,20000020,2014-04-06 23:49:30,2014-04-07 00:07:00,17.50
1396824599620000476,20000476,2014-04-06 23:49:59,2014-04-07 00:00:14,10.25
1396824925620000337,20000337,2014-04-06 23:55:25,2014-04-07 00:01:25,6.00
1396825004620000242,20000242,2014-04-06 23:56:44,2014-04-07 00:02:44,6.00
1396825174620000525,20000525,2014-04-06 23:59:34,2014-04-07 00:02:19,2.75
1396910661620000529,20000529,2014-04-07 23:44:21,2014-04-08 00:04:21,20.00
1396910778620000288,20000288,2014-04-07 23:46:18,2014-04-08 00:18:48,32.50
1396910842620000179,20000179,2014-04-07 23:47:22,2014-04-08 00:02:07,14.75
1396910886620000362,20000362,2014-04-07 23:48:06,2014-04-08 00:00:06,12.00
1396910982620000363,20000363,2014-04-07 23:49:42,2014-04-08 00:15:57,26.25
1396911067620000254,20000254,2014-04-07 23:51:07,2014-04-08 00:07:37,16.50
1396911170620000546,20000546,2014-04-07 23:52:50,2014-04-08 00:00:50,8.00
1396911246620000184,20000184,2014-04-07 23:54:06,2014-04-08 00:03:36,9.50
1396911342620000431,20000431,2014-04-07 23:55:42,2014-04-08 00:09:57,14.25
1396911424620000548,20000548,2014-04-07 23:57:04,2014-04-08 00:03:49,6.75
1396911552620000305,20000305,2014-04-07 23:59:12,2014-04-08 00:11:27,12.25
1396993625620000009,20000009,2014-04-08 22:47:05,2014-04-09 01:08:05,141.00
1396996459620000576,20000576,2014-04-08 23:34:19,2014-04-09 00:05:19,31.00
1396996838620000372,20000372,2014-04-08 23:40:38,2014-04-09 00:00:53,20.25
1396997493620000311,20000311,2014-04-08 23:51:33,2014-04-09 00:04:03,12.50
1396997611620000450,20000450,2014-04-08 23:53:31,2014-04-09 00:02:46,9.25
1396997620620000610,20000610,2014-04-08 23:53:40,2014-04-09 00:00:10,6.50
1396997693620000304,20000304,2014-04-08 23:54:53,2014-04-09 00:08:38,13.75
1396997851620000297,20000297,2014-04-08 23:57:31,2014-04-09 00:10:16,12.75
1396997886620000618,20000618,2014-04-08 23:58:06,2014-04-09 00:05:36,7.50
1396997922620000380,20000380,2014-04-08 23:58:42,2014-04-09 00:05:12,6.50
1396997928620000395,20000395,2014-04-08 23:58:48,2014-04-09 00:11:18,12.50
1396997968620000363,20000363,2014-04-08 23:59:28,2014-04-09 00:09:43,10.25
1397080119620000009,20000009,2014-04-09 22:48:39,2014-04-10 00:22:54,94.25
1397083670620000395,20000395,2014-04-09 23:47:50,2014-04-10 00:04:50,17.00
1397083680620000598,20000598,2014-04-09 23:48:00,2014-04-10 00:03:00,15.00
1397083905620000042,20000042,2014-04-09 23:51:45,2014-04-10 00:09:30,17.75
1397083997620000167,20000167,2014-04-09 23:53:17,2014-04-10 00:11:32,18.25
1397084092620000179,20000179,2014-04-09 23:54:52,2014-04-10 00:02:37,7.75
1397084113620000280,20000280,2014-04-09 23:55:13,2014-04-10 00:00:28,5.25
1397084135620000595,20000595,2014-04-09 23:55:35,2014-04-10 00:06:35,11.00
1397084147620000081,20000081,2014-04-09 23:55:47,2014-04-10 00:01:32,5.75
1397084155620000307,20000307,2014-04-09 23:55:55,2014-04-10 00:21:10,25.25
1397084246620000337,20000337,2014-04-09 23:57:26,2014-04-10 00:14:26,17.00
1397084246620000360,20000360,2014-04-09 23:57:26,2014-04-10 00:09:11,11.75
1397084251620000254,20000254,2014-04-09 23:57:31,2014-04-10 00:08:31,11.00
1397084255620000529,20000529,2014-04-09 23:57:35,2014-04-10 00:05:35,8.00
1397084257620000345,20000345,2014-04-09 23:57:37,2014-04-10 00:04:37,7.00
1397084260620000154,20000154,2014-04-09 23:57:40,2014-04-10 00:02:25,4.75
1397084275620000675,20000675,2014-04-09 23:57:55,2014-04-10 00:09:10,11.25
1397084280620000216,20000216,2014-04-09 23:58:00,2014-04-10 00:08:45,10.75
1397084288620000363,20000363,2014-04-09 23:58:08,2014-04-10 00:08:38,10.50
1397084302620000591,20000591,2014-04-09 23:58:22,2014-04-10 00:09:07,10.75
1397169931620000010,20000010,2014-04-10 23:45:31,2014-04-11 00:00:46,15.25
1397170022620000616,20000616,2014-04-10 23:47:02,2014-04-11 00:02:32,15.50
1397170171620000303,20000303,2014-04-10 23:49:31,2014-04-11 00:02:01,12.50
1397170277620000603,20000603,2014-04-10 23:51:17,2014-04-11 00:00:17,9.00
1397170284620000351,20000351,2014-04-10 23:51:24,2014-04-11 00:00:09,8.75
1397170332620000360,20000360,2014-04-10 23:52:12,2014-04-11 00:03:12,11.00
1397170354620000387,20000387,2014-04-10 23:52:34,2014-04-11 00:00:04,7.50
1397170371620000430,20000430,2014-04-10 23:52:51,2014-04-11 00:00:06,7.25
1397170377620000632,20000632,2014-04-10 23:52:57,2014-04-11 00:00:27,7.50
1397170484620000252,20000252,2014-04-10 23:54:44,2014-04-11 00:02:29,7.75
1397170509620000670,20000670,2014-04-10 23:55:09,2014-04-11 00:00:09,5.00
1397170580620000431,20000431,2014-04-10 23:56:20,2014-04-11 00:01:20,5.00
1397170644620000345,20000345,2014-04-10 23:57:24,2014-04-11 00:06:24,9.00
1397170651620000013,20000013,2014-04-10 23:57:31,2014-04-11 00:01:46,4.25
1397170660620000658,20000658,2014-04-10 23:57:40,2014-04-11 00:07:25,9.75
1397170674620000657,20000657,2014-04-10 23:57:54,2014-04-11 00:01:24,3.50
1397170719620000651,20000651,2014-04-10 23:58:39,2014-04-11 00:40:24,41.75
1397170736620000239,20000239,2014-04-10 23:58:56,2014-04-11 00:11:26,12.50
1397170747620000446,20000446,2014-04-10 23:59:07,2014-04-11 00:08:52,9.75
1397170758620000423,20000423,2014-04-10 23:59:18,2014-04-11 00:05:03,5.75
1397170774620000424,20000424,2014-04-10 23:59:34,2014-04-11 00:08:49,9.25
1397252598620000009,20000009,2014-04-11 22:43:18,2014-04-12 01:17:33,154.25
1397255532620000112,20000112,2014-04-11 23:32:12,2014-04-12 00:03:42,31.50
1397256368620000520,20000520,2014-04-11 23:46:08,2014-04-12 00:08:38,22.50
1397256421620000675,20000675,2014-04-11 23:47:01,2014-04-12 00:04:31,17.50
1397256539620000260,20000260,2014-04-11 23:48:59,2014-04-12 00:04:29,15.50
1397256625620000508,20000508,2014-04-11 23:50:25,2014-04-12 00:01:40,11.25
1397256643620000395,20000395,2014-04-11 23:50:43,2014-04-12 00:12:43,22.00
1397256668620000389,20000389,2014-04-11 23:51:08,2014-04-12 00:00:23,9.25
1397256751620000101,20000101,2014-04-11 23:52:31,2014-04-12 00:09:46,17.25
1397256794620000075,20000075,2014-04-11 23:53:14,2014-04-12 00:01:29,8.25
1397256800620000360,20000360,2014-04-11 23:53:20,2014-04-12 00:00:05,6.75
1397256846620000571,20000571,2014-04-11 23:54:06,2014-04-12 00:03:21,9.25
1397256919620000279,20000279,2014-04-11 23:55:19,2014-04-12 00:05:34,10.25
1397256936620000403,20000403,2014-04-11 23:55:36,2014-04-12 00:17:51,22.25
1397256968620000610,20000610,2014-04-11 23:56:08,2014-04-12 00:21:38,25.50
1397256970620000167,20000167,2014-04-11 23:56:10,2014-04-12 00:11:55,15.75
1397256988620000598,20000598,2014-04-11 23:56:28,2014-04-12 00:12:43,16.25
1397256999620000013,20000013,2014-04-11 23:56:39,2014-04-12 00:19:24,22.75
1397257023620000190,20000190,2014-04-11 23:57:03,2014-04-12 00:03:33,6.50
1397257110620000015,20000015,2014-04-11 23:58:30,2014-04-12 00:02:30,4.00
1397257112620000288,20000288,2014-04-11 23:58:32,2014-04-12 00:01:32,3.00
1397257112620000497,20000497,2014-04-11 23:58:32,2014-04-12 00:01:02,2.50
1397257168620000201,20000201,2014-04-11 23:59:28,2014-04-12 00:24:58,25.50
1397257172620000305,20000305,2014-04-11 23:59:32,2014-04-12 00:08:32,9.00
1397257176620000245,20000245,2014-04-11 23:59:36,2014-04-12 00:04:36,5.00
1397257179620000624,20000624,2014-04-11 23:59:39,2014-04-12 00:09:09,9.50
1397341976620000903,20000903,2014-04-12 23:32:56,2014-04-13 00:00:41,27.75
1397342192620000901,20000901,2014-04-12 23:36:32,2014-04-13 00:03:47,27.25
1397342281620000178,20000178,2014-04-12 23:38:01,2014-04-13 00:07:31,29.50
1397342390620000620,20000620,2014-04-12 23:39:50,2014-04-13 00:00:20,20.50
1397342525620000075,20000075,2014-04-12 23:42:05,2014-04-13 00:06:20,24.25
1397342546620000372,20000372,2014-04-12 23:42:26,2014-04-13 00:07:11,24.75
1397342560620000554,20000554,2014-04-12 23:42:40,2014-04-13 00:02:25,19.75
1397342585620000279,20000279,2014-04-12 23:43:05,2014-04-13 00:03:05,20.00
1397342616620000012,20000012,2014-04-12 23:43:36,2014-04-13 00:01:21,17.75
1397342663620000252,20000252,2014-04-12 23:44:23,2014-04-13 00:03:08,18.75
1397342831620000324,20000324,2014-04-12 23:47:11,2014-04-13 00:03:56,16.75
1397342869620000288,20000288,2014-04-12 23:47:49,2014-04-13 00:02:04,14.25
1397342895620000337,20000337,2014-04-12 23:48:15,2014-04-13 00:10:00,21.75
1397342934620000432,20000432,2014-04-12 23:48:54,2014-04-13 00:02:09,13.25
1397342965620000004,20000004,2014-04-12 23:49:25,2014-04-13 00:02:10,12.75
1397342999620000561,20000561,2014-04-12 23:49:59,2014-04-13 00:04:29,14.50
1397343000620000472,20000472,2014-04-12 23:50:00,2014-04-13 00:00:15,10.25
1397343001620000388,20000388,2014-04-12 23:50:01,2014-04-13 00:00:16,10.25
1397343008620000546,20000546,2014-04-12 23:50:08,2014-04-13 00:01:38,11.50
1397343040620000254,20000254,2014-04-12 23:50:40,2014-04-13 00:06:40,16.00
1397343053620000271,20000271,2014-04-12 23:50:53,2014-04-13 00:00:23,9.50
1397343066620000030,20000030,2014-04-12 23:51:06,2014-04-13 00:14:21,23.25
1397343088620000529,20000529,2014-04-12 23:51:28,2014-04-13 00:01:43,10.25
1397343102620000423,20000423,2014-04-12 23:51:42,2014-04-13 00:10:12,18.50
1397343146620000190,20000190,2014-04-12 23:52:26,2014-04-13 00:03:11,10.75
1397343156620000268,20000268,2014-04-12 23:52:36,2014-04-13 00:10:21,17.75
1397343209620000509,20000509,2014-04-12 23:53:29,2014-04-13 00:11:44,18.25
1397343248620000617,20000617,2014-04-12 23:54:08,2014-04-13 00:04:38,10.50
1397343251620000686,20000686,2014-04-12 23:54:11,2014-04-13 00:07:26,13.25
1397343276620000119,20000119,2014-04-12 23:54:36,2014-04-13 00:06:21,11.75
1397343282620000217,20000217,2014-04-12 23:54:42,2014-04-13 00:01:42,7.00
1397343299620000421,20000421,2014-04-12 23:54:59,2014-04-13 00:01:44,6.75
1397343370620000455,20000455,2014-04-12 23:56:10,2014-04-13 00:04:55,8.75
1397343373620000360,20000360,2014-04-12 23:56:13,2014-04-13 00:16:58,20.75
1397343373620000434,20000434,2014-04-12 23:56:13,2014-04-13 00:04:58,8.75
1397343384620000657,20000657,2014-04-12 23:56:24,2014-04-13 00:06:39,10.25
1397343384620000675,20000675,2014-04-12 23:56:24,2014-04-13 00:12:39,16.25
1397343388620000076,20000076,2014-04-12 23:56:28,2014-04-13 00:03:58,7.50
1397343399620000308,20000308,2014-04-12 23:56:39,2014-04-13 00:10:39,14.00
1397343403620000517,20000517,2014-04-12 23:56:43,2014-04-13 00:02:43,6.00
1397343405620000361,20000361,2014-04-12 23:56:45,2014-04-13 00:06:30,9.75
1397343417620000574,20000574,2014-04-12 23:56:57,2014-04-13 00:03:57,7.00
1397343427620000020,20000020,2014-04-12 23:57:07,2014-04-13 00:08:07,11.00
1397343440620000395,20000395,2014-04-12 23:57:20,2014-04-13 00:06:20,9.00
1397343441620000506,20000506,2014-04-12 23:57:21,2014-04-13 00:03:51,6.50
1397343452620000653,20000653,2014-04-12 23:57:32,2014-04-13 00:04:17,6.75
1397343454620000362,20000362,2014-04-12 23:57:34,2014-04-13 00:01:34,4.00
1397343482620000406,20000406,2014-04-12 23:58:02,2014-04-13 00:37:32,39.50
1397343487620000011,20000011,2014-04-12 23:58:07,2014-04-13 00:14:37,16.50
1397343494620000600,20000600,2014-04-12 23:58:14,2014-04-13 00:03:14,5.00
1397343505620000304,20000304,2014-04-12 23:58:25,2014-04-13 00:09:10,10.75
1397343506620000231,20000231,2014-04-12 23:58:26,2014-04-13 00:18:41,20.25
1397343550620000557,20000557,2014-04-12 23:59:10,2014-04-13 00:05:40,6.50
1397343583620000112,20000112,2014-04-12 23:59:43,2014-04-13 00:07:13,7.50
1397343590620000663,20000663,2014-04-12 23:59:50,2014-04-13 00:03:35,3.75
1397425651620000009,20000009,2014-04-13 22:47:31,2014-04-14 01:04:31,137.00
1397428021620000288,20000288,2014-04-13 23:27:01,2014-04-14 00:02:46,35.75
1397428764620000698,20000698,2014-04-13 23:39:24,2014-04-14 00:01:54,22.50
1397429214620000632,20000632,2014-04-13 23:46:54,2014-04-14 00:05:39,18.75
1397429291620000276,20000276,2014-04-13 23:48:11,2014-04-14 00:09:26,21.25
1397429344620000192,20000192,2014-04-13 23:49:04,2014-04-14 00:06:49,17.75
1397429368620000242,20000242,2014-04-13 23:49:28,2014-04-14 00:02:43,13.25
1397429480620000249,20000249,2014-04-13 23:51:20,2014-04-14 00:01:05,9.75
1397429532620000058,20000058,2014-04-13 23:52:12,2014-04-14 00:06:12,14.00
1397429614620000005,20000005,2014-04-13 23:53:34,2014-04-14 00:03:04,9.50
1397429719620000662,20000662,2014-04-13 23:55:19,2014-04-14 00:07:04,11.75
1397429764620000456,20000456,2014-04-13 23:56:04,2014-04-14 00:05:19,9.25
1397429848620000089,20000089,2014-04-13 23:57:28,2014-04-14 00:14:58,17.50
1397429936620000472,20000472,2014-04-13 23:58:56,2014-04-14 00:13:26,14.50
1397429960620000057,20000057,2014-04-13 23:59:20,2014-04-14 00:07:05,7.75
1397429973620000423,20000423,2014-04-13 23:59:33,2014-04-14 00:07:18,7.75
1397429988620000010,20000010,2014-04-13 23:59:48,2014-04-14 00:04:18,4.50
1397512160620000009,20000009,2014-04-14 22:49:20,2014-04-15 00:56:05,126.75
1397515410620000372,20000372,2014-04-14 23:43:30,2014-04-15 00:00:30,17.00
1397515999620000260,20000260,2014-04-14 23:53:19,2014-04-15 00:00:19,7.00
1397516056620000436,20000436,2014-04-14 23:54:16,2014-04-15 00:20:46,26.50
1397516082620000624,20000624,2014-04-14 23:54:42,2014-04-15 00:04:42,10.00
1397516144620000066,20000066,2014-04-14 23:55:44,2014-04-15 00:08:44,13.00
1397516148620000351,20000351,2014-04-14 23:55:48,2014-04-15 00:08:33,12.75
1397516161620000698,20000698,2014-04-14 23:56:01,2014-04-15 00:01:31,5.50
1397516240620000101,20000101,2014-04-14 23:57:20,2014-04-15 00:02:50,5.50
1397516315620000089,20000089,2014-04-14 23:58:35,2014-04-15 00:02:35,4.00
1397516352620000435,20000435,2014-04-14 23:59:12,2014-04-15 00:05:12,6.00
1397598542620000009,20000009,2014-04-15 22:49:02,2014-04-16 00:06:47,77.75
1397601867620000518,20000518,2014-04-15 23:44:27,2014-04-16 00:03:42,19.25
1397601997620000395,20000395,2014-04-15 23:46:37,2014-04-16 00:02:37,16.00
1397602095620000448,20000448,2014-04-15 23:48:15,2014-04-16 00:00:45,12.50
1397602197620000351,20000351,2014-04-15 23:49:57,2014-04-16 00:13:12,23.25
1397602325620000671,20000671,2014-04-15 23:52:05,2014-04-16 00:02:05,10.00
1397602460620000338,20000338,2014-04-15 23:54:20,2014-04-16 00:07:20,13.00
1397602541620000454,20000454,2014-04-15 23:55:41,2014-04-16 00:05:41,10.00
1397602586620000688,20000688,2014-04-15 23:56:26,2014-04-16 00:06:41,10.25
1397602617620000488,20000488,2014-04-15 23:56:57,2014-04-16 00:02:42,5.75
1397602638620000066,20000066,2014-04-15 23:57:18,2014-04-16 00:04:18,7.00
1397602678620000031,20000031,2014-04-15 23:57:58,2014-04-16 00:04:13,6.25
1397602762620000435,20000435,2014-04-15 23:59:22,2014-04-16 00:05:37,6.25
1397680184620000011,20000011,2014-04-16 21:29:44,2014-04-17 01:07:29,217.75
1397684707620000009,20000009,2014-04-16 22:45:07,2014-04-17 00:30:22,105.25
1397686605620000013,20000013,2014-04-16 23:16:45,2014-04-17 02:02:45,166.00
1397686904620000589,20000589,2014-04-16 23:21:44,2014-04-17 00:00:59,39.25
1397688531620000364,20000364,2014-04-16 23:48:51,2014-04-17 00:03:21,14.50
1397688629620000387,20000387,2014-04-16 23:50:29,2014-04-17 00:04:14,13.75
1397688645620000297,20000297,2014-04-16 23:50:45,2014-04-17 00:00:00,9.25
1397688796620000325,20000325,2014-04-16 23:53:16,2014-04-17 00:02:16,9.00
1397688821620000598,20000598,2014-04-16 23:53:41,2014-04-17 00:02:56,9.25
1397688894620000345,20000345,2014-04-16 23:54:54,2014-04-17 00:07:09,12.25
1397688902620000403,20000403,2014-04-16 23:55:02,2014-04-17 00:01:02,6.00
1397688921620000548,20000548,2014-04-16 23:55:21,2014-04-17 00:12:51,17.50
1397688923620000514,20000514,2014-04-16 23:55:23,2014-04-17 00:02:08,6.75
1397688934620000640,20000640,2014-04-16 23:55:34,2014-04-17 00:00:34,5.00
1397688939620000686,20000686,2014-04-16 23:55:39,2014-04-17 00:01:39,6.00
1397688943620000031,20000031,2014-04-16 23:55:43,2014-04-17 00:08:13,12.50
1397688969620000370,20000370,2014-04-16 23:56:09,2014-04-17 00:04:54,8.75
1397688992620000231,20000231,2014-04-16 23:56:32,2014-04-17 00:02:02,5.50
1397689003620000263,20000263,2014-04-16 23:56:43,2014-04-17 00:10:58,14.25
1397689015620000395,20000395,2014-04-16 23:56:55,2014-04-17 00:10:25,13.50
1397689057620000546,20000546,2014-04-16 23:57:37,2014-04-17 00:05:07,7.50
1397689060620000012,20000012,2014-04-16 23:57:40,2014-04-17 00:01:25,3.75
1397689073620000120,20000120,2014-04-16 23:57:53,2014-04-17 00:02:53,5.00
1397689115620000529,20000529,2014-04-16 23:58:35,2014-04-17 00:12:05,13.50
1397689147620000430,20000430,2014-04-16 23:59:07,2014-04-17 00:03:07,4.00
1397689170620000089,20000089,2014-04-16 23:59:30,2014-04-17 00:05:15,5.75
1397771315620000009,20000009,2014-04-17 22:48:35,2014-04-18 00:39:50,111.25
1397774137620000370,20000370,2014-04-17 23:35:37,2014-04-18 00:02:52,27.25
1397774425620000075,20000075,2014-04-17 23:40:25,2014-04-18 00:00:10,19.75
1397774637620000307,20000307,2014-04-17 23:43:57,2014-04-18 00:01:27,17.50
1397774676620000216,20000216,2014-04-17 23:44:36,2014-04-18 00:02:36,18.00
1397774922620000483,20000483,2014-04-17 23:48:42,2014-04-18 00:02:42,14.00
1397775021620000670,20000670,2014-04-17 23:50:21,2014-04-18 00:03:51,13.50
1397775051620000308,20000308,2014-04-17 23:50:51,2014-04-18 00:03:36,12.75
1397775073620000089,20000089,2014-04-17 23:51:13,2014-04-18 00:02:13,11.00
1397775074620000598,20000598,2014-04-17 23:51:14,2014-04-18 00:07:14,16.00
1397775092620000161,20000161,2014-04-17 23:51:32,2014-04-18 00:03:47,12.25
1397775112620000367,20000367,2014-04-17 23:51:52,2014-04-18 00:10:52,19.00
1397775126620000680,20000680,2014-04-17 23:52:06,2014-04-18 00:07:51,15.75
1397775193620000601,20000601,2014-04-17 23:53:13,2014-04-18 00:01:28,8.25
1397775195620000320,20000320,2014-04-17 23:53:15,2014-04-18 00:04:00,10.75
1397775196620000406,20000406,2014-04-17 23:53:16,2014-04-18 00:19:46,26.50
1397775200620000436,20000436,2014-04-17 23:53:20,2014-04-18 00:01:35,8.25
1397775237620000492,20000492,2014-04-17 23:53:57,2014-04-18 00:10:57,17.00
1397775317620000057,20000057,2014-04-17 23:55:17,2014-04-18 00:11:02,15.75
1397775320620000280,20000280,2014-04-17 23:55:20,2014-04-18 00:10:05,14.75
1397775349620000160,20000160,2014-04-17 23:55:49,2014-04-18 00:06:34,10.75
1397775351620000403,20000403,2014-04-17 23:55:51,2014-04-18 00:04:36,8.75
1397775357620000215,20000215,2014-04-17 23:55:57,2014-04-18 00:04:57,9.00
1397775361620000617,20000617,2014-04-17 23:56:01,2014-04-18 00:09:16,13.25
1397775372620000624,20000624,2014-04-17 23:56:12,2014-04-18 00:07:57,11.75
1397775390620000576,20000576,2014-04-17 23:56:30,2014-04-18 00:32:45,36.25
1397775401620000671,20000671,2014-04-17 23:56:41,2014-04-18 00:08:26,11.75
1397775429620000456,20000456,2014-04-17 23:57:09,2014-04-18 00:03:54,6.75
1397775458620000255,20000255,2014-04-17 23:57:38,2014-04-18 00:15:08,17.50
1397775463620000233,20000233,2014-04-17 23:57:43,2014-04-18 00:09:58,12.25
1397775463620000901,20000901,2014-04-17 23:57:43,2014-04-18 00:06:43,9.00
1397775495620000476,20000476,2014-04-17 23:58:15,2014-04-18 00:04:45,6.50
1397775499620000518,20000518,2014-04-17 23:58:19,2014-04-18 00:06:04,7.75
1397775501620000574,20000574,2014-04-17 23:58:21,2014-04-18 00:13:36,15.25
1397775506620000196,20000196,2014-04-17 23:58:26,2014-04-18 00:08:11,9.75
1397775516620000625,20000625,2014-04-17 23:58:36,2014-04-18 00:10:36,12.00
1397775541620000010,20000010,2014-04-17 23:59:01,2014-04-18 00:06:01,7.00
1397775541620000649,20000649,2014-04-17 23:59:01,2014-04-18 00:14:46,15.75
1397775561620000242,20000242,2014-04-17 23:59:21,2014-04-18 00:09:21,10.00
1397775565620000424,20000424,2014-04-17 23:59:25,2014-04-18 00:07:25,8.00
1397775573620000632,20000632,2014-04-17 23:59:33,2014-04-18 00:09:18,9.75
1397775590620000392,20000392,2014-04-17 23:59:50,2014-04-18 00:06:20,6.50
1397775591620000279,20000279,2014-04-17 23:59:51,2014-04-18 00:11:51,12.00
1397857492620000009,20000009,2014-04-18 22:44:52,2014-04-19 01:18:37,153.75
1397861288620000610,20000610,2014-04-18 23:48:08,2014-04-19 00:16:53,28.75
1397861319620000076,20000076,2014-04-18 23:48:39,2014-04-19 00:04:39,16.00
1397861332620000012,20000012,2014-04-18 23:48:52,2014-04-19 00:04:22,15.50
1397861374620000688,20000688,2014-04-18 23:49:34,2014-04-19 00:05:04,15.50
1397861469620000190,20000190,2014-04-18 23:51:09,2014-04-19 00:04:54,13.75
1397861529620000392,20000392,2014-04-18 23:52:09,2014-04-19 00:01:39,9.50
1397861562620000116,20000116,2014-04-18 23:52:42,2014-04-19 00:00:42,8.00
1397861573620000398,20000398,2014-04-18 23:52:53,2014-04-19 00:01:38,8.75
1397861602620000161,20000161,2014-04-18 23:53:22,2014-04-19 00:00:37,7.25
1397861626620000014,20000014,2014-04-18 23:53:46,2014-04-19 00:03:31,9.75
1397861639620000268,20000268,2014-04-18 23:53:59,2014-04-19 00:02:44,8.75
1397861641620000430,20000430,2014-04-18 23:54:01,2014-04-19 00:02:46,8.75
1397861650620000671,20000671,2014-04-18 23:54:10,2014-04-19 00:06:40,12.50
1397861653620000621,20000621,2014-04-18 23:54:13,2014-04-19 00:01:58,7.75
1397861682620000288,20000288,2014-04-18 23:54:42,2014-04-19 00:27:12,32.50
1397861696620000081,20000081,2014-04-18 23:54:56,2014-04-19 00:03:11,8.25
1397861718620000353,20000353,2014-04-18 23:55:18,2014-04-19 00:03:03,7.75
1397861721620000320,20000320,2014-04-18 23:55:21,2014-04-19 00:04:06,8.75
1397861732620000527,20000527,2014-04-18 23:55:32,2014-04-19 00:01:32,6.00
1397861760620000297,20000297,2014-04-18 23:56:00,2014-04-19 00:00:15,4.25
1397861768620000465,20000465,2014-04-18 23:56:08,2014-04-19 00:07:38,11.50
1397861780620000197,20000197,2014-04-18 23:56:20,2014-04-19 00:08:50,12.50
1397861781620000664,20000664,2014-04-18 23:56:21,2014-04-19 00:08:36,12.25
1397861784620000456,20000456,2014-04-18 23:56:24,2014-04-19 00:06:54,10.50
1397861790620000067,20000067,2014-04-18 23:56:30,2014-04-19 00:02:30,6.00
1397861800620000486,20000486,2014-04-18 23:56:40,2014-04-19 00:04:25,7.75
1397861815620000231,20000231,2014-04-18 23:56:55,2014-04-19 00:01:55,5.00
1397861833620000002,20000002,2014-04-18 23:57:13,2014-04-19 00:07:28,10.25
1397861954620000454,20000454,2014-04-18 23:59:14,2014-04-19 00:03:29,4.25
1397861967620000364,20000364,2014-04-18 23:59:27,2014-04-19 00:04:57,5.50
1397861987620000359,20000359,2014-04-18 23:59:47,2014-04-19 00:04:47,5.00
1397861997620000548,20000548,2014-04-18 23:59:57,2014-04-19 00:12:42,12.75
1397946816620000351,20000351,2014-04-19 23:33:36,2014-04-20 00:00:06,26.50
1397947448620000337,20000337,2014-04-19 23:44:08,2014-04-20 00:12:53,28.75
1397947491620000903,20000903,2014-04-19 23:44:51,2014-04-20 00:32:36,47.75
1397947633620000473,20000473,2014-04-19 23:47:13,2014-04-20 00:01:13,14.00
1397947711620000024,20000024,2014-04-19 23:48:31,2014-04-20 00:05:46,17.25
1397947805620000260,20000260,2014-04-19 23:50:05,2014-04-20 00:06:20,16.25
1397947852620000574,20000574,2014-04-19 23:50:52,2014-04-20 00:06:37,15.75
1397947910620000423,20000423,2014-04-19 23:51:50,2014-04-20 00:02:05,10.25
1397947964620000640,20000640,2014-04-19 23:52:44,2014-04-20 00:01:14,8.50
1397947987620000651,20000651,2014-04-19 23:53:07,2014-04-20 00:01:22,8.25
1397948008620000503,20000503,2014-04-19 23:53:28,2014-04-20 00:00:28,7.00
1397948013620000901,20000901,2014-04-19 23:53:33,2014-04-20 00:04:48,11.25
1397948091620000054,20000054,2014-04-19 23:54:51,2014-04-20 00:00:51,6.00
1397948100620000598,20000598,2014-04-19 23:55:00,2014-04-20 00:03:00,8.00
1397948136620000092,20000092,2014-04-19 23:55:36,2014-04-20 00:04:36,9.00
1397948143620000341,20000341,2014-04-19 23:55:43,2014-04-20 00:07:58,12.25
1397948159620000406,20000406,2014-04-19 23:55:59,2014-04-20 00:03:14,7.25
1397948194620000020,20000020,2014-04-19 23:56:34,2014-04-20 00:02:49,6.25
1397948215620000529,20000529,2014-04-19 23:56:55,2014-04-20 00:06:55,10.00
1397948249620000089,20000089,2014-04-19 23:57:29,2014-04-20 00:02:59,5.50
1397948255620000060,20000060,2014-04-19 23:57:35,2014-04-20 00:09:05,11.50
1397948265620000105,20000105,2014-04-19 23:57:45,2014-04-20 00:07:15,9.50
1397948267620000578,20000578,2014-04-19 23:57:47,2014-04-20 00:01:02,3.25
1397948283620000304,20000304,2014-04-19 23:58:03,2014-04-20 00:07:18,9.25
1397948304620000450,20000450,2014-04-19 23:58:24,2014-04-20 00:08:39,10.25
1397948321620000497,20000497,2014-04-19 23:58:41,2014-04-20 00:16:56,18.25
1397948342620000671,20000671,2014-04-19 23:59:02,2014-04-20 00:05:17,6.25
1397948349620000572,20000572,2014-04-19 23:59:09,2014-04-20 00:04:54,5.75
1397948369620000361,20000361,2014-04-19 23:59:29,2014-04-20 00:11:59,12.50
1397948381620000119,20000119,2014-04-19 23:59:41,2014-04-20 00:13:41,14.00
1398030529620000013,20000013,2014-04-20 22:48:49,2014-04-21 02:47:04,238.25
1398033073620000548,20000548,2014-04-20 23:31:13,2014-04-21 00:06:28,35.25
1398033089620000624,20000624,2014-04-20 23:31:29,2014-04-21 00:03:29,32.00
1398033449620000192,20000192,2014-04-20 23:37:29,2014-04-21 00:27:59,50.50
1398033729620000570,20000570,2014-04-20 23:42:09,2014-04-21 00:03:24,21.25
1398034128620000364,20000364,2014-04-20 23:48:48,2014-04-21 00:00:03,11.25
1398034348620000483,20000483,2014-04-20 23:52:28,2014-04-21 00:00:43,8.25
1398034595620000239,20000239,2014-04-20 23:56:35,2014-04-21 00:00:35,4.00
1398034600620000325,20000325,2014-04-20 23:56:40,2014-04-21 00:07:10,10.50
1398034630620000308,20000308,2014-04-20 23:57:10,2014-04-21 00:04:55,7.75
1398034665620000640,20000640,2014-04-20 23:57:45,2014-04-21 00:01:45,4.00
1398034755620000503,20000503,2014-04-20 23:59:15,2014-04-21 00:04:45,5.50
1398034776620000101,20000101,2014-04-20 23:59:36,2014-04-21 00:06:51,7.25
1398117002620000009,20000009,2014-04-21 22:50:02,2014-04-22 00:43:02,113.00
1398119451620000297,20000297,2014-04-21 23:30:51,2014-04-22 00:08:51,38.00
1398119545620000013,20000013,2014-04-21 23:32:25,2014-04-22 00:03:55,31.50
1398119637620000005,20000005,2014-04-21 23:33:57,2014-04-22 00:04:12,30.25
1398120192620000015,20000015,2014-04-21 23:43:12,2014-04-22 00:00:42,17.50
1398120678620000688,20000688,2014-04-21 23:51:18,2014-04-22 00:04:18,13.00
1398120721620000649,20000649,2014-04-21 23:52:01,2014-04-22 00:02:01,10.00
1398120751620000626,20000626,2014-04-21 23:52:31,2014-04-22 00:01:16,8.75
1398120826620000903,20000903,2014-04-21 23:53:46,2014-04-22 00:00:46,7.00
1398120836620000307,20000307,2014-04-21 23:53:56,2014-04-22 00:24:41,30.75
1398120896620000387,20000387,2014-04-21 23:54:56,2014-04-22 00:00:41,5.75
1398120914620000341,20000341,2014-04-21 23:55:14,2014-04-22 00:02:44,7.50
1398121105620000529,20000529,2014-04-21 23:58:25,2014-04-22 00:06:25,8.00
1398121135620000482,20000482,2014-04-21 23:58:55,2014-04-22 00:03:55,5.00
1398206667620000337,20000337,2014-04-22 23:44:27,2014-04-23 00:06:12,21.75
1398206698620000304,20000304,2014-04-22 23:44:58,2014-04-23 00:00:13,15.25
1398206777620000076,20000076,2014-04-22 23:46:17,2014-04-23 00:13:32,27.25
1398207023620000450,20000450,2014-04-22 23:50:23,2014-04-23 00:02:38,12.25
1398207133620000665,20000665,2014-04-22 23:52:13,2014-04-23 00:00:13,8.00
1398207204620000285,20000285,2014-04-22 23:53:24,2014-04-23 00:02:24,9.00
1398207258620000233,20000233,2014-04-22 23:54:18,2014-04-23 00:02:03,7.75
1398207263620000456,20000456,2014-04-22 23:54:23,2014-04-23 00:21:08,26.75
1398207393620000307,20000307,2014-04-22 23:56:33,2014-04-23 00:17:33,21.00
1398207395620000561,20000561,2014-04-22 23:56:35,2014-04-23 00:01:20,4.75
1398207397620000598,20000598,2014-04-22 23:56:37,2014-04-23 00:09:22,12.75
1398207412620000268,20000268,2014-04-22 23:56:52,2014-04-23 00:04:22,7.50
1398207419620000011,20000011,2014-04-22 23:56:59,2014-04-23 00:00:44,3.75
1398207439620000610,20000610,2014-04-22 23:57:19,2014-04-23 00:09:49,12.50
1398207488620000431,20000431,2014-04-22 23:58:08,2014-04-23 00:08:23,10.25
1398207491620000698,20000698,2014-04-22 23:58:11,2014-04-23 00:02:41,4.50
1398207493620000010,20000010,2014-04-22 23:58:13,2014-04-23 00:07:13,9.00
1398207503620000361,20000361,2014-04-22 23:58:23,2014-04-23 00:03:38,5.25
1398207517620000529,20000529,2014-04-22 23:58:37,2014-04-23 00:36:37,38.00
1398290023620000009,20000009,2014-04-23 22:53:43,2014-04-24 00:32:58,99.25
1398293092620000625,20000625,2014-04-23 23:44:52,2014-04-24 00:02:07,17.25
1398293341620000440,20000440,2014-04-23 23:49:01,2014-04-24 00:01:01,12.00
1398293581620000309,20000309,2014-04-23 23:53:01,2014-04-24 00:00:16,7.25
1398293597620000304,20000304,2014-04-23 23:53:17,2014-04-24 00:04:02,10.75
1398293686620000901,20000901,2014-04-23 23:54:46,2014-04-24 00:03:16,8.50
1398293755620000589,20000589,2014-04-23 23:55:55,2014-04-24 00:10:10,14.25
1398293760620000680,20000680,2014-04-23 23:56:00,2014-04-24 00:06:30,10.50
1398293766620000320,20000320,2014-04-23 23:56:06,2014-04-24 00:06:51,10.75
1398293774620000651,20000651,2014-04-23 23:56:14,2014-04-24 00:07:29,11.25
1398293789620000268,20000268,2014-04-23 23:56:29,2014-04-24 00:07:59,11.50
1398293797620000140,20000140,2014-04-23 23:56:37,2014-04-24 00:04:22,7.75
1398293806620000403,20000403,2014-04-23 23:56:46,2014-04-24 00:06:16,9.50
1398293820620000698,20000698,2014-04-23 23:57:00,2014-04-24 00:09:30,12.50
1398293854620000154,20000154,2014-04-23 23:57:34,2014-04-24 00:04:49,7.25
1398293862620000310,20000310,2014-04-23 23:57:42,2014-04-24 00:10:57,13.25
1398293923620000045,20000045,2014-04-23 23:58:43,2014-04-24 00:11:28,12.75
1398293927620000303,20000303,2014-04-23 23:58:47,2014-04-24 00:03:17,4.50
1398293932620000101,20000101,2014-04-23 23:58:52,2014-04-24 00:20:07,21.25
1398293936620000574,20000574,2014-04-23 23:58:56,2014-04-24 00:03:41,4.75
1398293948620000406,20000406,2014-04-23 23:59:08,2014-04-24 00:11:08,12.00
1398377461620000009,20000009,2014-04-24 23:11:01,2014-04-25 01:34:16,143.25
1398378208620000472,20000472,2014-04-24 23:23:28,2014-04-25 00:49:28,86.00
1398379197620000395,20000395,2014-04-24 23:39:57,2014-04-25 00:05:57,26.00
1398379390620000171,20000171,2014-04-24 23:43:10,2014-04-25 00:04:10,21.00
1398379424620000665,20000665,2014-04-24 23:43:44,2014-04-25 00:01:59,18.25
1398379683620000129,20000129,2014-04-24 23:48:03,2014-04-25 00:00:18,12.25
1398379687620000285,20000285,2014-04-24 23:48:07,2014-04-25 00:05:07,17.00
1398379717620000688,20000688,2014-04-24 23:48:37,2014-04-25 00:03:37,15.00
1398379789620000570,20000570,2014-04-24 23:49:49,2014-04-25 00:00:04,10.25
1398379811620000255,20000255,2014-04-24 23:50:11,2014-04-25 00:03:41,13.50
1398379848620000057,20000057,2014-04-24 23:50:48,2014-04-25 00:06:18,15.50
1398379918620000173,20000173,2014-04-24 23:51:58,2014-04-25 00:00:58,9.00
1398379926620000488,20000488,2014-04-24 23:52:06,2014-04-25 00:04:51,12.75
1398379944620000269,20000269,2014-04-24 23:52:24,2014-04-25 00:01:24,9.00
1398379981620000108,20000108,2014-04-24 23:53:01,2014-04-25 00:01:31,8.50
1398379990620000105,20000105,2014-04-24 23:53:10,2014-04-25 00:01:40,8.50
1398380008620000250,20000250,2014-04-24 23:53:28,2014-04-25 00:07:13,13.75
1398380031620000649,20000649,2014-04-24 23:53:51,2014-04-25 00:02:36,8.75
1398380099620000672,20000672,2014-04-24 23:54:59,2014-04-25 00:09:14,14.25
1398380102620000081,20000081,2014-04-24 23:55:02,2014-04-25 00:06:47,11.75
1398380109620000178,20000178,2014-04-24 23:55:09,2014-04-25 00:05:39,10.50
1398380161620000610,20000610,2014-04-24 23:56:01,2014-04-25 00:14:01,18.00
1398380189620000436,20000436,2014-04-24 23:56:29,2014-04-25 00:14:29,18.00
1398380226620000578,20000578,2014-04-24 23:57:06,2014-04-25 00:09:21,12.25
1398380231620000698,20000698,2014-04-24 23:57:11,2014-04-25 00:05:11,8.00
1398380242620000101,20000101,2014-04-24 23:57:22,2014-04-25 00:06:07,8.75
1398380244620000612,20000612,2014-04-24 23:57:24,2014-04-25 00:07:09,9.75
1398380278620000196,20000196,2014-04-24 23:57:58,2014-04-25 00:05:28,7.50
1398380341620000005,20000005,2014-04-24 23:59:01,2014-04-25 00:07:01,8.00
1398380348620000249,20000249,2014-04-24 23:59:08,2014-04-25 00:04:08,5.00
1398380366620000254,20000254,2014-04-24 23:59:26,2014-04-25 00:13:26,14.00
1398462902620000009,20000009,2014-04-25 22:55:02,2014-04-26 01:06:47,131.75
1398465111620000288,20000288,2014-04-25 23:31:51,2014-04-26 00:00:21,28.50
1398465749620000529,20000529,2014-04-25 23:42:29,2014-04-26 00:11:14,28.75
1398465877620000488,20000488,2014-04-25 23:44:37,2014-04-26 00:00:22,15.75
1398465918620000409,20000409,2014-04-25 23:45:18,2014-04-26 00:10:18,25.00
1398465938620000178,20000178,2014-04-25 23:45:38,2014-04-26 00:17:38,32.00
1398466126620000617,20000617,2014-04-25 23:48:46,2014-04-26 00:05:16,16.50
1398466235620000196,20000196,2014-04-25 23:50:35,2014-04-26 00:00:05,9.50
1398466261620000030,20000030,2014-04-25 23:51:01,2014-04-26 00:08:31,17.50
1398466302620000166,20000166,2014-04-25 23:51:42,2014-04-26 00:02:27,10.75
1398466315620000578,20000578,2014-04-25 23:51:55,2014-04-26 00:01:25,9.50
1398466326620000554,20000554,2014-04-25 23:52:06,2014-04-26 00:06:06,14.00
1398466329620000467,20000467,2014-04-25 23:52:09,2014-04-26 00:01:39,9.50
1398466376620000561,20000561,2014-04-25 23:52:56,2014-04-26 00:06:26,13.50
1398466379620000190,20000190,2014-04-25 23:52:59,2014-04-26 00:00:59,8.00
1398466413620000285,20000285,2014-04-25 23:53:33,2014-04-26 00:00:03,6.50
1398466454620000509,20000509,2014-04-25 23:54:14,2014-04-26 00:07:59,13.75
1398466508620000574,20000574,2014-04-25 23:55:08,2014-04-26 00:00:53,5.75
1398466518620000279,20000279,2014-04-25 23:55:18,2014-04-26 00:01:03,5.75
1398466526620000435,20000435,2014-04-25 23:55:26,2014-04-26 00:01:26,6.00
1398466569620000450,20000450,2014-04-25 23:56:09,2014-04-26 00:07:39,11.50
1398466570620000591,20000591,2014-04-25 23:56:10,2014-04-26 00:04:25,8.25
1398466572620000351,20000351,2014-04-25 23:56:12,2014-04-26 00:01:57,5.75
1398466578620000089,20000089,2014-04-25 23:56:18,2014-04-26 00:00:18,4.00
1398466604620000304,20000304,2014-04-25 23:56:44,2014-04-26 00:04:14,7.50
1398466614620000239,20000239,2014-04-25 23:56:54,2014-04-26 00:04:09,7.25
1398466666620000314,20000314,2014-04-25 23:57:46,2014-04-26 00:09:01,11.25
1398466670620000431,20000431,2014-04-25 23:57:50,2014-04-26 00:03:05,5.25
1398466756620000337,20000337,2014-04-25 23:59:16,2014-04-26 00:08:46,9.50
1398466757620000250,20000250,2014-04-25 23:59:17,2014-04-26 00:14:02,14.75
1398466795620000389,20000389,2014-04-25 23:59:55,2014-04-26 00:09:10,9.25
1398548511620000009,20000009,2014-04-26 22:41:51,2014-04-27 00:52:51,131.00
1398551292620000554,20000554,2014-04-26 23:28:12,2014-04-27 04:34:42,306.50
1398552340620000196,20000196,2014-04-26 23:45:40,2014-04-27 00:01:40,16.00
1398552345620000255,20000255,2014-04-26 23:45:45,2014-04-27 00:01:15,15.50
1398552529620000598,20000598,2014-04-26 23:48:49,2014-04-27 00:03:49,15.00
1398552566620000101,20000101,2014-04-26 23:49:26,2014-04-27 00:17:11,27.75
1398552593620000332,20000332,2014-04-26 23:49:53,2014-04-27 00:07:23,17.50
1398552634620000321,20000321,2014-04-26 23:50:34,2014-04-27 00:12:04,21.50
1398552642620000160,20000160,2014-04-26 23:50:42,2014-04-27 00:19:42,29.00
1398552671620000114,20000114,2014-04-26 23:51:11,2014-04-27 00:20:56,29.75
1398552693620000680,20000680,2014-04-26 23:51:33,2014-04-27 00:03:18,11.75
1398552778620000446,20000446,2014-04-26 23:52:58,2014-04-27 00:09:28,16.50
1398552787620000602,20000602,2014-04-26 23:53:07,2014-04-27 00:01:52,8.75
1398552816620000450,20000450,2014-04-26 23:53:36,2014-04-27 00:05:21,11.75
1398552870620000081,20000081,2014-04-26 23:54:30,2014-04-27 00:04:15,9.75
1398552927620000042,20000042,2014-04-26 23:55:27,2014-04-27 00:02:57,7.50
1398552965620000105,20000105,2014-04-26 23:56:05,2014-04-27 00:03:35,7.50
1398552980620000136,20000136,2014-04-26 23:56:20,2014-04-27 00:08:20,12.00
1398552992620000649,20000649,2014-04-26 23:56:32,2014-04-27 00:13:17,16.75
1398552999620000353,20000353,2014-04-26 23:56:39,2014-04-27 00:15:54,19.25
1398553002620000529,20000529,2014-04-26 23:56:42,2014-04-27 00:07:57,11.25
1398553007620000242,20000242,2014-04-26 23:56:47,2014-04-27 00:19:32,22.75
1398553030620000648,20000648,2014-04-26 23:57:10,2014-04-27 00:12:40,15.50
1398553038620000633,20000633,2014-04-26 23:57:18,2014-04-27 00:02:33,5.25
1398553056620000601,20000601,2014-04-26 23:57:36,2014-04-27 00:03:51,6.25
1398553069620000179,20000179,2014-04-26 23:57:49,2014-04-27 00:02:19,4.50
1398553087620000108,20000108,2014-04-26 23:58:07,2014-04-27 00:08:22,10.25
1398553093620000303,20000303,2014-04-26 23:58:13,2014-04-27 00:37:43,39.50
1398553137620000304,20000304,2014-04-26 23:58:57,2014-04-27 00:18:12,19.25
1398553174620000403,20000403,2014-04-26 23:59:34,2014-04-27 00:16:19,16.75
1398553175620000012,20000012,2014-04-26 23:59:35,2014-04-27 00:05:50,6.25
1398634737620000009,20000009,2014-04-27 22:38:57,2014-04-28 00:23:42,104.75
1398638236620000334,20000334,2014-04-27 23:37:16,2014-04-28 00:19:01,41.75
1398638439620000525,20000525,2014-04-27 23:40:39,2014-04-28 00:03:39,23.00
1398639247620000101,20000101,2014-04-27 23:54:07,2014-04-28 00:03:07,9.00
1398639254620000473,20000473,2014-04-27 23:54:14,2014-04-28 00:01:59,7.75
1398639306620000465,20000465,2014-04-27 23:55:06,2014-04-28 00:02:36,7.50
1398639484620000060,20000060,2014-04-27 23:58:04,2014-04-28 00:02:19,4.25
1398639573620000239,20000239,2014-04-27 23:59:33,2014-04-28 00:06:48,7.25
1398639580620000154,20000154,2014-04-27 23:59:40,2014-04-28 00:05:25,5.75
1398639582620000503,20000503,2014-04-27 23:59:42,2014-04-28 00:02:12,2.50
1398639593620000529,20000529,2014-04-27 23:59:53,2014-04-28 00:08:08,8.25
1398721691620000009,20000009,2014-04-28 22:48:11,2014-04-29 00:40:41,112.50
1398725297620000167,20000167,2014-04-28 23:48:17,2014-04-29 00:05:47,17.50
1398725568620000010,20000010,2014-04-28 23:52:48,2014-04-29 00:05:03,12.25
1398725687620000665,20000665,2014-04-28 23:54:47,2014-04-29 00:01:32,6.75
1398725770620000012,20000012,2014-04-28 23:56:10,2014-04-29 00:01:10,5.00
1398725799620000698,20000698,2014-04-28 23:56:39,2014-04-29 00:07:09,10.50
1398725800620000157,20000157,2014-04-28 23:56:40,2014-04-29 00:11:10,14.50
1398725813620000456,20000456,2014-04-28 23:56:53,2014-04-29 00:08:53,12.00
1398725821620000280,20000280,2014-04-28 23:57:01,2014-04-29 00:05:01,8.00
1398725888620000002,20000002,2014-04-28 23:58:08,2014-04-29 00:04:53,6.75
1398725933620000508,20000508,2014-04-28 23:58:53,2014-04-29 00:04:08,5.25
1398725944620000297,20000297,2014-04-28 23:59:04,2014-04-29 00:06:49,7.75
1398808226620000009,20000009,2014-04-29 22:50:26,2014-04-30 00:30:41,100.25
1398808297620000668,20000668,2014-04-29 22:51:37,2014-04-30 00:04:07,72.50
1398810154620000508,20000508,2014-04-29 23:22:34,2014-04-30 00:02:04,39.50
1398810462620000207,20000207,2014-04-29 23:27:42,2014-04-30 00:07:12,39.50
1398811716620000157,20000157,2014-04-29 23:48:36,2014-04-30 00:03:21,14.75
1398811761620000455,20000455,2014-04-29 23:49:21,2014-04-30 00:00:51,11.50
1398811862620000307,20000307,2014-04-29 23:51:02,2014-04-30 00:08:17,17.25
1398811915620000616,20000616,2014-04-29 23:51:55,2014-04-30 00:00:25,8.50
1398811962620000013,20000013,2014-04-29 23:52:42,2014-04-30 00:01:27,8.75
1398811985620000057,20000057,2014-04-29 23:53:05,2014-04-30 00:05:35,12.50
1398812011620000446,20000446,2014-04-29 23:53:31,2014-04-30 00:06:01,12.50
1398812082620000430,20000430,2014-04-29 23:54:42,2014-04-30 00:07:12,12.50
1398812111620000252,20000252,2014-04-29 23:55:11,2014-04-30 00:03:56,8.75
1398812149620000901,20000901,2014-04-29 23:55:49,2014-04-30 00:03:04,7.25
1398812225620000688,20000688,2014-04-29 23:57:05,2014-04-30 00:27:35,30.50
1398812288620000617,20000617,2014-04-29 23:58:08,2014-04-30 00:26:08,28.00
1398812365620000624,20000624,2014-04-29 23:59:25,2014-04-30 00:06:10,6.75
1398812392620000254,20000254,2014-04-29 23:59:52,2014-04-30 00:08:52,9.00
1398894299620000009,20000009,2014-04-30 22:44:59,2014-05-01 00:34:44,109.75
1398896003620000074,20000074,2014-04-30 23:13:23,2014-05-01 00:22:08,68.75
1398896944620000304,20000304,2014-04-30 23:29:04,2014-05-01 00:12:34,43.50
1398897383620000255,20000255,2014-04-30 23:36:23,2014-05-01 00:02:38,26.25
1398897605620000252,20000252,2014-04-30 23:40:05,2014-05-01 00:20:05,40.00
1398897724620000190,20000190,2014-04-30 23:42:04,2014-05-01 00:13:04,31.00
1398897755620000171,20000171,2014-04-30 23:42:35,2014-05-01 00:02:35,20.00
1398897934620000454,20000454,2014-04-30 23:45:34,2014-05-01 00:02:34,17.00
1398897939620000114,20000114,2014-04-30 23:45:39,2014-05-01 00:10:54,25.25
1398897988620000015,20000015,2014-04-30 23:46:28,2014-05-01 00:01:13,14.75
1398898075620000112,20000112,2014-04-30 23:47:55,2014-05-01 00:05:25,17.50
1398898195620000625,20000625,2014-04-30 23:49:55,2014-05-01 00:01:25,11.50
1398898197620000589,20000589,2014-04-30 23:49:57,2014-05-01 00:04:42,14.75
1398898223620000632,20000632,2014-04-30 23:50:23,2014-05-01 00:03:23,13.00
1398898349620000157,20000157,2014-04-30 23:52:29,2014-05-01 00:06:44,14.25
1398898375620000311,20000311,2014-04-30 23:52:55,2014-05-01 00:09:55,17.00
1398898389620000617,20000617,2014-04-30 23:53:09,2014-05-01 00:11:39,18.50
1398898390620000424,20000424,2014-04-30 23:53:10,2014-05-01 00:00:55,7.75
1398898391620000010,20000010,2014-04-30 23:53:11,2014-05-01 00:00:11,7.00
1398898396620000670,20000670,2014-04-30 23:53:16,2014-05-01 00:00:01,6.75
1398898479620000031,20000031,2014-04-30 23:54:39,2014-05-01 00:00:09,5.50
1398898529620000431,20000431,2014-04-30 23:55:29,2014-05-01 00:01:59,6.50
1398898541620000353,20000353,2014-04-30 23:55:41,2014-05-01 00:00:11,4.50
1398898570620000380,20000380,2014-04-30 23:56:10,2014-05-01 00:04:55,8.75
1398898638620000406,20000406,2014-04-30 23:57:18,2014-05-01 00:07:48,10.50
1398898649620000514,20000514,2014-04-30 23:57:29,2014-05-01 00:03:59,6.50
1398898651620000576,20000576,2014-04-30 23:57:31,2014-05-01 00:22:01,24.50
1398898652620000578,20000578,2014-04-30 23:57:32,2014-05-01 00:02:17,4.75
1398898696620000601,20000601,2014-04-30 23:58:16,2014-05-01 00:09:46,11.50
1398898729620000351,20000351,2014-04-30 23:58:49,2014-05-01 00:22:49,24.00
1398898753620000108,20000108,2014-04-30 23:59:13,2014-05-01 00:11:13,12.00
1398898760620000423,20000423,2014-04-30 23:59:20,2014-05-01 00:08:50,9.50
1398898764620000381,20000381,2014-04-30 23:59:24,2014-05-01 00:09:24,10.00
1398898765620000136,20000136,2014-04-30 23:59:25,2014-05-01 00:05:25,6.00
1398898771620000179,20000179,2014-04-30 23:59:31,2014-05-01 00:04:01,4.50
1398898787620000325,20000325,2014-04-30 23:59:47,2014-05-01 00:04:47,5.00
1398981260620000009,20000009,2014-05-01 22:54:20,2014-05-02 00:02:20,68.00
1398983963620000504,20000504,2014-05-01 23:39:23,2014-05-02 00:11:23,32.00
1398984035620000361,20000361,2014-05-01 23:40:35,2014-05-02 00:11:20,30.75
1398984177620000167,20000167,2014-05-01 23:42:57,2014-05-02 00:03:42,20.75
1398984482620000279,20000279,2014-05-01 23:48:02,2014-05-02 00:06:17,18.25
1398984514620000686,20000686,2014-05-01 23:48:34,2014-05-02 00:01:49,13.25
1398984554620000403,20000403,2014-05-01 23:49:14,2014-05-02 00:00:44,11.50
1398984572620000031,20000031,2014-05-01 23:49:32,2014-05-02 00:00:02,10.50
1398984576620000161,20000161,2014-05-01 23:49:36,2014-05-02 00:02:06,12.50
1398984620620000624,20000624,2014-05-01 23:50:20,2014-05-02 00:03:35,13.25
1398984673620000454,20000454,2014-05-01 23:51:13,2014-05-02 00:07:13,16.00
1398984686620000616,20000616,2014-05-01 23:51:26,2014-05-02 00:00:56,9.50
1398984834620000525,20000525,2014-05-01 23:53:54,2014-05-02 00:03:09,9.25
1398984863620000321,20000321,2014-05-01 23:54:23,2014-05-02 00:06:08,11.75
1398984864620000337,20000337,2014-05-01 23:54:24,2014-05-02 00:09:39,15.25
1398984870620000430,20000430,2014-05-01 23:54:30,2014-05-02 00:05:45,11.25
1398984888620000254,20000254,2014-05-01 23:54:48,2014-05-02 00:04:03,9.25
1398984917620000112,20000112,2014-05-01 23:55:17,2014-05-02 00:03:17,8.00
1398984957620000252,20000252,2014-05-01 23:55:57,2014-05-02 00:00:27,4.50
1398984963620000023,20000023,2014-05-01 23:56:03,2014-05-02 00:01:48,5.75
1398984981620000060,20000060,2014-05-01 23:56:21,2014-05-02 00:07:06,10.75
1398984988620000305,20000305,2014-05-01 23:56:28,2014-05-02 00:21:28,25.00
1398985003620000450,20000450,2014-05-01 23:56:43,2014-05-02 00:12:28,15.75
1398985021620000179,20000179,2014-05-01 23:57:01,2014-05-02 00:03:01,6.00
1398985036620000304,20000304,2014-05-01 23:57:16,2014-05-02 00:13:01,15.75
1398985044620000081,20000081,2014-05-01 23:57:24,2014-05-02 00:08:24,11.00
1398985096620000508,20000508,2014-05-01 23:58:16,2014-05-02 00:07:46,9.50
1398985144620000618,20000618,2014-05-01 23:59:04,2014-05-02 00:04:49,5.75
1398985199620000309,20000309,2014-05-01 23:59:59,2014-05-02 00:05:59,6.00
1399067628620000009,20000009,2014-05-02 22:53:48,2014-05-03 00:48:18,114.50
1399069041620000687,20000687,2014-05-02 23:17:21,2014-05-03 00:48:51,91.50
1399069931620000424,20000424,2014-05-02 23:32:11,2014-05-03 00:56:56,84.75
1399070683620000456,20000456,2014-05-02 23:44:43,2014-05-03 00:02:13,17.50
1399070759620000233,20000233,2014-05-02 23:45:59,2014-05-03 00:04:14,18.25
1399070779620000255,20000255,2014-05-02 23:46:19,2014-05-03 00:00:19,14.00
1399070895620000285,20000285,2014-05-02 23:48:15,2014-05-03 00:01:15,13.00
1399070907620000345,20000345,2014-05-02 23:48:27,2014-05-03 00:10:12,21.75
1399070963620000618,20000618,2014-05-02 23:49:23,2014-05-03 00:05:23,16.00
1399071004620000216,20000216,2014-05-02 23:50:04,2014-05-03 00:07:19,17.25
1399071068620000597,20000597,2014-05-02 23:51:08,2014-05-03 00:05:08,14.00
1399071081620000004,20000004,2014-05-02 23:51:21,2014-05-03 00:07:06,15.75
1399071091620000012,20000012,2014-05-02 23:51:31,2014-05-03 00:15:16,23.75
1399071121620000372,20000372,2014-05-02 23:52:01,2014-05-03 00:11:01,19.00
1399071126620000011,20000011,2014-05-02 23:52:06,2014-05-03 00:02:06,10.00
1399071139620000256,20000256,2014-05-02 23:52:19,2014-05-03 00:01:19,9.00
1399071158620000658,20000658,2014-05-02 23:52:38,2014-05-03 00:06:38,14.00
1399071224620000421,20000421,2014-05-02 23:53:44,2014-05-03 00:06:44,13.00
1399071225620000482,20000482,2014-05-02 23:53:45,2014-05-03 00:06:00,12.25
1399071226620000060,20000060,2014-05-02 23:53:46,2014-05-03 00:00:01,6.25
1399071230620000015,20000015,2014-05-02 23:53:50,2014-05-03 00:15:50,22.00
1399071288620000089,20000089,2014-05-02 23:54:48,2014-05-03 00:01:18,6.50
1399071311620000671,20000671,2014-05-02 23:55:11,2014-05-03 00:04:41,9.50
1399071313620000446,20000446,2014-05-02 23:55:13,2014-05-03 00:05:43,10.50
1399071340620000686,20000686,2014-05-02 23:55:40,2014-05-03 00:03:25,7.75
1399071348620000640,20000640,2014-05-02 23:55:48,2014-05-03 00:05:33,9.75
1399071352620000129,20000129,2014-05-02 23:55:52,2014-05-03 00:05:22,9.50
1399071359620000492,20000492,2014-05-02 23:55:59,2014-05-03 00:09:29,13.50
1399071365620000486,20000486,2014-05-02 23:56:05,2014-05-03 00:08:20,12.25
1399071384620000664,20000664,2014-05-02 23:56:24,2014-05-03 00:33:54,37.50
1399071386620000450,20000450,2014-05-02 23:56:26,2014-05-03 00:07:56,11.50
1399071415620000178,20000178,2014-05-02 23:56:55,2014-05-03 00:07:40,10.75
1399071442620000561,20000561,2014-05-02 23:57:22,2014-05-03 00:05:37,8.25
1399071444620000328,20000328,2014-05-02 23:57:24,2014-05-03 00:04:24,7.00
1399071451620000120,20000120,2014-05-02 23:57:31,2014-05-03 00:14:01,16.50
1399071460620000020,20000020,2014-05-02 23:57:40,2014-05-03 00:08:10,10.50
1399071482620000560,20000560,2014-05-02 23:58:02,2014-05-03 00:09:17,11.25
1399071508620000325,20000325,2014-05-02 23:58:28,2014-05-03 00:07:28,9.00
1399071563620000112,20000112,2014-05-02 23:59:23,2014-05-03 00:20:38,21.25
1399071576620000601,20000601,2014-05-02 23:59:36,2014-05-03 00:06:06,6.50
1399071580620000196,20000196,2014-05-02 23:59:40,2014-05-03 00:08:25,8.75
1399071599620000332,20000332,2014-05-02 23:59:59,2014-05-03 00:11:44,11.75
1399153512620000009,20000009,2014-05-03 22:45:12,2014-05-04 00:08:12,83.00
1399155494620000224,20000224,2014-05-03 23:18:14,2014-05-04 00:35:14,77.00
1399156277620000640,20000640,2014-05-03 23:31:17,2014-05-04 00:05:02,33.75
1399156296620000648,20000648,2014-05-03 23:31:36,2014-05-04 00:14:21,42.75
1399156490620000658,20000658,2014-05-03 23:34:50,2014-05-04 00:03:05,28.25
1399156513620000279,20000279,2014-05-03 23:35:13,2014-05-04 00:02:28,27.25
1399156601620000671,20000671,2014-05-03 23:36:41,2014-05-04 00:04:11,27.50
1399156669620000686,20000686,2014-05-03 23:37:49,2014-05-04 00:08:04,30.25
1399156749620000276,20000276,2014-05-03 23:39:09,2014-05-04 00:05:39,26.50
1399156838620000450,20000450,2014-05-03 23:40:38,2014-05-04 00:00:23,19.75
1399157026620000023,20000023,2014-05-03 23:43:46,2014-05-04 00:01:31,17.75
1399157166620000430,20000430,2014-05-03 23:46:06,2014-05-04 00:05:21,19.25
1399157224620000003,20000003,2014-05-03 23:47:04,2014-05-04 00:02:19,15.25
1399157277620000239,20000239,2014-05-03 23:47:57,2014-05-04 00:04:57,17.00
1399157305620000653,20000653,2014-05-03 23:48:25,2014-05-04 00:24:25,36.00
1399157354620000388,20000388,2014-05-03 23:49:14,2014-05-04 00:35:29,46.25
1399157357620000038,20000038,2014-05-03 23:49:17,2014-05-04 00:03:47,14.50
1399157385620000046,20000046,2014-05-03 23:49:45,2014-05-04 00:07:00,17.25
1399157393620000520,20000520,2014-05-03 23:49:53,2014-05-04 00:03:23,13.50
1399157447620000616,20000616,2014-05-03 23:50:47,2014-05-04 00:00:47,10.00
1399157468620000612,20000612,2014-05-03 23:51:08,2014-05-04 00:03:53,12.75
1399157493620000325,20000325,2014-05-03 23:51:33,2014-05-04 00:01:33,10.00
1399157502620000058,20000058,2014-05-03 23:51:42,2014-05-04 00:10:42,19.00
1399157552620000307,20000307,2014-05-03 23:52:32,2014-05-04 00:04:17,11.75
1399157563620000421,20000421,2014-05-03 23:52:43,2014-05-04 00:01:43,9.00
1399157564620000588,20000588,2014-05-03 23:52:44,2014-05-04 00:07:14,14.50
1399157566620000031,20000031,2014-05-03 23:52:46,2014-05-04 00:07:01,14.25
1399157570620000216,20000216,2014-05-03 23:52:50,2014-05-04 00:03:20,10.50
1399157589620000423,20000423,2014-05-03 23:53:09,2014-05-04 00:07:54,14.75
1399157611620000006,20000006,2014-05-03 23:53:31,2014-05-04 00:02:46,9.25
1399157615620000465,20000465,2014-05-03 23:53:35,2014-05-04 00:01:20,7.75
1399157629620000561,20000561,2014-05-03 23:53:49,2014-05-04 00:08:34,14.75
1399157649620000514,20000514,2014-05-03 23:54:09,2014-05-04 00:05:24,11.25
1399157675620000904,20000904,2014-05-03 23:54:35,2014-05-04 00:07:35,13.00
1399157676620000571,20000571,2014-05-03 23:54:36,2014-05-04 00:01:21,6.75
1399157682620000160,20000160,2014-05-03 23:54:42,2014-05-04 00:06:42,12.00
1399157694620000436,20000436,2014-05-03 23:54:54,2014-05-04 00:01:09,6.25
1399157702620000504,20000504,2014-05-03 23:55:02,2014-05-04 00:05:02,10.00
1399157712620000453,20000453,2014-05-03 23:55:12,2014-05-04 00:05:27,10.25
1399157717620000184,20000184,2014-05-03 23:55:17,2014-05-04 00:11:17,16.00
1399157717620000497,20000497,2014-05-03 23:55:17,2014-05-04 00:03:47,8.50
1399157727620000166,20000166,2014-05-03 23:55:27,2014-05-04 00:02:42,7.25
1399157736620000632,20000632,2014-05-03 23:55:36,2014-05-04 00:05:51,10.25
1399157739620000338,20000338,2014-05-03 23:55:39,2014-05-04 00:03:39,8.00
1399157753620000288,20000288,2014-05-03 23:55:53,2014-05-04 00:35:08,39.25
1399157768620000591,20000591,2014-05-03 23:56:08,2014-05-04 00:10:38,14.50
1399157771620000901,20000901,2014-05-03 23:56:11,2014-05-04 00:11:41,15.50
1399157777620000409,20000409,2014-05-03 23:56:17,2014-05-04 00:13:02,16.75
1399157801620000463,20000463,2014-05-03 23:56:41,2014-05-04 00:09:41,13.00
1399157803620000403,20000403,2014-05-03 23:56:43,2014-05-04 00:02:43,6.00
1399157807620000013,20000013,2014-05-03 23:56:47,2014-05-04 00:00:32,3.75
1399157818620000681,20000681,2014-05-03 23:56:58,2014-05-04 00:13:58,17.00
1399157823620000010,20000010,2014-05-03 23:57:03,2014-05-04 00:10:03,13.00
1399157830620000621,20000621,2014-05-03 23:57:10,2014-05-04 00:07:25,10.25
1399157839620000012,20000012,2014-05-03 23:57:19,2014-05-04 00:07:49,10.50
1399157840620000076,20000076,2014-05-03 23:57:20,2014-05-04 00:08:05,10.75
1399157843620000067,20000067,2014-05-03 23:57:23,2014-05-04 00:08:23,11.00
1399157849620000001,20000001,2014-05-03 23:57:29,2014-05-04 00:07:44,10.25
1399157878620000576,20000576,2014-05-03 23:57:58,2014-05-04 00:08:13,10.25
1399157892620000455,20000455,2014-05-03 23:58:12,2014-05-04 00:12:12,14.00
1399157933620000256,20000256,2014-05-03 23:58:53,2014-05-04 00:15:38,16.75
1399157936620000011,20000011,2014-05-03 23:58:56,2014-05-04 00:17:56,19.00
1399157955620000343,20000343,2014-05-03 23:59:15,2014-05-04 00:08:45,9.50
1399157958620000268,20000268,2014-05-03 23:59:18,2014-05-04 00:08:33,9.25
1399157960620000554,20000554,2014-05-03 23:59:20,2014-05-04 00:16:50,17.50
1399157967620000105,20000105,2014-05-03 23:59:27,2014-05-04 00:05:12,5.75
1399239732620000009,20000009,2014-05-04 22:42:12,2014-05-05 01:10:42,148.50
1399243165620000288,20000288,2014-05-04 23:39:25,2014-05-05 00:07:25,28.00
1399243622620000678,20000678,2014-05-04 23:47:02,2014-05-05 00:00:02,13.00
1399243741620000121,20000121,2014-05-04 23:49:01,2014-05-05 00:03:31,14.50
1399243743620000651,20000651,2014-05-04 23:49:03,2014-05-05 00:01:03,12.00
1399243747620000108,20000108,2014-05-04 23:49:07,2014-05-05 00:00:37,11.50
1399243767620000309,20000309,2014-05-04 23:49:27,2014-05-05 00:04:42,15.25
1399243771620000633,20000633,2014-05-04 23:49:31,2014-05-05 00:02:31,13.00
1399243833620000542,20000542,2014-05-04 23:50:33,2014-05-05 00:11:03,20.50
1399243869620000393,20000393,2014-05-04 23:51:09,2014-05-05 00:07:24,16.25
1399243884620000657,20000657,2014-05-04 23:51:24,2014-05-05 00:00:39,9.25
1399243914620000161,20000161,2014-05-04 23:51:54,2014-05-05 00:07:39,15.75
1399243932620000517,20000517,2014-05-04 23:52:12,2014-05-05 00:03:57,11.75
1399243941620000481,20000481,2014-05-04 23:52:21,2014-05-05 00:02:36,10.25
1399243949620000612,20000612,2014-05-04 23:52:29,2014-05-05 00:04:14,11.75
1399243973620000199,20000199,2014-05-04 23:52:53,2014-05-05 00:01:53,9.00
1399243983620000450,20000450,2014-05-04 23:53:03,2014-05-05 00:11:33,18.50
1399244022620000648,20000648,2014-05-04 23:53:42,2014-05-05 00:01:12,7.50
1399244034620000658,20000658,2014-05-04 23:53:54,2014-05-05 00:04:09,10.25
1399244058620000325,20000325,2014-05-04 23:54:18,2014-05-05 00:05:33,11.25
1399244068620000089,20000089,2014-05-04 23:54:28,2014-05-05 00:03:43,9.25
1399244079620000332,20000332,2014-05-04 23:54:39,2014-05-05 00:09:24,14.75
1399244089620000509,20000509,2014-05-04 23:54:49,2014-05-05 00:01:04,6.25
1399244092620000196,20000196,2014-05-04 23:54:52,2014-05-05 00:12:22,17.50
1399244118620000665,20000665,2014-05-04 23:55:18,2014-05-05 00:00:48,5.50
1399244148620000076,20000076,2014-05-04 23:55:48,2014-05-05 00:04:48,9.00
1399244156620000381,20000381,2014-05-04 23:55:56,2014-05-05 00:01:11,5.25
1399244168620000153,20000153,2014-05-04 23:56:08,2014-05-05 00:04:53,8.75
1399244261620000557,20000557,2014-05-04 23:57:41,2014-05-05 00:16:11,18.50
1399244269620000675,20000675,2014-05-04 23:57:49,2014-05-05 00:06:19,8.50
1399244270620000476,20000476,2014-05-04 23:57:50,2014-05-05 00:00:35,2.75
1399244291620000119,20000119,2014-05-04 23:58:11,2014-05-05 00:08:11,10.00
1399244291620000600,20000600,2014-05-04 23:58:11,2014-05-05 00:03:11,5.00
1399244295620000075,20000075,2014-05-04 23:58:15,2014-05-05 00:07:00,8.75
1399244300620000279,20000279,2014-05-04 23:58:20,2014-05-05 00:08:05,9.75
1399244338620000602,20000602,2014-05-04 23:58:58,2014-05-05 00:11:58,13.00
1399244370620000260,20000260,2014-05-04 23:59:30,2014-05-05 00:04:30,5.00
1399326576620000009,20000009,2014-05-05 22:49:36,2014-05-06 00:52:51,123.25
1399329801620000455,20000455,2014-05-05 23:43:21,2014-05-06 00:02:21,19.00
1399330026620000611,20000611,2014-05-05 23:47:06,2014-05-06 00:04:21,17.25
1399330028620000648,20000648,2014-05-05 23:47:08,2014-05-06 00:02:38,15.50
1399330059620000190,20000190,2014-05-05 23:47:39,2014-05-06 00:37:39,50.00
1399330152620000486,20000486,2014-05-05 23:49:12,2014-05-06 00:01:27,12.25
1399330158620000020,20000020,2014-05-05 23:49:18,2014-05-06 00:05:33,16.25
1399330199620000680,20000680,2014-05-05 23:49:59,2014-05-06 00:09:14,19.25
1399330309620000089,20000089,2014-05-05 23:51:49,2014-05-06 00:07:04,15.25
1399330319620000697,20000697,2014-05-05 23:51:59,2014-05-06 00:03:59,12.00
1399330340620000419,20000419,2014-05-05 23:52:20,2014-05-06 00:10:35,18.25
1399330402620000285,20000285,2014-05-05 23:53:22,2014-05-06 00:02:52,9.50
1399330460620000038,20000038,2014-05-05 23:54:20,2014-05-06 00:04:20,10.00
1399330463620000249,20000249,2014-05-05 23:54:23,2014-05-06 00:00:38,6.25
1399330514620000112,20000112,2014-05-05 23:55:14,2014-05-06 00:14:59,19.75
1399330546620000671,20000671,2014-05-05 23:55:46,2014-05-06 00:02:31,6.75
1399330585620000154,20000154,2014-05-05 23:56:25,2014-05-06 00:05:40,9.25
1399330618620000179,20000179,2014-05-05 23:56:58,2014-05-06 00:07:13,10.25
1399330643620000002,20000002,2014-05-05 23:57:23,2014-05-06 00:39:23,42.00
1399330655620000621,20000621,2014-05-05 23:57:35,2014-05-06 00:05:35,8.00
1399330660620000196,20000196,2014-05-05 23:57:40,2014-05-06 00:01:25,3.75
1399330701620000595,20000595,2014-05-05 23:58:21,2014-05-06 00:08:51,10.50
1399330717620000571,20000571,2014-05-05 23:58:37,2014-05-06 00:10:52,12.25
1399330727620000465,20000465,2014-05-05 23:58:47,2014-05-06 00:07:47,9.00
1399330743620000338,20000338,2014-05-05 23:59:03,2014-05-06 00:08:18,9.25
1399330754620000472,20000472,2014-05-05 23:59:14,2014-05-06 00:09:29,10.25
1399330755620000362,20000362,2014-05-05 23:59:15,2014-05-06 00:14:30,15.25
1399330769620000514,20000514,2014-05-05 23:59:29,2014-05-06 02:00:59,121.50
1399330789620000446,20000446,2014-05-05 23:59:49,2014-05-06 00:03:34,3.75
1399413250620000009,20000009,2014-05-06 22:54:10,2014-05-07 01:07:25,133.25
1399415478620000053,20000053,2014-05-06 23:31:18,2014-05-07 00:01:03,29.75
1399415486620000334,20000334,2014-05-06 23:31:26,2014-05-07 00:00:11,28.75
1399416327620000051,20000051,2014-05-06 23:45:27,2014-05-07 00:01:27,16.00
1399416333620000561,20000561,2014-05-06 23:45:33,2014-05-07 00:00:33,15.00
1399416384620000456,20000456,2014-05-06 23:46:24,2014-05-07 00:19:39,33.25
1399416443620000395,20000395,2014-05-06 23:47:23,2014-05-07 00:01:08,13.75
1399416505620000012,20000012,2014-05-06 23:48:25,2014-05-07 00:00:40,12.25
1399416561620000602,20000602,2014-05-06 23:49:21,2014-05-07 00:06:21,17.00
1399416618620000195,20000195,2014-05-06 23:50:18,2014-05-07 00:03:48,13.50
1399416631620000678,20000678,2014-05-06 23:50:31,2014-05-07 00:02:31,12.00
1399416633620000020,20000020,2014-05-06 23:50:33,2014-05-07 00:09:33,19.00
1399416640620000640,20000640,2014-05-06 23:50:40,2014-05-07 00:08:25,17.75
1399416654620000109,20000109,2014-05-06 23:50:54,2014-05-07 00:04:09,13.25
1399416674620000514,20000514,2014-05-06 23:51:14,2014-05-07 00:03:14,12.00
1399416678620000626,20000626,2014-05-06 23:51:18,2014-05-07 00:06:48,15.50
1399416689620000098,20000098,2014-05-06 23:51:29,2014-05-07 00:07:44,16.25
1399416691620000440,20000440,2014-05-06 23:51:31,2014-05-07 00:05:31,14.00
1399416694620000697,20000697,2014-05-06 23:51:34,2014-05-07 00:02:04,10.50
1399416697620000320,20000320,2014-05-06 23:51:37,2014-05-07 00:02:07,10.50
1399416707620000225,20000225,2014-05-06 23:51:47,2014-05-07 00:04:02,12.25
1399416722620000672,20000672,2014-05-06 23:52:02,2014-05-07 00:05:17,13.25
1399416806620000688,20000688,2014-05-06 23:53:26,2014-05-07 00:16:56,23.50
1399416810620000161,20000161,2014-05-06 23:53:30,2014-05-07 00:09:15,15.75
1399416822620000518,20000518,2014-05-06 23:53:42,2014-05-07 00:01:12,7.50
1399416827620000609,20000609,2014-05-06 23:53:47,2014-05-07 00:01:02,7.25
1399416847620000166,20000166,2014-05-06 23:54:07,2014-05-07 00:02:37,8.50
1399416855620000548,20000548,2014-05-06 23:54:15,2014-05-07 00:00:15,6.00
1399416868620000516,20000516,2014-05-06 23:54:28,2014-05-07 00:10:43,16.25
1399416896620000361,20000361,2014-05-06 23:54:56,2014-05-07 00:05:26,10.50
1399416914620000054,20000054,2014-05-06 23:55:14,2014-05-07 00:15:44,20.50
1399416915620000199,20000199,2014-05-06 23:55:15,2014-05-07 00:06:45,11.50
1399416948620000546,20000546,2014-05-06 23:55:48,2014-05-07 00:07:48,12.00
1399416969620000067,20000067,2014-05-06 23:56:09,2014-05-07 00:05:39,9.50
1399416973620000076,20000076,2014-05-06 23:56:13,2014-05-07 00:08:13,12.00
1399416994620000196,20000196,2014-05-06 23:56:34,2014-05-07 00:03:04,6.50
1399416997620000224,20000224,2014-05-06 23:56:37,2014-05-07 00:09:07,12.50
1399417024620000242,20000242,2014-05-06 23:57:04,2014-05-07 00:08:49,11.75
1399417027620000324,20000324,2014-05-06 23:57:07,2014-05-07 00:04:07,7.00
1399417046620000002,20000002,2014-05-06 23:57:26,2014-05-07 00:11:26,14.00
1399417060620000571,20000571,2014-05-06 23:57:40,2014-05-07 00:11:55,14.25
1399417071620000136,20000136,2014-05-06 23:57:51,2014-05-07 00:09:21,11.50
1399417078620000023,20000023,2014-05-06 23:57:58,2014-05-07 00:10:58,13.00
1399417081620000307,20000307,2014-05-06 23:58:01,2014-05-07 00:09:46,11.75
1399417134620000042,20000042,2014-05-06 23:58:54,2014-05-07 00:14:54,16.00
1399417141620000297,20000297,2014-05-06 23:59:01,2014-05-07 00:06:31,7.50
1399417154620000153,20000153,2014-05-06 23:59:14,2014-05-07 00:07:29,8.25
1399417171620000387,20000387,2014-05-06 23:59:31,2014-05-07 00:09:31,10.00
1399417187620000129,20000129,2014-05-06 23:59:47,2014-05-07 00:08:32,8.75
1399417189620000601,20000601,2014-05-06 23:59:49,2014-05-07 00:04:34,4.75
1399498767620000688,20000688,2014-05-07 22:39:27,2014-05-08 01:04:27,145.00
1399501911620000395,20000395,2014-05-07 23:31:51,2014-05-08 00:21:06,49.25
1399502449620000005,20000005,2014-05-07 23:40:49,2014-05-08 00:18:19,37.50
1399502668620000129,20000129,2014-05-07 23:44:28,2014-05-08 00:01:43,17.25
1399502727620000276,20000276,2014-05-07 23:45:27,2014-05-08 00:02:42,17.25
1399502903620000624,20000624,2014-05-07 23:48:23,2014-05-08 00:01:38,13.25
1399502965620000672,20000672,2014-05-07 23:49:25,2014-05-08 00:00:25,11.00
1399502976620000030,20000030,2014-05-07 23:49:36,2014-05-08 00:00:36,11.00
1399502988620000370,20000370,2014-05-07 23:49:48,2014-05-08 00:01:18,11.50
1399503022620000353,20000353,2014-05-07 23:50:22,2014-05-08 00:07:37,17.25
1399503024620000297,20000297,2014-05-07 23:50:24,2014-05-08 00:04:54,14.50
1399503046620000465,20000465,2014-05-07 23:50:46,2014-05-08 00:00:31,9.75
1399503055620000450,20000450,2014-05-07 23:50:55,2014-05-08 00:01:25,10.50
1399503067620000157,20000157,2014-05-07 23:51:07,2014-05-08 00:04:52,13.75
1399503092620000268,20000268,2014-05-07 23:51:32,2014-05-08 00:03:32,12.00
1399503147620000617,20000617,2014-05-07 23:52:27,2014-05-08 00:02:57,10.50
1399503178620000651,20000651,2014-05-07 23:52:58,2014-05-08 00:09:58,17.00
1399503189620000057,20000057,2014-05-07 23:53:09,2014-05-08 00:04:24,11.25
1399503199620000042,20000042,2014-05-07 23:53:19,2014-05-08 00:03:19,10.00
1399503232620000089,20000089,2014-05-07 23:53:52,2014-05-08 00:04:37,10.75
1399503271620000419,20000419,2014-05-07 23:54:31,2014-05-08 00:04:31,10.00
1399503279620000231,20000231,2014-05-07 23:54:39,2014-05-08 00:03:09,8.50
1399503294620000067,20000067,2014-05-07 23:54:54,2014-05-08 00:04:39,9.75
1399503319620000341,20000341,2014-05-07 23:55:19,2014-05-08 00:00:49,5.50
1399503367620000356,20000356,2014-05-07 23:56:07,2014-05-08 00:10:22,14.25
1399503372620000304,20000304,2014-05-07 23:56:12,2014-05-08 00:28:12,32.00
1399503415620000514,20000514,2014-05-07 23:56:55,2014-05-08 00:03:55,7.00
1399503441620000359,20000359,2014-05-07 23:57:21,2014-05-08 00:10:06,12.75
1399503503620000903,20000903,2014-05-07 23:58:23,2014-05-08 00:06:23,8.00
1399503504620000160,20000160,2014-05-07 23:58:24,2014-05-08 00:07:39,9.25
1399503530620000046,20000046,2014-05-07 23:58:50,2014-05-08 00:09:50,11.00
1399503534620000453,20000453,2014-05-07 23:58:54,2014-05-08 00:15:24,16.50
1399503547620000610,20000610,2014-05-07 23:59:07,2014-05-08 00:16:52,17.75
1399503556620000007,20000007,2014-05-07 23:59:16,2014-05-08 00:03:01,3.75
1399503576620000517,20000517,2014-05-07 23:59:36,2014-05-08 00:11:21,11.75
1399585781620000009,20000009,2014-05-08 22:49:41,2014-05-09 00:47:26,117.75
1399587944620000648,20000648,2014-05-08 23:25:44,2014-05-09 00:39:59,74.25
1399588614620000081,20000081,2014-05-08 23:36:54,2014-05-09 00:17:39,40.75
1399589186620000548,20000548,2014-05-08 23:46:26,2014-05-09 00:02:41,16.25
1399589231620000332,20000332,2014-05-08 23:47:11,2014-05-09 00:04:26,17.25
1399589360620000506,20000506,2014-05-08 23:49:20,2014-05-09 00:00:50,11.50
1399589369620000030,20000030,2014-05-08 23:49:29,2014-05-09 00:03:29,14.00
1399589586620000129,20000129,2014-05-08 23:53:06,2014-05-09 00:05:36,12.50
1399589675620000173,20000173,2014-05-08 23:54:35,2014-05-09 00:13:35,19.00
1399589688620000904,20000904,2014-05-08 23:54:48,2014-05-09 00:07:03,12.25
1399589714620000649,20000649,2014-05-08 23:55:14,2014-05-09 00:13:44,18.50
1399589763620000686,20000686,2014-05-08 23:56:03,2014-05-09 00:09:33,13.50
1399589768620000196,20000196,2014-05-08 23:56:08,2014-05-09 00:32:23,36.25
1399589768620000561,20000561,2014-05-08 23:56:08,2014-05-09 00:00:08,4.00
1399589787620000452,20000452,2014-05-08 23:56:27,2014-05-09 00:05:42,9.25
1399589820620000467,20000467,2014-05-08 23:57:00,2014-05-09 00:03:15,6.25
1399589855620000387,20000387,2014-05-08 23:57:35,2014-05-09 00:06:50,9.25
1399589862620000255,20000255,2014-05-08 23:57:42,2014-05-09 00:05:57,8.25
1399589880620000688,20000688,2014-05-08 23:58:00,2014-05-09 00:21:00,23.00
1399589907620000610,20000610,2014-05-08 23:58:27,2014-05-09 00:15:42,17.25
1399589915620000343,20000343,2014-05-08 23:58:35,2014-05-09 00:08:35,10.00
1399589930620000060,20000060,2014-05-08 23:58:50,2014-05-09 00:15:50,17.00
1399589941620000483,20000483,2014-05-08 23:59:01,2014-05-09 00:03:46,4.75
1399589986620000192,20000192,2014-05-08 23:59:46,2014-05-09 00:05:31,5.75
1399671692620000009,20000009,2014-05-09 22:41:32,2014-05-10 00:34:32,113.00
1399675351620000343,20000343,2014-05-09 23:42:31,2014-05-10 00:01:01,18.50
1399675384620000085,20000085,2014-05-09 23:43:04,2014-05-10 00:04:34,21.50
1399675519620000249,20000249,2014-05-09 23:45:19,2014-05-10 00:11:19,26.00
1399675591620000076,20000076,2014-05-09 23:46:31,2014-05-10 00:01:16,14.75
1399675591620000618,20000618,2014-05-09 23:46:31,2014-05-10 00:09:01,22.50
1399675621620000612,20000612,2014-05-09 23:47:01,2014-05-10 00:01:31,14.50
1399675808620000561,20000561,2014-05-09 23:50:08,2014-05-10 00:05:08,15.00
1399675835620000311,20000311,2014-05-09 23:50:35,2014-05-10 00:06:35,16.00
1399675840620000570,20000570,2014-05-09 23:50:40,2014-05-10 00:00:25,9.75
1399675867620000269,20000269,2014-05-09 23:51:07,2014-05-10 00:13:07,22.00
1399675913620000002,20000002,2014-05-09 23:51:53,2014-05-10 00:04:23,12.50
1399675922620000598,20000598,2014-05-09 23:52:02,2014-05-10 00:02:47,10.75
1399675948620000006,20000006,2014-05-09 23:52:28,2014-05-10 00:00:43,8.25
1399675986620000224,20000224,2014-05-09 23:53:06,2014-05-10 00:17:36,24.50
1399675986620000295,20000295,2014-05-09 23:53:06,2014-05-10 00:08:51,15.75
1399676031620000157,20000157,2014-05-09 23:53:51,2014-05-10 00:10:36,16.75
1399676032620000664,20000664,2014-05-09 23:53:52,2014-05-10 00:02:52,9.00
1399676033620000216,20000216,2014-05-09 23:53:53,2014-05-10 00:00:08,6.25
1399676080620000010,20000010,2014-05-09 23:54:40,2014-05-10 00:12:55,18.25
1399676080620000453,20000453,2014-05-09 23:54:40,2014-05-10 00:01:55,7.25
1399676097620000195,20000195,2014-05-09 23:54:57,2014-05-10 00:06:12,11.25
1399676104620000372,20000372,2014-05-09 23:55:04,2014-05-10 00:01:49,6.75
1399676120620000494,20000494,2014-05-09 23:55:20,2014-05-10 00:01:05,5.75
1399676135620000158,20000158,2014-05-09 23:55:35,2014-05-10 00:05:50,10.25
1399676138620000012,20000012,2014-05-09 23:55:38,2014-05-10 00:02:08,6.50
1399676141620000013,20000013,2014-05-09 23:55:41,2014-05-10 00:01:26,5.75
1399676142620000042,20000042,2014-05-09 23:55:42,2014-05-10 00:03:12,7.50
1399676142620000167,20000167,2014-05-09 23:55:42,2014-05-10 00:17:27,21.75
1399676156620000161,20000161,2014-05-09 23:55:56,2014-05-10 00:00:11,4.25
1399676233620000046,20000046,2014-05-09 23:57:13,2014-05-10 00:04:28,7.25
1399676256620000529,20000529,2014-05-09 23:57:36,2014-05-10 00:03:21,5.75
1399676266620000616,20000616,2014-05-09 23:57:46,2014-05-10 00:10:31,12.75
1399676270620000554,20000554,2014-05-09 23:57:50,2014-05-10 00:10:05,12.25
1399676278620000610,20000610,2014-05-09 23:57:58,2014-05-10 00:18:28,20.50
1399676290620000513,20000513,2014-05-09 23:58:10,2014-05-10 00:05:40,7.50
1399676294620000436,20000436,2014-05-09 23:58:14,2014-05-10 00:08:14,10.00
1399676307620000670,20000670,2014-05-09 23:58:27,2014-05-10 00:10:57,12.50
1399676313620000467,20000467,2014-05-09 23:58:33,2014-05-10 00:12:33,14.00
1399676353620000179,20000179,2014-05-09 23:59:13,2014-05-10 00:15:43,16.50
1399676354620000268,20000268,2014-05-09 23:59:14,2014-05-10 00:09:14,10.00
1399676392620000184,20000184,2014-05-09 23:59:52,2014-05-10 00:03:52,4.00
1399758237620000009,20000009,2014-05-10 22:43:57,2014-05-11 00:53:57,130.00
1399761475620000224,20000224,2014-05-10 23:37:55,2014-05-11 00:24:55,47.00
1399761744620000190,20000190,2014-05-10 23:42:24,2014-05-11 00:03:54,21.50
1399761766620000012,20000012,2014-05-10 23:42:46,2014-05-11 00:03:01,20.25
1399761798620000554,20000554,2014-05-10 23:43:18,2014-05-11 00:03:48,20.50
1399761815620000472,20000472,2014-05-10 23:43:35,2014-05-11 00:03:50,20.25
1399761874620000431,20000431,2014-05-10 23:44:34,2014-05-11 00:02:04,17.50
1399761881620000403,20000403,2014-05-10 23:44:41,2014-05-11 00:01:41,17.00
1399761899620000271,20000271,2014-05-10 23:44:59,2014-05-11 00:01:59,17.00
1399761902620000288,20000288,2014-05-10 23:45:02,2014-05-11 00:02:17,17.25
1399761903620000492,20000492,2014-05-10 23:45:03,2014-05-11 00:01:18,16.25
1399762043620000004,20000004,2014-05-10 23:47:23,2014-05-11 00:06:38,19.25
1399762087620000520,20000520,2014-05-10 23:48:07,2014-05-11 00:01:52,13.75
1399762100620000006,20000006,2014-05-10 23:48:20,2014-05-11 00:00:05,11.75
1399762124620000570,20000570,2014-05-10 23:48:44,2014-05-11 00:02:14,13.50
1399762166620000667,20000667,2014-05-10 23:49:26,2014-05-11 00:06:11,16.75
1399762271620000188,20000188,2014-05-10 23:51:11,2014-05-11 00:03:56,12.75
1399762373620000688,20000688,2014-05-10 23:52:53,2014-05-11 00:25:53,33.00
1399762379620000108,20000108,2014-05-10 23:52:59,2014-05-11 00:05:59,13.00
1399762424620000664,20000664,2014-05-10 23:53:44,2014-05-11 00:00:59,7.25
1399762460620000076,20000076,2014-05-10 23:54:20,2014-05-11 00:05:05,10.75
1399762468620000626,20000626,2014-05-10 23:54:28,2014-05-11 00:05:43,11.25
1399762479620000465,20000465,2014-05-10 23:54:39,2014-05-11 00:06:24,11.75
1399762484620000324,20000324,2014-05-10 23:54:44,2014-05-11 00:06:44,12.00
1399762527620000665,20000665,2014-05-10 23:55:27,2014-05-11 00:14:42,19.25
1399762540620000364,20000364,2014-05-10 23:55:40,2014-05-11 00:15:40,20.00
1399762547620000577,20000577,2014-05-10 23:55:47,2014-05-11 00:07:32,11.75
1399762554620000154,20000154,2014-05-10 23:55:54,2014-05-11 00:02:24,6.50
1399762554620000503,20000503,2014-05-10 23:55:54,2014-05-11 00:07:39,11.75
1399762600620000308,20000308,2014-05-10 23:56:40,2014-05-11 00:24:40,28.00
1399762620620000671,20000671,2014-05-10 23:57:00,2014-05-11 00:03:00,6.00
1399762626620000430,20000430,2014-05-10 23:57:06,2014-05-11 00:05:21,8.25
1399762665620000158,20000158,2014-05-10 23:57:45,2014-05-11 00:07:45,10.00
1399762672620000010,20000010,2014-05-10 23:57:52,2014-05-11 00:07:52,10.00
1399762694620000359,20000359,2014-05-10 23:58:14,2014-05-11 00:12:44,14.50
1399762721620000384,20000384,2014-05-10 23:58:41,2014-05-11 00:06:56,8.25
1399762753620000334,20000334,2014-05-10 23:59:13,2014-05-11 00:14:43,15.50
1399762764620000686,20000686,2014-05-10 23:59:24,2014-05-11 00:11:09,11.75
1399762780620000161,20000161,2014-05-10 23:59:40,2014-05-11 00:18:25,18.75
1399844475620000009,20000009,2014-05-11 22:41:15,2014-05-12 00:44:00,122.75
1399847535620000529,20000529,2014-05-11 23:32:15,2014-05-12 00:01:15,29.00
1399848010620000337,20000337,2014-05-11 23:40:10,2014-05-12 00:04:40,24.50
1399848142620000456,20000456,2014-05-11 23:42:22,2014-05-12 00:13:22,31.00
1399848364620000012,20000012,2014-05-11 23:46:04,2014-05-12 00:01:34,15.50
1399848518620000173,20000173,2014-05-11 23:48:38,2014-05-12 00:04:38,16.00
1399848617620000640,20000640,2014-05-11 23:50:17,2014-05-12 00:07:17,17.00
1399848624620000307,20000307,2014-05-11 23:50:24,2014-05-12 00:08:24,18.00
1399848713620000665,20000665,2014-05-11 23:51:53,2014-05-12 00:01:38,9.75
1399848767620000670,20000670,2014-05-11 23:52:47,2014-05-12 00:09:47,17.00
1399848871620000179,20000179,2014-05-11 23:54:31,2014-05-12 00:12:01,17.50
1399848899620000483,20000483,2014-05-11 23:54:59,2014-05-12 00:01:59,7.00
1399848929620000361,20000361,2014-05-11 23:55:29,2014-05-12 00:01:59,6.50
1399848935620000325,20000325,2014-05-11 23:55:35,2014-05-12 00:02:35,7.00
1399848955620000081,20000081,2014-05-11 23:55:55,2014-05-12 00:18:10,22.25
1399931897620000009,20000009,2014-05-12 22:58:17,2014-05-13 00:46:47,108.50
1399934490620000042,20000042,2014-05-12 23:41:30,2014-05-13 00:08:30,27.00
1399935112620000263,20000263,2014-05-12 23:51:52,2014-05-13 00:03:37,11.75
1399935154620000473,20000473,2014-05-12 23:52:34,2014-05-13 00:16:04,23.50
1399935336620000632,20000632,2014-05-12 23:55:36,2014-05-13 00:06:06,10.50
1399935358620000503,20000503,2014-05-12 23:55:58,2014-05-13 00:10:28,14.50
1399935412620000285,20000285,2014-05-12 23:56:52,2014-05-13 00:11:07,14.25
1399935415620000540,20000540,2014-05-12 23:56:55,2014-05-13 00:17:25,20.50
1399935467620000554,20000554,2014-05-12 23:57:47,2014-05-13 00:13:47,16.00
1399935495620000497,20000497,2014-05-12 23:58:15,2014-05-13 00:07:45,9.50
1400012871620000252,20000252,2014-05-13 21:27:51,2014-05-14 00:06:21,158.50
1400017557620000009,20000009,2014-05-13 22:45:57,2014-05-14 00:13:27,87.50
1400021201620000002,20000002,2014-05-13 23:46:41,2014-05-14 00:02:56,16.25
1400021234620000392,20000392,2014-05-13 23:47:14,2014-05-14 00:02:59,15.75
1400021238620000589,20000589,2014-05-13 23:47:18,2014-05-14 00:03:18,16.00
1400021341620000901,20000901,2014-05-13 23:49:01,2014-05-14 00:00:01,11.00
1400021445620000670,20000670,2014-05-13 23:50:45,2014-05-14 00:06:45,16.00
1400021637620000060,20000060,2014-05-13 23:53:57,2014-05-14 00:00:42,6.75
1400021672620000263,20000263,2014-05-13 23:54:32,2014-05-14 00:04:02,9.50
1400021703620000120,20000120,2014-05-13 23:55:03,2014-05-14 00:04:48,9.75
1400021744620000403,20000403,2014-05-13 23:55:44,2014-05-14 00:00:14,4.50
1400021777620000434,20000434,2014-05-13 23:56:17,2014-05-14 00:06:17,10.00
1400021844620000680,20000680,2014-05-13 23:57:24,2014-05-14 00:03:24,6.00
1400021853620000664,20000664,2014-05-13 23:57:33,2014-05-14 00:04:18,6.75
1400021907620000395,20000395,2014-05-13 23:58:27,2014-05-14 00:11:42,13.25
1400021965620000242,20000242,2014-05-13 23:59:25,2014-05-14 00:06:10,6.75
1400021965620000508,20000508,2014-05-13 23:59:25,2014-05-14 00:12:10,12.75
1400104026620000009,20000009,2014-05-14 22:47:06,2014-05-15 00:31:51,104.75
1400105007620000297,20000297,2014-05-14 23:03:27,2014-05-15 00:09:27,66.00
1400106183620000351,20000351,2014-05-14 23:23:03,2014-05-15 00:01:18,38.25
1400107340620000387,20000387,2014-05-14 23:42:20,2014-05-15 00:01:35,19.25
1400107581620000450,20000450,2014-05-14 23:46:21,2014-05-15 00:05:06,18.75
1400107852620000598,20000598,2014-05-14 23:50:52,2014-05-15 00:04:37,13.75
1400107860620000216,20000216,2014-05-14 23:51:00,2014-05-15 00:26:00,35.00
1400107984620000114,20000114,2014-05-14 23:53:04,2014-05-15 00:04:34,11.50
1400108013620000600,20000600,2014-05-14 23:53:33,2014-05-15 00:10:18,16.75
1400108034620000263,20000263,2014-05-14 23:53:54,2014-05-15 00:03:39,9.75
1400108056620000455,20000455,2014-05-14 23:54:16,2014-05-15 00:02:01,7.75
1400108120620000307,20000307,2014-05-14 23:55:20,2014-05-15 00:17:35,22.25
1400108155620000273,20000273,2014-05-14 23:55:55,2014-05-15 00:02:55,7.00
1400108166620000012,20000012,2014-05-14 23:56:06,2014-05-15 00:03:21,7.25
1400108171620000045,20000045,2014-05-14 23:56:11,2014-05-15 00:24:11,28.00
1400108232620000486,20000486,2014-05-14 23:57:12,2014-05-15 00:03:12,6.00
1400108310620000276,20000276,2014-05-14 23:58:30,2014-05-15 00:11:15,12.75
1400108370620000542,20000542,2014-05-14 23:59:30,2014-05-15 00:04:00,4.50
1400108393620000476,20000476,2014-05-14 23:59:53,2014-05-15 00:07:23,7.50
1400190348620000009,20000009,2014-05-15 22:45:48,2014-05-16 00:16:33,90.75
1400192660620000520,20000520,2014-05-15 23:24:20,2014-05-16 00:08:20,44.00
1400193588620000680,20000680,2014-05-15 23:39:48,2014-05-16 00:10:03,30.25
1400193987620000305,20000305,2014-05-15 23:46:27,2014-05-16 00:00:57,14.50
1400194054620000136,20000136,2014-05-15 23:47:34,2014-05-16 00:07:49,20.25
1400194111620000008,20000008,2014-05-15 23:48:31,2014-05-16 00:00:16,11.75
1400194165620000333,20000333,2014-05-15 23:49:25,2014-05-16 00:03:40,14.25
1400194204620000403,20000403,2014-05-15 23:50:04,2014-05-16 00:04:04,14.00
1400194211620000297,20000297,2014-05-15 23:50:11,2014-05-16 00:02:26,12.25
1400194372620000632,20000632,2014-05-15 23:52:52,2014-05-16 00:02:22,9.50
1400194428620000005,20000005,2014-05-15 23:53:48,2014-05-16 00:00:33,6.75
1400194472620000216,20000216,2014-05-15 23:54:32,2014-05-16 00:22:47,28.25
1400194487620000687,20000687,2014-05-15 23:54:47,2014-05-16 00:05:02,10.25
1400194515620000670,20000670,2014-05-15 23:55:15,2014-05-16 00:03:30,8.25
1400194516620000154,20000154,2014-05-15 23:55:16,2014-05-16 00:01:31,6.25
1400194534620000665,20000665,2014-05-15 23:55:34,2014-05-16 00:05:49,10.25
1400194539620000074,20000074,2014-05-15 23:55:39,2014-05-16 00:13:39,18.00
1400194545620000688,20000688,2014-05-15 23:55:45,2014-05-16 00:01:15,5.50
1400194552620000497,20000497,2014-05-15 23:55:52,2014-05-16 00:03:22,7.50
1400194671620000456,20000456,2014-05-15 23:57:51,2014-05-16 00:06:21,8.50
1400194685620000192,20000192,2014-05-15 23:58:05,2014-05-16 00:24:20,26.25
1400194707620000081,20000081,2014-05-15 23:58:27,2014-05-16 00:08:12,9.75
1400194732620000153,20000153,2014-05-15 23:58:52,2014-05-16 00:03:22,4.50
1400194752620000231,20000231,2014-05-15 23:59:12,2014-05-16 00:56:42,57.50
1400194776620000576,20000576,2014-05-15 23:59:36,2014-05-16 00:07:51,8.25
1400276803620000009,20000009,2014-05-16 22:46:43,2014-05-17 00:28:13,101.50
1400277721620000668,20000668,2014-05-16 23:02:01,2014-05-17 00:04:46,62.75
1400278212620000344,20000344,2014-05-16 23:10:12,2014-05-17 00:18:42,68.50
1400278776620000653,20000653,2014-05-16 23:19:36,2014-05-17 00:06:36,47.00
1400279882620000617,20000617,2014-05-16 23:38:02,2014-05-17 00:02:02,24.00
1400279986620000376,20000376,2014-05-16 23:39:46,2014-05-17 00:02:16,22.50
1400280290620000307,20000307,2014-05-16 23:44:50,2014-05-17 00:33:05,48.25
1400280346620000472,20000472,2014-05-16 23:45:46,2014-05-17 00:10:46,25.00
1400280535620000364,20000364,2014-05-16 23:48:55,2014-05-17 00:03:40,14.75
1400280562620000589,20000589,2014-05-16 23:49:22,2014-05-17 00:06:37,17.25
1400280622620000011,20000011,2014-05-16 23:50:22,2014-05-17 00:03:22,13.00
1400280665620000057,20000057,2014-05-16 23:51:05,2014-05-17 00:03:20,12.25
1400280686620000042,20000042,2014-05-16 23:51:26,2014-05-17 00:11:56,20.50
1400280712620000305,20000305,2014-05-16 23:51:52,2014-05-17 00:05:37,13.75
1400280748620000171,20000171,2014-05-16 23:52:28,2014-05-17 00:03:43,11.25
1400280765620000406,20000406,2014-05-16 23:52:45,2014-05-17 00:07:15,14.50
1400280778620000649,20000649,2014-05-16 23:52:58,2014-05-17 00:04:58,12.00
1400280788620000423,20000423,2014-05-16 23:53:08,2014-05-17 00:01:23,8.25
1400280807620000101,20000101,2014-05-16 23:53:27,2014-05-17 00:01:12,7.75
1400280827620000424,20000424,2014-05-16 23:53:47,2014-05-17 00:03:47,10.00
1400280893620000463,20000463,2014-05-16 23:54:53,2014-05-17 00:10:38,15.75
1400280909620000178,20000178,2014-05-16 23:55:09,2014-05-17 00:08:54,13.75
1400280938620000304,20000304,2014-05-16 23:55:38,2014-05-17 00:04:53,9.25
1400280950620000495,20000495,2014-05-16 23:55:50,2014-05-17 00:02:35,6.75
1400280954620000285,20000285,2014-05-16 23:55:54,2014-05-17 00:04:54,9.00
1400280954620000626,20000626,2014-05-16 23:55:54,2014-05-17 00:08:24,12.50
1400281012620000672,20000672,2014-05-16 23:56:52,2014-05-17 00:10:07,13.25
1400281036620000092,20000092,2014-05-16 23:57:16,2014-05-17 00:04:01,6.75
1400281044620000120,20000120,2014-05-16 23:57:24,2014-05-17 00:11:09,13.75
1400281062620000002,20000002,2014-05-16 23:57:42,2014-05-17 00:10:12,12.50
1400281062620000503,20000503,2014-05-16 23:57:42,2014-05-17 00:10:12,12.50
1400281084620000572,20000572,2014-05-16 23:58:04,2014-05-17 00:12:04,14.00
1400281119620000403,20000403,2014-05-16 23:58:39,2014-05-17 00:03:24,4.75
1400281143620000108,20000108,2014-05-16 23:59:03,2014-05-17 00:06:33,7.50
1400281194620000488,20000488,2014-05-16 23:59:54,2014-05-17 00:11:09,11.25
1400312076620000562,20000562,2014-05-17 08:34:36,2014-05-18 00:42:21,967.75
1400366099620000224,20000224,2014-05-17 23:34:59,2014-05-18 01:03:44,88.75
1400366313620000173,20000173,2014-05-17 23:38:33,2014-05-18 00:02:48,24.25
1400366373620000256,20000256,2014-05-17 23:39:33,2014-05-18 00:01:48,22.25
1400366411620000011,20000011,2014-05-17 23:40:11,2014-05-18 00:00:26,20.25
1400366462620000129,20000129,2014-05-17 23:41:02,2014-05-18 00:07:17,26.25
1400366469620000456,20000456,2014-05-17 23:41:09,2014-05-18 01:01:24,80.25
1400366469620000671,20000671,2014-05-17 23:41:09,2014-05-18 01:03:54,82.75
1400366545620000540,20000540,2014-05-17 23:42:25,2014-05-18 00:08:55,26.50
1400366556620000372,20000372,2014-05-17 23:42:36,2014-05-18 00:00:06,17.50
1400366595620000436,20000436,2014-05-17 23:43:15,2014-05-18 00:02:45,19.50
1400366675620000483,20000483,2014-05-17 23:44:35,2014-05-18 00:00:20,15.75
1400366699620000610,20000610,2014-05-17 23:44:59,2014-05-18 00:15:29,30.50
1400366738620000013,20000013,2014-05-17 23:45:38,2014-05-18 00:09:23,23.75
1400366821620000497,20000497,2014-05-17 23:47:01,2014-05-18 00:08:46,21.75
1400366822620000216,20000216,2014-05-17 23:47:02,2014-05-18 00:12:17,25.25
1400366914620000514,20000514,2014-05-17 23:48:34,2014-05-18 00:01:19,12.75
1400366995620000002,20000002,2014-05-17 23:49:55,2014-05-18 00:09:25,19.50
1400367096620000503,20000503,2014-05-17 23:51:36,2014-05-18 00:01:21,9.75
1400367107620000157,20000157,2014-05-17 23:51:47,2014-05-18 00:00:17,8.50
1400367239620000239,20000239,2014-05-17 23:53:59,2014-05-18 00:05:14,11.25
1400367327620000121,20000121,2014-05-17 23:55:27,2014-05-18 00:03:42,8.25
1400367368620000625,20000625,2014-05-17 23:56:08,2014-05-18 00:07:38,11.50
1400367373620000254,20000254,2014-05-17 23:56:13,2014-05-18 00:09:28,13.25
1400367381620000345,20000345,2014-05-17 23:56:21,2014-05-18 00:05:51,9.50
1400367423620000260,20000260,2014-05-17 23:57:03,2014-05-18 00:18:48,21.75
1400367462620000337,20000337,2014-05-17 23:57:42,2014-05-18 00:08:12,10.50
1400367508620000665,20000665,2014-05-17 23:58:28,2014-05-18 00:12:58,14.50
1400367531620000648,20000648,2014-05-17 23:58:51,2014-05-18 00:13:06,14.25
1400367550620000285,20000285,2014-05-17 23:59:10,2014-05-18 00:09:25,10.25
1400367571620000142,20000142,2014-05-17 23:59:31,2014-05-18 00:09:46,10.25
1400367596620000179,20000179,2014-05-17 23:59:56,2014-05-18 00:04:56,5.00
1400449537620000009,20000009,2014-05-18 22:45:37,2014-05-19 00:53:37,128.00
1400452632620000013,20000013,2014-05-18 23:37:12,2014-05-19 00:11:12,34.00
1400453100620000334,20000334,2014-05-18 23:45:00,2014-05-19 00:02:45,17.75
1400453178620000376,20000376,2014-05-18 23:46:18,2014-05-19 00:13:48,27.50
1400453253620000076,20000076,2014-05-18 23:47:33,2014-05-19 00:02:48,15.25
1400453342620000010,20000010,2014-05-18 23:49:02,2014-05-19 00:24:32,35.50
1400453426620000648,20000648,2014-05-18 23:50:26,2014-05-19 00:03:56,13.50
1400453528620000173,20000173,2014-05-18 23:52:08,2014-05-19 00:04:08,12.00
1400453536620000263,20000263,2014-05-18 23:52:16,2014-05-19 00:01:01,8.75
1400453588620000192,20000192,2014-05-18 23:53:08,2014-05-19 00:08:08,15.00
1400453593620000171,20000171,2014-05-18 23:53:13,2014-05-19 00:13:13,20.00
1400453659620000372,20000372,2014-05-18 23:54:19,2014-05-19 00:14:19,20.00
1400453694620000463,20000463,2014-05-18 23:54:54,2014-05-19 00:02:09,7.25
1400453697620000611,20000611,2014-05-18 23:54:57,2014-05-19 00:09:42,14.75
1400453751620000576,20000576,2014-05-18 23:55:51,2014-05-19 00:00:36,4.75
1400453755620000904,20000904,2014-05-18 23:55:55,2014-05-19 00:03:55,8.00
1400453825620000560,20000560,2014-05-18 23:57:05,2014-05-19 00:08:05,11.00
1400453869620000309,20000309,2014-05-18 23:57:49,2014-05-19 00:04:04,6.25
1400453902620000621,20000621,2014-05-18 23:58:22,2014-05-19 00:03:22,5.00
1400453903620000651,20000651,2014-05-18 23:58:23,2014-05-19 00:07:08,8.75
1400453931620000089,20000089,2014-05-18 23:58:51,2014-05-19 00:11:21,12.50
1400453945620000698,20000698,2014-05-18 23:59:05,2014-05-19 00:07:05,8.00
1400453959620000395,20000395,2014-05-18 23:59:19,2014-05-19 00:25:34,26.25
1400535934620000009,20000009,2014-05-19 22:45:34,2014-05-20 00:38:04,112.50
1400538305620000008,20000008,2014-05-19 23:25:05,2014-05-20 00:00:05,35.00
1400539221620000626,20000626,2014-05-19 23:40:21,2014-05-20 00:05:06,24.75
1400539558620000901,20000901,2014-05-19 23:45:58,2014-05-20 00:01:13,15.25
1400539705620000256,20000256,2014-05-19 23:48:25,2014-05-20 00:03:10,14.75
1400539811620000672,20000672,2014-05-19 23:50:11,2014-05-20 00:03:11,13.00
1400539826620000473,20000473,2014-05-19 23:50:26,2014-05-20 00:01:41,11.25
1400539999620000518,20000518,2014-05-19 23:53:19,2014-05-20 00:03:49,10.50
1400540057620000089,20000089,2014-05-19 23:54:17,2014-05-20 00:02:47,8.50
1400540136620000359,20000359,2014-05-19 23:55:36,2014-05-20 00:05:36,10.00
1400540136620000361,20000361,2014-05-19 23:55:36,2014-05-20 00:01:21,5.75
1400540256620000603,20000603,2014-05-19 23:57:36,2014-05-20 00:29:51,32.25
1400540340620000621,20000621,2014-05-19 23:59:00,2014-05-20 00:17:00,18.00
1400540342620000233,20000233,2014-05-19 23:59:02,2014-05-20 00:10:32,11.50
1400625429620000403,20000403,2014-05-20 23:37:09,2014-05-21 00:12:09,35.00
1400625561620000120,20000120,2014-05-20 23:39:21,2014-05-21 00:01:21,22.00
1400625591620000160,20000160,2014-05-20 23:39:51,2014-05-21 00:01:21,21.50
1400625978620000670,20000670,2014-05-20 23:46:18,2014-05-21 00:02:33,16.25
1400626142620000153,20000153,2014-05-20 23:49:02,2014-05-21 00:00:32,11.50
1400626390620000042,20000042,2014-05-20 23:53:10,2014-05-21 00:01:40,8.50
1400626444620000651,20000651,2014-05-20 23:54:04,2014-05-21 00:07:04,13.00
1400626479620000008,20000008,2014-05-20 23:54:39,2014-05-21 00:10:09,15.50
1400626493620000626,20000626,2014-05-20 23:54:53,2014-05-21 00:05:08,10.25
1400626551620000686,20000686,2014-05-20 23:55:51,2014-05-21 00:02:06,6.25
1400626602620000045,20000045,2014-05-20 23:56:42,2014-05-21 00:09:12,12.50
1400626618620000337,20000337,2014-05-20 23:56:58,2014-05-21 01:00:13,63.25
1400626628620000610,20000610,2014-05-20 23:57:08,2014-05-21 00:06:38,9.50
1400626629620000263,20000263,2014-05-20 23:57:09,2014-05-21 00:10:09,13.00
1400626721620000598,20000598,2014-05-20 23:58:41,2014-05-21 00:14:41,16.00
1400626757620000465,20000465,2014-05-20 23:59:17,2014-05-21 00:06:32,7.25
1400626772620000624,20000624,2014-05-20 23:59:32,2014-05-21 00:08:17,8.75
1400626788620000376,20000376,2014-05-20 23:59:48,2014-05-21 00:04:48,5.00
1400711643620000395,20000395,2014-05-21 23:34:03,2014-05-22 00:19:48,45.75
1400712525620000450,20000450,2014-05-21 23:48:45,2014-05-22 00:06:45,18.00
1400712637620000603,20000603,2014-05-21 23:50:37,2014-05-22 00:01:22,10.75
1400712644620000486,20000486,2014-05-21 23:50:44,2014-05-22 00:03:59,13.25
1400712781620000233,20000233,2014-05-21 23:53:01,2014-05-22 00:05:16,12.25
1400712819620000268,20000268,2014-05-21 23:53:39,2014-05-22 00:05:24,11.75
1400712828620000089,20000089,2014-05-21 23:53:48,2014-05-22 00:06:18,12.50
1400712836620000060,20000060,2014-05-21 23:53:56,2014-05-22 00:06:11,12.25
1400712837620000698,20000698,2014-05-21 23:53:57,2014-05-22 00:07:42,13.75
1400712878620000307,20000307,2014-05-21 23:54:38,2014-05-22 00:28:08,33.50
1400712895620000621,20000621,2014-05-21 23:54:55,2014-05-22 00:03:10,8.25
1400712900620000263,20000263,2014-05-21 23:55:00,2014-05-22 00:08:00,13.00
1400712921620000675,20000675,2014-05-21 23:55:21,2014-05-22 00:01:21,6.00
1400712949620000309,20000309,2014-05-21 23:55:49,2014-05-22 00:09:04,13.25
1400712950620000269,20000269,2014-05-21 23:55:50,2014-05-22 00:04:50,9.00
1400713021620000038,20000038,2014-05-21 23:57:01,2014-05-22 00:05:31,8.50
1400713023620000671,20000671,2014-05-21 23:57:03,2014-05-22 00:07:03,10.00
1400713038620000904,20000904,2014-05-21 23:57:18,2014-05-22 00:02:03,4.75
1400713044620000361,20000361,2014-05-21 23:57:24,2014-05-22 00:12:09,14.75
1400713061620000010,20000010,2014-05-21 23:57:41,2014-05-22 00:22:11,24.50
1400713091620000136,20000136,2014-05-21 23:58:11,2014-05-22 00:09:26,11.25
1400713161620000554,20000554,2014-05-21 23:59:21,2014-05-22 00:05:21,6.00
1400713169620000252,20000252,2014-05-21 23:59:29,2014-05-22 00:03:44,4.25
1400713170620000367,20000367,2014-05-21 23:59:30,2014-05-22 00:12:00,12.50
1400713172620000540,20000540,2014-05-21 23:59:32,2014-05-22 00:12:32,13.00
1400797029620000307,20000307,2014-05-22 23:17:09,2014-05-23 00:00:24,43.25
1400797067620000057,20000057,2014-05-22 23:17:47,2014-05-23 00:04:17,46.50
1400797940620000668,20000668,2014-05-22 23:32:20,2014-05-23 00:24:20,52.00
1400798159620000002,20000002,2014-05-22 23:35:59,2014-05-23 00:32:44,56.75
1400798271620000023,20000023,2014-05-22 23:37:51,2014-05-23 00:00:21,22.50
1400798340620000129,20000129,2014-05-22 23:39:00,2014-05-23 00:09:45,30.75
1400798438620000376,20000376,2014-05-22 23:40:38,2014-05-23 00:00:23,19.75
1400798697620000621,20000621,2014-05-22 23:44:57,2014-05-23 00:01:57,17.00
1400798923620000161,20000161,2014-05-22 23:48:43,2014-05-23 00:14:43,26.00
1400798941620000119,20000119,2014-05-22 23:49:01,2014-05-23 00:04:16,15.25
1400798955620000671,20000671,2014-05-22 23:49:15,2014-05-23 00:00:00,10.75
1400799156620000387,20000387,2014-05-22 23:52:36,2014-05-23 00:03:06,10.50
1400799237620000092,20000092,2014-05-22 23:53:57,2014-05-23 00:05:27,11.50
1400799269620000268,20000268,2014-05-22 23:54:29,2014-05-23 00:04:44,10.25
1400799340620000430,20000430,2014-05-22 23:55:40,2014-05-23 00:02:25,6.75
1400799376620000140,20000140,2014-05-22 23:56:16,2014-05-23 00:04:31,8.25
1400799415620000473,20000473,2014-05-22 23:56:55,2014-05-23 00:03:10,6.25
1400799438620000356,20000356,2014-05-22 23:57:18,2014-05-23 00:04:18,7.00
1400799466620000488,20000488,2014-05-22 23:57:46,2014-05-23 00:01:46,4.00
1400799506620000482,20000482,2014-05-22 23:58:26,2014-05-23 00:03:41,5.25
1400799506620000497,20000497,2014-05-22 23:58:26,2014-05-23 00:05:26,7.00
1400799528620000010,20000010,2014-05-22 23:58:48,2014-05-23 00:12:48,14.00
1400883235620000074,20000074,2014-05-23 23:13:55,2014-05-24 00:19:40,65.75
1400884029620000456,20000456,2014-05-23 23:27:09,2014-05-24 00:06:54,39.75
1400884425620000250,20000250,2014-05-23 23:33:45,2014-05-24 01:00:30,86.75
1400884501620000161,20000161,2014-05-23 23:35:01,2014-05-24 00:01:01,26.00
1400884761620000668,20000668,2014-05-23 23:39:21,2014-05-24 00:25:36,46.25
1400884952620000276,20000276,2014-05-23 23:42:32,2014-05-24 00:04:47,22.25
1400884964620000288,20000288,2014-05-23 23:42:44,2014-05-24 00:07:29,24.75
1400885047620000424,20000424,2014-05-23 23:44:07,2014-05-24 00:00:37,16.50
1400885200620000260,20000260,2014-05-23 23:46:40,2014-05-24 00:08:10,21.50
1400885319620000372,20000372,2014-05-23 23:48:39,2014-05-24 00:00:39,12.00
1400885333620000081,20000081,2014-05-23 23:48:53,2014-05-24 00:02:53,14.00
1400885344620000295,20000295,2014-05-23 23:49:04,2014-05-24 00:02:19,13.25
1400885349620000157,20000157,2014-05-23 23:49:09,2014-05-24 00:15:24,26.25
1400885354620000540,20000540,2014-05-23 23:49:14,2014-05-24 00:14:29,25.25
1400885368620000626,20000626,2014-05-23 23:49:28,2014-05-24 00:24:28,35.00
1400885399620000089,20000089,2014-05-23 23:49:59,2014-05-24 00:01:29,11.50
1400885432620000121,20000121,2014-05-23 23:50:32,2014-05-24 00:04:02,13.50
1400885470620000610,20000610,2014-05-23 23:51:10,2014-05-24 00:03:40,12.50
1400885483620000518,20000518,2014-05-23 23:51:23,2014-05-24 00:01:23,10.00
1400885491620000576,20000576,2014-05-23 23:51:31,2014-05-24 00:02:01,10.50
1400885503620000658,20000658,2014-05-23 23:51:43,2014-05-24 00:03:58,12.25
1400885560620000508,20000508,2014-05-23 23:52:40,2014-05-24 00:10:25,17.75
1400885571620000216,20000216,2014-05-23 23:52:51,2014-05-24 00:15:21,22.50
1400885581620000254,20000254,2014-05-23 23:53:01,2014-05-24 00:04:31,11.50
1400885631620000328,20000328,2014-05-23 23:53:51,2014-05-24 00:02:51,9.00
1400885692620000060,20000060,2014-05-23 23:54:52,2014-05-24 00:08:07,13.25
1400885702620000120,20000120,2014-05-23 23:55:02,2014-05-24 00:09:17,14.25
1400885709620000285,20000285,2014-05-23 23:55:09,2014-05-24 00:06:39,11.50
1400885717620000263,20000263,2014-05-23 23:55:17,2014-05-24 00:08:47,13.50
1400885745620000129,20000129,2014-05-23 23:55:45,2014-05-24 00:02:15,6.50
1400885760620000224,20000224,2014-05-23 23:56:00,2014-05-24 00:06:15,10.25
1400885774620000467,20000467,2014-05-23 23:56:14,2014-05-24 00:05:44,9.50
1400885817620000356,20000356,2014-05-23 23:56:57,2014-05-24 00:02:57,6.00
1400885829620000108,20000108,2014-05-23 23:57:09,2014-05-24 00:04:24,7.25
1400885840620000338,20000338,2014-05-23 23:57:20,2014-05-24 00:05:35,8.25
1400885874620000451,20000451,2014-05-23 23:57:54,2014-05-24 00:06:54,9.00
1400885883620000195,20000195,2014-05-23 23:58:03,2014-05-24 00:03:18,5.25
1400885910620000268,20000268,2014-05-23 23:58:30,2014-05-24 00:21:30,23.00
1400885936620000577,20000577,2014-05-23 23:58:56,2014-05-24 00:10:11,11.25
1400885951620000435,20000435,2014-05-23 23:59:11,2014-05-24 00:06:11,7.00
1400885980620000591,20000591,2014-05-23 23:59:40,2014-05-24 00:07:25,7.75
1400885987620000307,20000307,2014-05-23 23:59:47,2014-05-24 00:16:17,16.50
1400966074620000611,20000611,2014-05-24 22:14:34,2014-05-25 00:14:19,119.75
1400970065620000625,20000625,2014-05-24 23:21:05,2014-05-25 00:07:20,46.25
1400971078620000190,20000190,2014-05-24 23:37:58,2014-05-25 00:51:28,73.50
1400971391620000020,20000020,2014-05-24 23:43:11,2014-05-25 00:00:11,17.00
1400971618620000565,20000565,2014-05-24 23:46:58,2014-05-25 00:01:13,14.25
1400971642620000610,20000610,2014-05-24 23:47:22,2014-05-25 00:01:22,14.00
1400971743620000120,20000120,2014-05-24 23:49:03,2014-05-25 00:11:03,22.00
1400971826620000006,20000006,2014-05-24 23:50:26,2014-05-25 00:01:11,10.75
1400971854620000698,20000698,2014-05-24 23:50:54,2014-05-25 00:10:09,19.25
1400971982620000612,20000612,2014-05-24 23:53:02,2014-05-25 00:02:47,9.75
1400971991620000576,20000576,2014-05-24 23:53:11,2014-05-25 00:08:26,15.25
1400972063620000618,20000618,2014-05-24 23:54:23,2014-05-25 00:04:23,10.00
1400972160620000042,20000042,2014-05-24 23:56:00,2014-05-25 00:08:45,12.75
1400972167620000364,20000364,2014-05-24 23:56:07,2014-05-25 00:08:07,12.00
1400972192620000337,20000337,2014-05-24 23:56:32,2014-05-25 00:05:47,9.25
1400972192620000671,20000671,2014-05-24 23:56:32,2014-05-25 00:06:47,10.25
1400972219620000589,20000589,2014-05-24 23:56:59,2014-05-25 00:03:29,6.50
1400972280620000114,20000114,2014-05-24 23:58:00,2014-05-25 00:07:45,9.75
1400972310620000067,20000067,2014-05-24 23:58:30,2014-05-25 00:10:45,12.25
1400972314620000482,20000482,2014-05-24 23:58:34,2014-05-25 00:02:19,3.75
1400972323620000142,20000142,2014-05-24 23:58:43,2014-05-25 00:05:28,6.75
1401057912620000476,20000476,2014-05-25 23:45:12,2014-05-26 00:20:57,35.75
1401058034620000403,20000403,2014-05-25 23:47:14,2014-05-26 00:03:59,16.75
1401058319620000483,20000483,2014-05-25 23:51:59,2014-05-26 00:00:44,8.75
1401058357620000254,20000254,2014-05-25 23:52:37,2014-05-26 00:08:22,15.75
1401058381620000325,20000325,2014-05-25 23:53:01,2014-05-26 00:28:46,35.75
1401058390620000529,20000529,2014-05-25 23:53:10,2014-05-26 00:07:25,14.25
1401058422620000621,20000621,2014-05-25 23:53:42,2014-05-26 00:00:42,7.00
1401058478620000451,20000451,2014-05-25 23:54:38,2014-05-26 00:02:08,7.50
1401058482620000611,20000611,2014-05-25 23:54:42,2014-05-26 00:05:27,10.75
1401058530620000525,20000525,2014-05-25 23:55:30,2014-05-26 00:01:15,5.75
1401058560620000171,20000171,2014-05-25 23:56:00,2014-05-26 00:01:30,5.50
1401058705620000610,20000610,2014-05-25 23:58:25,2014-05-26 00:11:40,13.25
1401058774620000503,20000503,2014-05-25 23:59:34,2014-05-26 00:11:19,11.75
1401142696620000594,20000594,2014-05-26 23:18:16,2014-05-27 00:19:01,60.75
1401143818620000665,20000665,2014-05-26 23:36:58,2014-05-27 00:13:28,36.50
1401143912620000285,20000285,2014-05-26 23:38:32,2014-05-27 00:03:47,25.25
1401144105620000288,20000288,2014-05-26 23:41:45,2014-05-27 00:00:00,18.25
1401144315620000154,20000154,2014-05-26 23:45:15,2014-05-27 00:15:00,29.75
1401144522620000387,20000387,2014-05-26 23:48:42,2014-05-27 00:17:12,28.50
1401144905620000450,20000450,2014-05-26 23:55:05,2014-05-27 00:07:20,12.25
1401144911620000670,20000670,2014-05-26 23:55:11,2014-05-27 00:02:56,7.75
1401144945620000297,20000297,2014-05-26 23:55:45,2014-05-27 00:03:00,7.25
1401144962620000624,20000624,2014-05-26 23:56:02,2014-05-27 00:05:02,9.00
1401144969620000002,20000002,2014-05-26 23:56:09,2014-05-27 00:07:24,11.25
1401144992620000359,20000359,2014-05-26 23:56:32,2014-05-27 00:06:47,10.25
1401145043620000617,20000617,2014-05-26 23:57:23,2014-05-27 00:10:23,13.00
1401145045620000351,20000351,2014-05-26 23:57:25,2014-05-27 00:04:10,6.75
1401145107620000254,20000254,2014-05-26 23:58:27,2014-05-27 00:07:27,9.00
1401145134620000224,20000224,2014-05-26 23:58:54,2014-05-27 00:11:54,13.00
1401226879620000013,20000013,2014-05-27 22:41:19,2014-05-28 00:02:19,81.00
1401229400620000074,20000074,2014-05-27 23:23:20,2014-05-28 00:04:50,41.50
1401230300620000901,20000901,2014-05-27 23:38:20,2014-05-28 00:02:05,23.75
1401230319620000598,20000598,2014-05-27 23:38:39,2014-05-28 00:08:09,29.50
1401230534620000595,20000595,2014-05-27 23:42:14,2014-05-28 00:00:59,18.75
1401231112620000446,20000446,2014-05-27 23:51:52,2014-05-28 00:02:22,10.50
1401231133620000263,20000263,2014-05-27 23:52:13,2014-05-28 00:08:28,16.25
1401231136620000611,20000611,2014-05-27 23:52:16,2014-05-28 00:06:31,14.25
1401231276620000525,20000525,2014-05-27 23:54:36,2014-05-28 00:05:51,11.25
1401231286620000325,20000325,2014-05-27 23:54:46,2014-05-28 00:08:31,13.75
1401231350620000042,20000042,2014-05-27 23:55:50,2014-05-28 00:02:35,6.75
1401231350620000167,20000167,2014-05-27 23:55:50,2014-05-28 00:00:20,4.50
1401231384620000269,20000269,2014-05-27 23:56:24,2014-05-28 00:01:09,4.75
1401231385620000346,20000346,2014-05-27 23:56:25,2014-05-28 00:26:25,30.00
1401231432620000688,20000688,2014-05-27 23:57:12,2014-05-28 00:07:12,10.00
1401231443620000008,20000008,2014-05-27 23:57:23,2014-05-28 00:06:23,9.00
1401231455620000215,20000215,2014-05-27 23:57:35,2014-05-28 00:09:35,12.00
1401231471620000672,20000672,2014-05-27 23:57:51,2014-05-28 00:07:51,10.00
1401231495620000009,20000009,2014-05-27 23:58:15,2014-05-28 00:16:45,18.50
1401231502620000249,20000249,2014-05-27 23:58:22,2014-05-28 00:08:52,10.50
1401231520620000473,20000473,2014-05-27 23:58:40,2014-05-28 00:03:25,4.75
1401231539620000571,20000571,2014-05-27 23:58:59,2014-05-28 00:16:29,17.50
1401231548620000304,20000304,2014-05-27 23:59:08,2014-05-28 00:08:38,9.50
1401231570620000192,20000192,2014-05-27 23:59:30,2014-05-28 00:07:15,7.75
1401315317620000665,20000665,2014-05-28 23:15:17,2014-05-29 00:02:32,47.25
1401315617620000574,20000574,2014-05-28 23:20:17,2014-05-29 00:25:47,65.50
1401316203620000239,20000239,2014-05-28 23:30:03,2014-05-29 00:01:03,31.00
1401316744620000303,20000303,2014-05-28 23:39:04,2014-05-29 00:18:34,39.50
1401317051620000372,20000372,2014-05-28 23:44:11,2014-05-29 00:10:11,26.00
1401317125620000120,20000120,2014-05-28 23:45:25,2014-05-29 00:11:40,26.25
1401317248620000118,20000118,2014-05-28 23:47:28,2014-05-29 00:03:43,16.25
1401317309620000430,20000430,2014-05-28 23:48:29,2014-05-29 00:01:44,13.25
1401317357620000670,20000670,2014-05-28 23:49:17,2014-05-29 00:02:02,12.75
1401317369620000129,20000129,2014-05-28 23:49:29,2014-05-29 00:01:44,12.25
1401317414620000499,20000499,2014-05-28 23:50:14,2014-05-29 00:03:59,13.75
1401317472620000577,20000577,2014-05-28 23:51:12,2014-05-29 00:04:42,13.50
1401317532620000625,20000625,2014-05-28 23:52:12,2014-05-29 00:00:27,8.25
1401317550620000327,20000327,2014-05-28 23:52:30,2014-05-29 00:07:00,14.50
1401317589620000395,20000395,2014-05-28 23:53:09,2014-05-29 00:54:54,61.75
1401317617620000465,20000465,2014-05-28 23:53:37,2014-05-29 00:00:22,6.75
1401317654620000671,20000671,2014-05-28 23:54:14,2014-05-29 00:03:59,9.75
1401317747620000616,20000616,2014-05-28 23:55:47,2014-05-29 00:01:02,5.25
1401317782620000015,20000015,2014-05-28 23:56:22,2014-05-29 00:04:52,8.50
1401317840620000687,20000687,2014-05-28 23:57:20,2014-05-29 00:09:35,12.25
1401317843620000320,20000320,2014-05-28 23:57:23,2014-05-29 00:07:08,9.75
1401317885620000038,20000038,2014-05-28 23:58:05,2014-05-29 00:00:50,2.75
1401317892620000595,20000595,2014-05-28 23:58:12,2014-05-29 00:07:27,9.25
1401317935620000601,20000601,2014-05-28 23:58:55,2014-05-29 00:06:25,7.50
1401317963620000337,20000337,2014-05-28 23:59:23,2014-05-29 00:08:23,9.00
1401317968620000624,20000624,2014-05-28 23:59:28,2014-05-29 00:07:43,8.25
1401400388620000190,20000190,2014-05-29 22:53:08,2014-05-30 00:57:08,124.00
1401402250620000307,20000307,2014-05-29 23:24:10,2014-05-30 00:05:10,41.00
1401403128620000005,20000005,2014-05-29 23:38:48,2014-05-30 00:03:03,24.25
1401403508620000398,20000398,2014-05-29 23:45:08,2014-05-30 00:05:08,20.00
1401403547620000311,20000311,2014-05-29 23:45:47,2014-05-30 00:05:17,19.50
1401403679620000297,20000297,2014-05-29 23:47:59,2014-05-30 00:00:29,12.50
1401403708620000548,20000548,2014-05-29 23:48:28,2014-05-30 00:19:58,31.50
1401403720620000456,20000456,2014-05-29 23:48:40,2014-05-30 00:04:55,16.25
1401403991620000616,20000616,2014-05-29 23:53:11,2014-05-30 00:03:26,10.25
1401404020620000570,20000570,2014-05-29 23:53:40,2014-05-30 00:01:25,7.75
1401404233620000395,20000395,2014-05-29 23:57:13,2014-05-30 00:16:58,19.75
1401404266620000196,20000196,2014-05-29 23:57:46,2014-05-30 00:02:01,4.25
1401404305620000057,20000057,2014-05-29 23:58:25,2014-05-30 00:33:10,34.75
1401404314620000472,20000472,2014-05-29 23:58:34,2014-05-30 00:06:19,7.75
1401404350620000446,20000446,2014-05-29 23:59:10,2014-05-30 01:13:10,74.00
1401404353620000263,20000263,2014-05-29 23:59:13,2014-05-30 00:10:28,11.25
1401404362620000483,20000483,2014-05-29 23:59:22,2014-05-30 00:11:52,12.50
1401486473620000419,20000419,2014-05-30 22:47:53,2014-05-31 00:51:38,123.75
1401489424620000381,20000381,2014-05-30 23:37:04,2014-05-31 00:15:49,38.75
1401489753620000403,20000403,2014-05-30 23:42:33,2014-05-31 00:47:03,64.50
1401489815620000548,20000548,2014-05-30 23:43:35,2014-05-31 00:02:20,18.75
1401489998620000216,20000216,2014-05-30 23:46:38,2014-05-31 00:16:23,29.75
1401490000620000311,20000311,2014-05-30 23:46:40,2014-05-31 00:18:55,32.25
1401490006620000668,20000668,2014-05-30 23:46:46,2014-05-31 00:03:16,16.50
1401490098620000307,20000307,2014-05-30 23:48:18,2014-05-31 00:31:03,42.75
1401490099620000085,20000085,2014-05-30 23:48:19,2014-05-31 00:06:19,18.00
1401490109620000431,20000431,2014-05-30 23:48:29,2014-05-31 00:11:14,22.75
1401490192620000456,20000456,2014-05-30 23:49:52,2014-05-31 00:00:52,11.00
1401490224620000455,20000455,2014-05-30 23:50:24,2014-05-31 00:04:54,14.50
1401490295620000541,20000541,2014-05-30 23:51:35,2014-05-31 00:08:20,16.75
1401490313620000692,20000692,2014-05-30 23:51:53,2014-05-31 00:02:08,10.25
1401490325620000199,20000199,2014-05-30 23:52:05,2014-05-31 00:00:05,8.00
1401490335620000173,20000173,2014-05-30 23:52:15,2014-05-31 00:05:30,13.25
1401490421620000239,20000239,2014-05-30 23:53:41,2014-05-31 00:04:26,10.75
1401490435620000263,20000263,2014-05-30 23:53:55,2014-05-31 00:08:25,14.50
1401490436620000338,20000338,2014-05-30 23:53:56,2014-05-31 00:04:56,11.00
1401490446620000472,20000472,2014-05-30 23:54:06,2014-05-31 00:05:51,11.75
1401490448620000188,20000188,2014-05-30 23:54:08,2014-05-31 00:01:23,7.25
1401490472620000252,20000252,2014-05-30 23:54:32,2014-05-31 00:03:17,8.75
1401490486620000561,20000561,2014-05-30 23:54:46,2014-05-31 00:04:16,9.50
1401490487620000196,20000196,2014-05-30 23:54:47,2014-05-31 00:03:02,8.25
1401490517620000273,20000273,2014-05-30 23:55:17,2014-05-31 00:06:47,11.50
1401490521620000600,20000600,2014-05-30 23:55:21,2014-05-31 00:01:36,6.25
1401490565620000612,20000612,2014-05-30 23:56:05,2014-05-31 00:12:05,16.00
1401490578620000503,20000503,2014-05-30 23:56:18,2014-05-31 00:04:18,8.00
1401490614620000687,20000687,2014-05-30 23:56:54,2014-05-31 00:06:24,9.50
1401490650620000364,20000364,2014-05-30 23:57:30,2014-05-31 00:07:15,9.75
1401490662620000038,20000038,2014-05-30 23:57:42,2014-05-31 00:07:57,10.25
1401490677620000178,20000178,2014-05-30 23:57:57,2014-05-31 00:02:12,4.25
1401490682620000450,20000450,2014-05-30 23:58:02,2014-05-31 00:07:02,9.00
1401490698620000333,20000333,2014-05-30 23:58:18,2014-05-31 00:13:33,15.25
1401490727620000698,20000698,2014-05-30 23:58:47,2014-05-31 00:24:32,25.75
1401490773620000395,20000395,2014-05-30 23:59:33,2014-05-31 00:25:03,25.50
1401490775620000406,20000406,2014-05-30 23:59:35,2014-05-31 00:12:50,13.25
1401490777620000010,20000010,2014-05-30 23:59:37,2014-05-31 00:14:22,14.75
1401490799620000179,20000179,2014-05-30 23:59:59,2014-05-31 00:02:29,2.50
1401569225620000009,20000009,2014-05-31 21:47:05,2014-06-01 00:15:20,148.25
1401575938620000406,20000406,2014-05-31 23:38:58,2014-06-01 00:02:28,23.50
1401576098620000285,20000285,2014-05-31 23:41:38,2014-06-01 00:03:53,22.25
1401576208620000119,20000119,2014-05-31 23:43:28,2014-06-01 00:00:43,17.25
1401576230620000129,20000129,2014-05-31 23:43:50,2014-06-01 00:08:20,24.50
1401576394620000541,20000541,2014-05-31 23:46:34,2014-06-01 00:01:19,14.75
1401576397620000611,20000611,2014-05-31 23:46:37,2014-06-01 00:05:22,18.75
1401576577620000271,20000271,2014-05-31 23:49:37,2014-06-01 00:04:07,14.50
1401576609620000430,20000430,2014-05-31 23:50:09,2014-06-01 00:04:54,14.75
1401576652620000601,20000601,2014-05-31 23:50:52,2014-06-01 00:00:37,9.75
1401576653620000398,20000398,2014-05-31 23:50:53,2014-06-01 00:00:38,9.75
1401576707620000388,20000388,2014-05-31 23:51:47,2014-06-01 00:06:47,15.00
1401576707620000509,20000509,2014-05-31 23:51:47,2014-06-01 00:00:02,8.25
1401576709620000041,20000041,2014-05-31 23:51:49,2014-06-01 00:01:19,9.50
1401576721620000076,20000076,2014-05-31 23:52:01,2014-06-01 00:02:16,10.25
1401576744620000625,20000625,2014-05-31 23:52:24,2014-06-01 00:10:39,18.25
1401576745620000570,20000570,2014-05-31 23:52:25,2014-06-01 00:06:25,14.00
1401576767620000136,20000136,2014-05-31 23:52:47,2014-06-01 00:05:17,12.50
1401576809620000403,20000403,2014-05-31 23:53:29,2014-06-01 00:15:29,22.00
1401576810620000548,20000548,2014-05-31 23:53:30,2014-06-01 00:10:15,16.75
1401576815620000288,20000288,2014-05-31 23:53:35,2014-06-01 00:04:50,11.25
1401576815620000361,20000361,2014-05-31 23:53:35,2014-06-01 00:02:50,9.25
1401576860620000343,20000343,2014-05-31 23:54:20,2014-06-01 00:07:05,12.75
1401576872620000540,20000540,2014-05-31 23:54:32,2014-06-01 00:07:32,13.00
1401576873620000565,20000565,2014-05-31 23:54:33,2014-06-01 00:27:03,32.50
1401576875620000595,20000595,2014-05-31 23:54:35,2014-06-01 00:10:50,16.25
1401576887620000658,20000658,2014-05-31 23:54:47,2014-06-01 00:04:47,10.00
1401576901620000687,20000687,2014-05-31 23:55:01,2014-06-01 00:00:46,5.75
1401576910620000451,20000451,2014-05-31 23:55:10,2014-06-01 00:13:10,18.00
1401576912620000351,20000351,2014-05-31 23:55:12,2014-06-01 00:06:57,11.75
1401576948620000337,20000337,2014-05-31 23:55:48,2014-06-01 00:02:33,6.75
1401576965620000503,20000503,2014-05-31 23:56:05,2014-06-01 00:15:35,19.50
1401576997620000561,20000561,2014-05-31 23:56:37,2014-06-01 00:05:07,8.50
1401577002620000008,20000008,2014-05-31 23:56:42,2014-06-01 00:16:12,19.50
1401577009620000678,20000678,2014-05-31 23:56:49,2014-06-01 00:12:04,15.25
1401577012620000188,20000188,2014-05-31 23:56:52,2014-06-01 00:10:52,14.00
1401577018620000347,20000347,2014-05-31 23:56:58,2014-06-01 00:13:13,16.25
1401577047620000179,20000179,2014-05-31 23:57:27,2014-06-01 00:06:27,9.00
1401577068620000252,20000252,2014-05-31 23:57:48,2014-06-01 00:11:18,13.50
1401577075620000364,20000364,2014-05-31 23:57:55,2014-06-01 00:01:55,4.00
1401577080620000303,20000303,2014-05-31 23:58:00,2014-06-01 00:05:45,7.75
1401577096620000239,20000239,2014-05-31 23:58:16,2014-06-01 00:08:01,9.75
1401577125620000675,20000675,2014-05-31 23:58:45,2014-06-01 00:13:45,15.00
1401577132620000688,20000688,2014-05-31 23:58:52,2014-06-01 00:13:37,14.75
1401577140620000045,20000045,2014-05-31 23:59:00,2014-06-01 00:08:45,9.75
1401577150620000105,20000105,2014-05-31 23:59:10,2014-06-01 00:15:40,16.50
1401577153620000003,20000003,2014-05-31 23:59:13,2014-06-01 00:04:28,5.25
1401577165620000015,20000015,2014-05-31 23:59:25,2014-06-01 00:04:55,5.50
1401654572620000502,20000502,2014-06-01 21:29:32,2014-06-02 01:58:32,269.00
1401654742620000009,20000009,2014-06-01 21:32:22,2014-06-02 01:01:37,209.25
1401662139620000381,20000381,2014-06-01 23:35:39,2014-06-02 00:11:24,35.75
1401662455620000508,20000508,2014-06-01 23:40:55,2014-06-02 00:03:25,22.50
1401663024620000611,20000611,2014-06-01 23:50:24,2014-06-02 00:05:54,15.50
1401663081620000105,20000105,2014-06-01 23:51:21,2014-06-02 00:02:21,11.00
1401663196620000360,20000360,2014-06-01 23:53:16,2014-06-02 00:04:01,10.75
1401663206620000686,20000686,2014-06-01 23:53:26,2014-06-02 00:10:56,17.50
1401663207620000406,20000406,2014-06-01 23:53:27,2014-06-02 00:07:57,14.50
1401663236620000140,20000140,2014-06-01 23:53:56,2014-06-02 00:00:41,6.75
1401663334620000372,20000372,2014-06-01 23:55:34,2014-06-02 00:02:34,7.00
1401663337620000003,20000003,2014-06-01 23:55:37,2014-06-02 00:01:52,6.25
1401663361620000254,20000254,2014-06-01 23:56:01,2014-06-02 00:13:46,17.75
1401663378620000473,20000473,2014-06-01 23:56:18,2014-06-02 00:00:18,4.00
1401663380620000167,20000167,2014-06-01 23:56:20,2014-06-02 00:04:20,8.00
1401663415620000624,20000624,2014-06-01 23:56:55,2014-06-02 00:00:40,3.75
1401663434620000269,20000269,2014-06-01 23:57:14,2014-06-02 00:03:14,6.00
1401663476620000250,20000250,2014-06-01 23:57:56,2014-06-02 01:21:26,83.50
1401663485620000012,20000012,2014-06-01 23:58:05,2014-06-02 00:08:35,10.50
1401663505620000601,20000601,2014-06-01 23:58:25,2014-06-02 00:06:10,7.75
1401663522620000387,20000387,2014-06-01 23:58:42,2014-06-02 00:17:42,19.00
1401663531620000190,20000190,2014-06-01 23:58:51,2014-06-02 00:04:51,6.00
1401743284620000472,20000472,2014-06-02 22:08:04,2014-06-03 00:02:34,114.50
1401745355620000009,20000009,2014-06-02 22:42:35,2014-06-03 00:53:20,130.75
1401747719620000902,20000902,2014-06-02 23:21:59,2014-06-03 00:13:44,51.75
1401749115620000395,20000395,2014-06-02 23:45:15,2014-06-03 00:09:00,23.75
1401749285620000653,20000653,2014-06-02 23:48:05,2014-06-03 00:27:35,39.50
1401749338620000387,20000387,2014-06-02 23:48:58,2014-06-03 00:04:58,16.00
1401749385620000473,20000473,2014-06-02 23:49:45,2014-06-03 00:08:30,18.75
1401749414620000285,20000285,2014-06-02 23:50:14,2014-06-03 00:02:44,12.50
1401749416620000598,20000598,2014-06-02 23:50:16,2014-06-03 00:00:46,10.50
1401749426620000337,20000337,2014-06-02 23:50:26,2014-06-03 00:12:26,22.00
1401749450620000632,20000632,2014-06-02 23:50:50,2014-06-03 00:02:50,12.00
1401749493620000307,20000307,2014-06-02 23:51:33,2014-06-03 00:01:48,10.25
1401749506620000565,20000565,2014-06-02 23:51:46,2014-06-03 00:01:46,10.00
1401749540620000600,20000600,2014-06-02 23:52:20,2014-06-03 00:13:05,20.75
1401749547620000311,20000311,2014-06-02 23:52:27,2014-06-03 00:03:12,10.75
1401749556620000548,20000548,2014-06-02 23:52:36,2014-06-03 00:15:21,22.75
1401749598620000626,20000626,2014-06-02 23:53:18,2014-06-03 00:04:33,11.25
1401749619620000007,20000007,2014-06-02 23:53:39,2014-06-03 00:00:39,7.00
1401749656620000577,20000577,2014-06-02 23:54:16,2014-06-03 00:06:01,11.75
1401749707620000254,20000254,2014-06-02 23:55:07,2014-06-03 00:09:22,14.25
1401749867620000030,20000030,2014-06-02 23:57:47,2014-06-03 00:08:47,11.00
1401749882620000252,20000252,2014-06-02 23:58:02,2014-06-03 00:13:47,15.75
1401749969620000488,20000488,2014-06-02 23:59:29,2014-06-03 00:13:59,14.50
1401830622620000009,20000009,2014-06-03 22:23:42,2014-06-04 00:31:27,127.75
1401833580620000540,20000540,2014-06-03 23:13:00,2014-06-04 02:43:15,210.25
1401835511620000195,20000195,2014-06-03 23:45:11,2014-06-04 00:01:11,16.00
1401835865620000030,20000030,2014-06-03 23:51:05,2014-06-04 00:04:20,13.25
1401835925620000423,20000423,2014-06-03 23:52:05,2014-06-04 00:00:05,8.00
1401835956620000167,20000167,2014-06-03 23:52:36,2014-06-04 00:11:21,18.75
1401835958620000263,20000263,2014-06-03 23:52:38,2014-06-04 00:06:23,13.75
1401836007620000020,20000020,2014-06-03 23:53:27,2014-06-04 00:00:27,7.00
1401836012620000031,20000031,2014-06-03 23:53:32,2014-06-04 00:01:32,8.00
1401836090620000453,20000453,2014-06-03 23:54:50,2014-06-04 00:12:50,18.00
1401836133620000007,20000007,2014-06-03 23:55:33,2014-06-04 00:05:33,10.00
1401836171620000617,20000617,2014-06-03 23:56:11,2014-06-04 00:18:56,22.75
1401836173620000254,20000254,2014-06-03 23:56:13,2014-06-04 00:05:13,9.00
1401836213620000603,20000603,2014-06-03 23:56:53,2014-06-04 00:06:53,10.00
1401836243620000529,20000529,2014-06-03 23:57:23,2014-06-04 00:02:53,5.50
1401836352620000403,20000403,2014-06-03 23:59:12,2014-06-04 00:07:12,8.00
1401836354620000424,20000424,2014-06-03 23:59:14,2014-06-04 00:07:14,8.00
1401836358620000686,20000686,2014-06-03 23:59:18,2014-06-04 00:08:48,9.50
1401836386620000508,20000508,2014-06-03 23:59:46,2014-06-04 00:16:16,16.50
1401915980620000009,20000009,2014-06-04 22:06:20,2014-06-05 00:41:20,155.00
1401918246620000263,20000263,2014-06-04 22:44:06,2014-06-05 00:15:06,91.00
1401921911620000436,20000436,2014-06-04 23:45:11,2014-06-05 00:36:56,51.75
1401921945620000482,20000482,2014-06-04 23:45:45,2014-06-05 00:05:45,20.00
1401922101620000114,20000114,2014-06-04 23:48:21,2014-06-05 00:04:51,16.50
1401922114620000276,20000276,2014-06-04 23:48:34,2014-06-05 00:05:49,17.25
1401922150620000356,20000356,2014-06-04 23:49:10,2014-06-05 00:01:25,12.25
1401922314620000171,20000171,2014-06-04 23:51:54,2014-06-05 00:22:24,30.50
1401922359620000337,20000337,2014-06-04 23:52:39,2014-06-05 00:02:39,10.00
1401922377620000455,20000455,2014-06-04 23:52:57,2014-06-05 00:11:57,19.00
1401922426620000252,20000252,2014-06-04 23:53:46,2014-06-05 00:00:16,6.50
1401922485620000671,20000671,2014-06-04 23:54:45,2014-06-05 00:07:45,13.00
1401922488620000307,20000307,2014-06-04 23:54:48,2014-06-05 00:04:48,10.00
1401922515620000591,20000591,2014-06-04 23:55:15,2014-06-05 00:06:30,11.25
1401922518620000020,20000020,2014-06-04 23:55:18,2014-06-05 00:05:18,10.00
1401922561620000361,20000361,2014-06-04 23:56:01,2014-06-05 00:09:01,13.00
1401922584620000120,20000120,2014-06-04 23:56:24,2014-06-05 00:06:24,10.00
1401922627620000195,20000195,2014-06-04 23:57:07,2014-06-05 00:04:52,7.75
1401922665620000508,20000508,2014-06-04 23:57:45,2014-06-05 00:26:00,28.25
1401922682620000325,20000325,2014-06-04 23:58:02,2014-06-05 00:13:32,15.50
1401922707620000497,20000497,2014-06-04 23:58:27,2014-06-05 00:04:27,6.00
1401922717620000359,20000359,2014-06-04 23:58:37,2014-06-05 00:04:52,6.25
1401922719620000621,20000621,2014-06-04 23:58:39,2014-06-05 00:16:09,17.50
1401922725620000514,20000514,2014-06-04 23:58:45,2014-06-05 00:04:30,5.75
1402007937620000430,20000430,2014-06-05 23:38:57,2014-06-06 00:06:27,27.50
1402008294620000367,20000367,2014-06-05 23:44:54,2014-06-06 00:00:09,15.25
1402008324620000448,20000448,2014-06-05 23:45:24,2014-06-06 00:04:54,19.50
1402008424620000496,20000496,2014-06-05 23:47:04,2014-06-06 00:00:19,13.25
1402008563620000508,20000508,2014-06-05 23:49:23,2014-06-06 00:06:53,17.50
1402008662620000395,20000395,2014-06-05 23:51:02,2014-06-06 00:08:17,17.25
1402008674620000337,20000337,2014-06-05 23:51:14,2014-06-06 00:00:29,9.25
1402008711620000304,20000304,2014-06-05 23:51:51,2014-06-06 00:22:21,30.50
1402008737620000904,20000904,2014-06-05 23:52:17,2014-06-06 00:07:02,14.75
1402008740620000129,20000129,2014-06-05 23:52:20,2014-06-06 00:02:20,10.00
1402008759620000598,20000598,2014-06-05 23:52:39,2014-06-06 00:09:54,17.25
1402008765620000297,20000297,2014-06-05 23:52:45,2014-06-06 00:02:45,10.00
1402008789620000463,20000463,2014-06-05 23:53:09,2014-06-06 00:12:39,19.50
1402008805620000612,20000612,2014-06-05 23:53:25,2014-06-06 00:09:10,15.75
1402008854620000473,20000473,2014-06-05 23:54:14,2014-06-06 00:07:59,13.75
1402008866620000688,20000688,2014-06-05 23:54:26,2014-06-06 00:11:41,17.25
1402008904620000456,20000456,2014-06-05 23:55:04,2014-06-06 00:06:49,11.75
1402008909620000372,20000372,2014-06-05 23:55:09,2014-06-06 00:04:54,9.75
1402008918620000588,20000588,2014-06-05 23:55:18,2014-06-06 00:06:48,11.50
1402008945620000436,20000436,2014-06-05 23:55:45,2014-06-06 00:03:00,7.25
1402009023620000450,20000450,2014-06-05 23:57:03,2014-06-06 00:07:03,10.00
1402009028620000010,20000010,2014-06-05 23:57:08,2014-06-06 00:08:38,11.50
1402009040620000053,20000053,2014-06-05 23:57:20,2014-06-06 00:04:05,6.75
1402009050620000488,20000488,2014-06-05 23:57:30,2014-06-06 00:01:45,4.25
1402009054620000015,20000015,2014-06-05 23:57:34,2014-06-06 00:17:34,20.00
1402009054620000108,20000108,2014-06-05 23:57:34,2014-06-06 00:04:34,7.00
1402009066620000364,20000364,2014-06-05 23:57:46,2014-06-06 00:12:46,15.00
1402009110620000632,20000632,2014-06-05 23:58:30,2014-06-06 00:02:15,3.75
1402009131620000616,20000616,2014-06-05 23:58:51,2014-06-06 00:00:06,1.25
1402009138620000190,20000190,2014-06-05 23:58:58,2014-06-06 00:11:28,12.50
1402009159620000617,20000617,2014-06-05 23:59:19,2014-06-06 00:05:04,5.75
1402009161620000540,20000540,2014-06-05 23:59:21,2014-06-06 00:10:51,11.50
1402009164620000311,20000311,2014-06-05 23:59:24,2014-06-06 00:19:24,20.00
1402091022620000009,20000009,2014-06-06 22:43:42,2014-06-07 00:23:42,100.00
1402093695620000502,20000502,2014-06-06 23:28:15,2014-06-07 00:05:15,37.00
1402094372620000121,20000121,2014-06-06 23:39:32,2014-06-07 00:17:47,38.25
1402094591620000310,20000310,2014-06-06 23:43:11,2014-06-07 00:15:26,32.25
1402094645620000321,20000321,2014-06-06 23:44:05,2014-06-07 00:08:20,24.25
1402094731620000424,20000424,2014-06-06 23:45:31,2014-06-07 00:00:31,15.00
1402094795620000020,20000020,2014-06-06 23:46:35,2014-06-07 00:03:05,16.50
1402094828620000307,20000307,2014-06-06 23:47:08,2014-06-07 00:09:38,22.50
1402094837620000499,20000499,2014-06-06 23:47:17,2014-06-07 00:02:47,15.50
1402094874620000450,20000450,2014-06-06 23:47:54,2014-06-07 00:14:39,26.75
1402094882620000698,20000698,2014-06-06 23:48:02,2014-06-07 00:08:47,20.75
1402094887620000483,20000483,2014-06-06 23:48:07,2014-06-07 00:00:37,12.50
1402094935620000576,20000576,2014-06-06 23:48:55,2014-06-07 00:02:25,13.50
1402094957620000140,20000140,2014-06-06 23:49:17,2014-06-07 00:03:47,14.50
1402094988620000188,20000188,2014-06-06 23:49:48,2014-06-07 00:00:03,10.25
1402094997620000453,20000453,2014-06-06 23:49:57,2014-06-07 00:03:12,13.25
1402095012620000347,20000347,2014-06-06 23:50:12,2014-06-07 00:03:12,13.00
1402095068620000451,20000451,2014-06-06 23:51:08,2014-06-07 00:05:53,14.75
1402095075620000108,20000108,2014-06-06 23:51:15,2014-06-07 00:16:30,25.25
1402095108620000684,20000684,2014-06-06 23:51:48,2014-06-07 00:04:18,12.50
1402095145620000031,20000031,2014-06-06 23:52:25,2014-06-07 00:00:40,8.25
1402095173620000440,20000440,2014-06-06 23:52:53,2014-06-07 00:09:08,16.25
1402095190620000263,20000263,2014-06-06 23:53:10,2014-06-07 00:08:10,15.00
1402095208620000548,20000548,2014-06-06 23:53:28,2014-06-07 00:04:43,11.25
1402095261620000685,20000685,2014-06-06 23:54:21,2014-06-07 00:14:06,19.75
1402095262620000610,20000610,2014-06-06 23:54:22,2014-06-07 00:13:22,19.00
1402095294620000473,20000473,2014-06-06 23:54:54,2014-06-07 00:00:24,5.50
1402095338620000625,20000625,2014-06-06 23:55:38,2014-06-07 00:02:08,6.50
1402095351620000598,20000598,2014-06-06 23:55:51,2014-06-07 00:07:21,11.50
1402095360620000252,20000252,2014-06-06 23:56:00,2014-06-07 00:06:00,10.00
1402095363620000410,20000410,2014-06-06 23:56:03,2014-06-07 00:21:18,25.25
1402095368620000166,20000166,2014-06-06 23:56:08,2014-06-07 00:06:53,10.75
1402095406620000012,20000012,2014-06-06 23:56:46,2014-06-07 00:17:16,20.50
1402095423620000173,20000173,2014-06-06 23:57:03,2014-06-07 00:18:03,21.00
1402095435620000372,20000372,2014-06-06 23:57:15,2014-06-07 00:08:00,10.75
1402095456620000010,20000010,2014-06-06 23:57:36,2014-06-07 00:12:51,15.25
1402095471620000518,20000518,2014-06-06 23:57:51,2014-06-07 00:01:21,3.50
1402095479620000114,20000114,2014-06-06 23:57:59,2014-06-07 00:17:14,19.25
1402095492620000333,20000333,2014-06-06 23:58:12,2014-06-07 00:22:27,24.25
1402095534620000239,20000239,2014-06-06 23:58:54,2014-06-07 00:15:54,17.00
1402095587620000367,20000367,2014-06-06 23:59:47,2014-06-07 00:05:32,5.75
1402095595620000362,20000362,2014-06-06 23:59:55,2014-06-07 00:07:25,7.50
1402179311620000042,20000042,2014-06-07 23:15:11,2014-06-08 00:04:11,49.00
1402180759620000598,20000598,2014-06-07 23:39:19,2014-06-08 00:04:19,25.00
1402180782620000395,20000395,2014-06-07 23:39:42,2014-06-08 00:01:57,22.25
1402181023620000260,20000260,2014-06-07 23:43:43,2014-06-08 00:01:43,18.00
1402181095620000662,20000662,2014-06-07 23:44:55,2014-06-08 02:11:10,146.25
1402181265620000268,20000268,2014-06-07 23:47:45,2014-06-08 00:00:00,12.25
1402181313620000075,20000075,2014-06-07 23:48:33,2014-06-08 00:01:03,12.50
1402181324620000252,20000252,2014-06-07 23:48:44,2014-06-08 00:00:14,11.50
1402181396620000423,20000423,2014-06-07 23:49:56,2014-06-08 00:00:41,10.75
1402181405620000003,20000003,2014-06-07 23:50:05,2014-06-08 00:04:05,14.00
1402181409620000594,20000594,2014-06-07 23:50:09,2014-06-08 00:03:09,13.00
1402181419620000216,20000216,2014-06-07 23:50:19,2014-06-08 00:04:34,14.25
1402181422620000154,20000154,2014-06-07 23:50:22,2014-06-08 00:15:07,24.75
1402181460620000409,20000409,2014-06-07 23:51:00,2014-06-08 00:05:45,14.75
1402181472620000698,20000698,2014-06-07 23:51:12,2014-06-08 00:00:12,9.00
1402181545620000101,20000101,2014-06-07 23:52:25,2014-06-08 00:00:55,8.50
1402181593620000632,20000632,2014-06-07 23:53:13,2014-06-08 00:02:43,9.50
1402181595620000467,20000467,2014-06-07 23:53:15,2014-06-08 00:03:45,10.50
1402181612620000004,20000004,2014-06-07 23:53:32,2014-06-08 00:06:47,13.25
1402181634620000588,20000588,2014-06-07 23:53:54,2014-06-08 00:07:24,13.50
1402181638620000295,20000295,2014-06-07 23:53:58,2014-06-08 00:08:28,14.50
1402181650620000509,20000509,2014-06-07 23:54:10,2014-06-08 00:03:55,9.75
1402181683620000424,20000424,2014-06-07 23:54:43,2014-06-08 00:03:28,8.75
1402181701620000520,20000520,2014-06-07 23:55:01,2014-06-08 00:06:46,11.75
1402181715620000224,20000224,2014-06-07 23:55:15,2014-06-08 00:16:30,21.25
1402181727620000239,20000239,2014-06-07 23:55:27,2014-06-08 00:05:27,10.00
1402181751620000600,20000600,2014-06-07 23:55:51,2014-06-08 00:04:21,8.50
1402181758620000171,20000171,2014-06-07 23:55:58,2014-06-08 00:02:13,6.25
1402181776620000670,20000670,2014-06-07 23:56:16,2014-06-08 00:05:01,8.75
1402181789620000589,20000589,2014-06-07 23:56:29,2014-06-08 00:01:44,5.25
1402181790620000565,20000565,2014-06-07 23:56:30,2014-06-08 00:01:15,4.75
1402181796620000456,20000456,2014-06-07 23:56:36,2014-06-08 00:14:06,17.50
1402181805620000410,20000410,2014-06-07 23:56:45,2014-06-08 00:13:00,16.25
1402181808620000488,20000488,2014-06-07 23:56:48,2014-06-08 00:03:03,6.25
1402181823620000483,20000483,2014-06-07 23:57:03,2014-06-08 00:14:18,17.25
1402181835620000081,20000081,2014-06-07 23:57:15,2014-06-08 00:13:30,16.25
1402181835620000540,20000540,2014-06-07 23:57:15,2014-06-08 00:08:45,11.50
1402181867620000473,20000473,2014-06-07 23:57:47,2014-06-08 00:05:47,8.00
1402181884620000233,20000233,2014-06-07 23:58:04,2014-06-08 00:09:19,11.25
1402181885620000472,20000472,2014-06-07 23:58:05,2014-06-08 00:18:05,20.00
1402181901620000902,20000902,2014-06-07 23:58:21,2014-06-08 00:14:21,16.00
1402181934620000005,20000005,2014-06-07 23:58:54,2014-06-08 00:11:39,12.75
1402181950620000671,20000671,2014-06-07 23:59:10,2014-06-08 00:06:10,7.00
1402181954620000665,20000665,2014-06-07 23:59:14,2014-06-08 00:07:29,8.25
1402181955620000325,20000325,2014-06-07 23:59:15,2014-06-08 00:08:15,9.00
1402181955620000406,20000406,2014-06-07 23:59:15,2014-06-08 00:07:15,8.00
1402181963620000305,20000305,2014-06-07 23:59:23,2014-06-08 00:05:23,6.00
1402181963620000450,20000450,2014-06-07 23:59:23,2014-06-08 00:09:08,9.75
1402181965620000361,20000361,2014-06-07 23:59:25,2014-06-08 00:08:55,9.50
1402263659620000009,20000009,2014-06-08 22:40:59,2014-06-09 00:14:59,94.00
1402267011620000192,20000192,2014-06-08 23:36:51,2014-06-09 00:08:21,31.50
1402267011620000276,20000276,2014-06-08 23:36:51,2014-06-09 00:15:21,38.50
1402267014620000285,20000285,2014-06-08 23:36:54,2014-06-09 00:04:24,27.50
1402267015620000007,20000007,2014-06-08 23:36:55,2014-06-09 00:05:10,28.25
1402267015620000662,20000662,2014-06-08 23:36:55,2014-06-09 00:04:25,27.50
1402267017620000625,20000625,2014-06-08 23:36:57,2014-06-09 00:04:57,28.00
1402267064620000288,20000288,2014-06-08 23:37:44,2014-06-09 00:05:59,28.25
1402267109620000610,20000610,2014-06-08 23:38:29,2014-06-09 00:05:44,27.25
1402267281620000456,20000456,2014-06-08 23:41:21,2014-06-09 00:12:21,31.00
1402267384620000520,20000520,2014-06-08 23:43:04,2014-06-09 00:36:49,53.75
1402267464620000508,20000508,2014-06-08 23:44:24,2014-06-09 00:04:09,19.75
1402267607620000497,20000497,2014-06-08 23:46:47,2014-06-09 00:10:02,23.25
1402267625620000648,20000648,2014-06-08 23:47:05,2014-06-09 00:03:35,16.50
1402267657620000387,20000387,2014-06-08 23:47:37,2014-06-09 00:05:37,18.00
1402267770620000670,20000670,2014-06-08 23:49:30,2014-06-09 00:05:00,15.50
1402267776620000003,20000003,2014-06-08 23:49:36,2014-06-09 00:17:21,27.75
1402267902620000089,20000089,2014-06-08 23:51:42,2014-06-09 00:07:57,16.25
1402267986620000499,20000499,2014-06-08 23:53:06,2014-06-09 00:03:06,10.00
1402267987620000667,20000667,2014-06-08 23:53:07,2014-06-09 00:04:07,11.00
1402268203620000012,20000012,2014-06-08 23:56:43,2014-06-09 00:08:13,11.50
1402268218620000254,20000254,2014-06-08 23:56:58,2014-06-09 00:02:43,5.75
1402268294620000334,20000334,2014-06-08 23:58:14,2014-06-09 00:07:44,9.50
1402268301620000129,20000129,2014-06-08 23:58:21,2014-06-09 00:07:51,9.50
1402268316620000455,20000455,2014-06-08 23:58:36,2014-06-09 00:21:06,22.50
1402268346620000529,20000529,2014-06-08 23:59:06,2014-06-09 00:06:21,7.25
1402268361620000398,20000398,2014-06-08 23:59:21,2014-06-09 00:06:21,7.00
1402268368620000136,20000136,2014-06-08 23:59:28,2014-06-09 00:07:28,8.00
1402352618620000435,20000435,2014-06-09 23:23:38,2014-06-10 00:05:38,42.00
1402352971620000456,20000456,2014-06-09 23:29:31,2014-06-10 00:05:16,35.75
1402353037620000662,20000662,2014-06-09 23:30:37,2014-06-10 00:03:22,32.75
1402353692620000395,20000395,2014-06-09 23:41:32,2014-06-10 00:03:17,21.75
1402353826620000178,20000178,2014-06-09 23:43:46,2014-06-10 00:03:01,19.25
1402354088620000224,20000224,2014-06-09 23:48:08,2014-06-10 00:06:53,18.75
1402354144620000455,20000455,2014-06-09 23:49:04,2014-06-10 00:04:34,15.50
1402354326620000337,20000337,2014-06-09 23:52:06,2014-06-10 00:32:06,40.00
1402354436620000595,20000595,2014-06-09 23:53:56,2014-06-10 00:04:56,11.00
1402354444620000506,20000506,2014-06-09 23:54:04,2014-06-10 00:00:04,6.00
1402354445620000554,20000554,2014-06-09 23:54:05,2014-06-10 00:01:05,7.00
1402354461620000529,20000529,2014-06-09 23:54:21,2014-06-10 00:14:36,20.25
1402354579620000359,20000359,2014-06-09 23:56:19,2014-06-10 00:00:34,4.25
1402354627620000114,20000114,2014-06-09 23:57:07,2014-06-10 00:04:22,7.25
1402354673620000285,20000285,2014-06-09 23:57:53,2014-06-10 00:01:53,4.00
1402354675620000665,20000665,2014-06-09 23:57:55,2014-06-10 00:09:25,11.50
1402354717620000497,20000497,2014-06-09 23:58:37,2014-06-10 00:08:07,9.50
1402354722620000610,20000610,2014-06-09 23:58:42,2014-06-10 00:17:42,19.00
1402354727620000626,20000626,2014-06-09 23:58:47,2014-06-10 00:23:02,24.25
1402354733620000483,20000483,2014-06-09 23:58:53,2014-06-10 00:08:53,10.00
1402354736620000517,20000517,2014-06-09 23:58:56,2014-06-10 00:11:11,12.25
1402354746620000362,20000362,2014-06-09 23:59:06,2014-06-10 00:03:06,4.00
1402354750620000653,20000653,2014-06-09 23:59:10,2014-06-10 00:06:25,7.25
1402435603620000009,20000009,2014-06-10 22:26:43,2014-06-11 00:53:13,146.50
1402437595620000285,20000285,2014-06-10 22:59:55,2014-06-11 00:17:55,78.00
1402439121620000042,20000042,2014-06-10 23:25:21,2014-06-11 00:03:21,38.00
1402440006620000446,20000446,2014-06-10 23:40:06,2014-06-11 00:04:51,24.75
1402440389620000154,20000154,2014-06-10 23:46:29,2014-06-11 00:03:29,17.00
1402440397620000140,20000140,2014-06-10 23:46:37,2014-06-11 00:01:07,14.50
1402440506620000309,20000309,2014-06-10 23:48:26,2014-06-11 00:01:26,13.00
1402440607620000395,20000395,2014-06-10 23:50:07,2014-06-11 00:40:52,50.75
1402440689620000114,20000114,2014-06-10 23:51:29,2014-06-11 00:11:29,20.00
1402440759620000456,20000456,2014-06-10 23:52:39,2014-06-11 00:02:09,9.50
1402440779620000014,20000014,2014-06-10 23:52:59,2014-06-11 00:01:14,8.25
1402440838620000472,20000472,2014-06-10 23:53:58,2014-06-11 00:01:58,8.00
1402440867620000473,20000473,2014-06-10 23:54:27,2014-06-11 00:02:12,7.75
1402440874620000004,20000004,2014-06-10 23:54:34,2014-06-11 00:00:49,6.25
1402440918620000688,20000688,2014-06-10 23:55:18,2014-06-11 00:07:48,12.50
1402440946620000192,20000192,2014-06-10 23:55:46,2014-06-11 00:00:16,4.50
1402440979620000595,20000595,2014-06-10 23:56:19,2014-06-11 00:04:34,8.25
1402441074620000431,20000431,2014-06-10 23:57:54,2014-06-11 00:04:24,6.50
1402441105620000548,20000548,2014-06-10 23:58:25,2014-06-11 00:27:25,29.00
1402522632620000009,20000009,2014-06-11 22:37:12,2014-06-12 00:04:42,87.50
1402526695620000904,20000904,2014-06-11 23:44:55,2014-06-12 00:02:55,18.00
1402526754620000012,20000012,2014-06-11 23:45:54,2014-06-12 00:02:09,16.25
1402526829620000520,20000520,2014-06-11 23:47:09,2014-06-12 00:06:24,19.25
1402527015620000171,20000171,2014-06-11 23:50:15,2014-06-12 00:03:00,12.75
1402527160620000481,20000481,2014-06-11 23:52:40,2014-06-12 00:00:10,7.50
1402527192620000129,20000129,2014-06-11 23:53:12,2014-06-12 00:01:27,8.25
1402527206620000020,20000020,2014-06-11 23:53:26,2014-06-12 00:04:26,11.00
1402527207620000576,20000576,2014-06-11 23:53:27,2014-06-12 00:01:27,8.00
1402527240620000304,20000304,2014-06-11 23:54:00,2014-06-12 00:01:00,7.00
1402527245620000006,20000006,2014-06-11 23:54:05,2014-06-12 00:08:50,14.75
1402527284620000015,20000015,2014-06-11 23:54:44,2014-06-12 00:00:44,6.00
1402527293620000231,20000231,2014-06-11 23:54:53,2014-06-12 00:01:08,6.25
1402527354620000902,20000902,2014-06-11 23:55:54,2014-06-12 00:05:54,10.00
1402527358620000076,20000076,2014-06-11 23:55:58,2014-06-12 00:11:13,15.25
1402527375620000011,20000011,2014-06-11 23:56:15,2014-06-12 00:04:00,7.75
1402527380620000105,20000105,2014-06-11 23:56:20,2014-06-12 00:04:20,8.00
1402527388620000263,20000263,2014-06-11 23:56:28,2014-06-12 00:06:43,10.25
1402527409620000356,20000356,2014-06-11 23:56:49,2014-06-12 00:09:04,12.25
1402527421620000430,20000430,2014-06-11 23:57:01,2014-06-12 00:05:31,8.50
1402527432620000376,20000376,2014-06-11 23:57:12,2014-06-12 00:11:27,14.25
1402527478620000269,20000269,2014-06-11 23:57:58,2014-06-12 00:04:28,6.50
1402527594620000004,20000004,2014-06-11 23:59:54,2014-06-12 00:07:54,8.00
1402609249620000009,20000009,2014-06-12 22:40:49,2014-06-13 00:06:34,85.75
1402611640620000359,20000359,2014-06-12 23:20:40,2014-06-13 00:00:10,39.50
1402612786620000495,20000495,2014-06-12 23:39:46,2014-06-13 00:00:46,21.00
1402613284620000356,20000356,2014-06-12 23:48:04,2014-06-13 00:02:19,14.25
1402613487620000542,20000542,2014-06-12 23:51:27,2014-06-13 00:01:42,10.25
1402613504620000600,20000600,2014-06-12 23:51:44,2014-06-13 00:00:44,9.00
1402613506620000216,20000216,2014-06-12 23:51:46,2014-06-13 00:19:01,27.25
1402613542620000514,20000514,2014-06-12 23:52:22,2014-06-13 00:06:37,14.25
1402613713620000263,20000263,2014-06-12 23:55:13,2014-06-13 00:11:58,16.75
1402613792620000304,20000304,2014-06-12 23:56:32,2014-06-13 00:28:17,31.75
1402613804620000903,20000903,2014-06-12 23:56:44,2014-06-13 00:06:14,9.50
1402613825620000651,20000651,2014-06-12 23:57:05,2014-06-13 00:02:05,5.00
1402613828620000328,20000328,2014-06-12 23:57:08,2014-06-13 00:07:38,10.50
1402613879620000529,20000529,2014-06-12 23:57:59,2014-06-13 00:10:29,12.50
1402613885620000076,20000076,2014-06-12 23:58:05,2014-06-13 00:05:35,7.50
1402613919620000092,20000092,2014-06-12 23:58:39,2014-06-13 00:01:24,2.75
1402613984620000038,20000038,2014-06-12 23:59:44,2014-06-13 00:14:14,14.50
1402695071620000009,20000009,2014-06-13 22:31:11,2014-06-14 00:17:56,106.75
1402698959620000249,20000249,2014-06-13 23:35:59,2014-06-14 00:00:59,25.00
1402699183620000060,20000060,2014-06-13 23:39:43,2014-06-14 00:03:58,24.25
1402699448620000395,20000395,2014-06-13 23:44:08,2014-06-14 00:24:53,40.75
1402699710620000076,20000076,2014-06-13 23:48:30,2014-06-14 00:12:15,23.75
1402699753620000525,20000525,2014-06-13 23:49:13,2014-06-14 00:01:43,12.50
1402699761620000542,20000542,2014-06-13 23:49:21,2014-06-14 00:02:21,13.00
1402699850620000387,20000387,2014-06-13 23:50:50,2014-06-14 00:04:20,13.50
1402699862620000508,20000508,2014-06-13 23:51:02,2014-06-14 00:01:02,10.00
1402699885620000167,20000167,2014-06-13 23:51:25,2014-06-14 00:02:10,10.75
1402699914620000020,20000020,2014-06-13 23:51:54,2014-06-14 00:02:39,10.75
1402699931620000105,20000105,2014-06-13 23:52:11,2014-06-14 00:08:26,16.25
1402699978620000321,20000321,2014-06-13 23:52:58,2014-06-14 00:00:28,7.50
1402700040620000688,20000688,2014-06-13 23:54:00,2014-06-14 00:01:15,7.25
1402700069620000311,20000311,2014-06-13 23:54:29,2014-06-14 00:15:59,21.50
1402700071620000031,20000031,2014-06-13 23:54:31,2014-06-14 00:05:01,10.50
1402700086620000142,20000142,2014-06-13 23:54:46,2014-06-14 00:06:16,11.50
1402700137620000114,20000114,2014-06-13 23:55:37,2014-06-14 00:05:22,9.75
1402700138620000670,20000670,2014-06-13 23:55:38,2014-06-14 00:04:08,8.50
1402700139620000488,20000488,2014-06-13 23:55:39,2014-06-14 00:01:54,6.25
1402700143620000430,20000430,2014-06-13 23:55:43,2014-06-14 00:06:43,11.00
1402700161620000075,20000075,2014-06-13 23:56:01,2014-06-14 00:08:46,12.75
1402700199620000520,20000520,2014-06-13 23:56:39,2014-06-14 00:06:39,10.00
1402700208620000424,20000424,2014-06-13 23:56:48,2014-06-14 00:10:33,13.75
1402700210620000372,20000372,2014-06-13 23:56:50,2014-06-14 00:02:20,5.50
1402700263620000546,20000546,2014-06-13 23:57:43,2014-06-14 00:08:13,10.50
1402700279620000002,20000002,2014-06-13 23:57:59,2014-06-14 00:05:59,8.00
1402700281620000051,20000051,2014-06-13 23:58:01,2014-06-14 00:03:01,5.00
1402700289620000376,20000376,2014-06-13 23:58:09,2014-06-14 00:26:39,28.50
1402700303620000192,20000192,2014-06-13 23:58:23,2014-06-14 00:17:08,18.75
1402700345620000173,20000173,2014-06-13 23:59:05,2014-06-14 00:07:20,8.25
1402700375620000561,20000561,2014-06-13 23:59:35,2014-06-14 00:07:35,8.00
1402700393620000157,20000157,2014-06-13 23:59:53,2014-06-14 00:12:53,13.00
1402781442620000009,20000009,2014-06-14 22:30:42,2014-06-15 00:49:57,139.25
1402785789620000448,20000448,2014-06-14 23:43:09,2014-06-15 00:07:09,24.00
1402785962620000136,20000136,2014-06-14 23:46:02,2014-06-15 00:03:17,17.25
1402786002620000423,20000423,2014-06-14 23:46:42,2014-06-15 00:09:57,23.25
1402786155620000488,20000488,2014-06-14 23:49:15,2014-06-15 00:06:45,17.50
1402786185620000007,20000007,2014-06-14 23:49:45,2014-06-15 00:00:15,10.50
1402786259620000381,20000381,2014-06-14 23:50:59,2014-06-15 00:04:14,13.25
1402786260620000325,20000325,2014-06-14 23:51:00,2014-06-15 00:01:45,10.75
1402786268620000190,20000190,2014-06-14 23:51:08,2014-06-15 00:56:38,65.50
1402786281620000456,20000456,2014-06-14 23:51:21,2014-06-15 00:02:51,11.50
1402786322620000499,20000499,2014-06-14 23:52:02,2014-06-15 00:02:32,10.50
1402786341620000598,20000598,2014-06-14 23:52:21,2014-06-15 00:15:51,23.50
1402786343620000022,20000022,2014-06-14 23:52:23,2014-06-15 00:01:53,9.50
1402786356620000376,20000376,2014-06-14 23:52:36,2014-06-15 00:10:36,18.00
1402786362620000263,20000263,2014-06-14 23:52:42,2014-06-15 00:12:12,19.50
1402786366620000446,20000446,2014-06-14 23:52:46,2014-06-15 00:02:16,9.50
1402786367620000171,20000171,2014-06-14 23:52:47,2014-06-15 00:06:32,13.75
1402786394620000668,20000668,2014-06-14 23:53:14,2014-06-15 00:03:14,10.00
1402786416620000031,20000031,2014-06-14 23:53:36,2014-06-15 00:05:36,12.00
1402786416620000320,20000320,2014-06-14 23:53:36,2014-06-15 00:01:51,8.25
1402786418620000904,20000904,2014-06-14 23:53:38,2014-06-15 00:01:38,8.00
1402786427620000529,20000529,2014-06-14 23:53:47,2014-06-15 00:05:02,11.25
1402786441620000671,20000671,2014-06-14 23:54:01,2014-06-15 00:04:01,10.00
1402786463620000571,20000571,2014-06-14 23:54:23,2014-06-15 00:00:53,6.50
1402786474620000514,20000514,2014-06-14 23:54:34,2014-06-15 00:01:04,6.50
1402786501620000508,20000508,2014-06-14 23:55:01,2014-06-15 00:05:46,10.75
1402786505620000395,20000395,2014-06-14 23:55:05,2014-06-15 00:20:20,25.25
1402786522620000288,20000288,2014-06-14 23:55:22,2014-06-15 00:33:37,38.25
1402786546620000081,20000081,2014-06-14 23:55:46,2014-06-15 00:15:46,20.00
1402786579620000321,20000321,2014-06-14 23:56:19,2014-06-15 00:20:04,23.75
1402786592620000686,20000686,2014-06-14 23:56:32,2014-06-15 00:06:47,10.25
1402786625620000066,20000066,2014-06-14 23:57:05,2014-06-15 00:21:05,24.00
1402786648620000624,20000624,2014-06-14 23:57:28,2014-06-15 00:09:58,12.50
1402786653620000380,20000380,2014-06-14 23:57:33,2014-06-15 00:03:48,6.25
1402786660620000042,20000042,2014-06-14 23:57:40,2014-06-15 00:00:25,2.75
1402786683620000561,20000561,2014-06-14 23:58:03,2014-06-15 00:06:03,8.00
1402786691620000217,20000217,2014-06-14 23:58:11,2014-06-15 00:21:11,23.00
1402786709620000407,20000407,2014-06-14 23:58:29,2014-06-15 00:03:14,4.75
1402786725620000454,20000454,2014-06-14 23:58:45,2014-06-15 00:10:30,11.75
1402786732620000525,20000525,2014-06-14 23:58:52,2014-06-15 00:04:37,5.75
1402786733620000089,20000089,2014-06-14 23:58:53,2014-06-15 00:08:23,9.50
1402786748620000632,20000632,2014-06-14 23:59:08,2014-06-15 00:10:53,11.75
1402786755620000430,20000430,2014-06-14 23:59:15,2014-06-15 00:12:15,13.00
1402786764620000483,20000483,2014-06-14 23:59:24,2014-06-15 00:10:54,11.50
1402786788620000092,20000092,2014-06-14 23:59:48,2014-06-15 00:09:33,9.75
1402786798620000509,20000509,2014-06-14 23:59:58,2014-06-15 00:14:13,14.25
1402868905620000009,20000009,2014-06-15 22:48:25,2014-06-16 00:24:40,96.25
1402872369620000670,20000670,2014-06-15 23:46:09,2014-06-16 00:10:09,24.00
1402872520620000395,20000395,2014-06-15 23:48:40,2014-06-16 00:04:40,16.00
1402872649620000254,20000254,2014-06-15 23:50:49,2014-06-16 00:05:19,14.50
1402872719620000465,20000465,2014-06-15 23:51:59,2014-06-16 00:04:59,13.00
1402872977620000624,20000624,2014-06-15 23:56:17,2014-06-16 00:06:02,9.75
1402872996620000665,20000665,2014-06-15 23:56:36,2014-06-16 00:04:06,7.50
1402873003620000053,20000053,2014-06-15 23:56:43,2014-06-16 00:00:13,3.50
1402873066620000129,20000129,2014-06-15 23:57:46,2014-06-16 00:07:31,9.75
1402873072620000308,20000308,2014-06-15 23:57:52,2014-06-16 00:04:37,6.75
1402873076620000648,20000648,2014-06-15 23:57:56,2014-06-16 00:20:11,22.25
1402873079620000023,20000023,2014-06-15 23:57:59,2014-06-16 00:12:44,14.75
1402873096620000492,20000492,2014-06-15 23:58:16,2014-06-16 00:06:16,8.00
1402873115620000687,20000687,2014-06-15 23:58:35,2014-06-16 00:10:05,11.50
1402958399620000506,20000506,2014-06-16 23:39:59,2014-06-17 00:13:59,34.00
1402958482620000173,20000173,2014-06-16 23:41:22,2014-06-17 00:02:37,21.25
1402958864620000424,20000424,2014-06-16 23:47:44,2014-06-17 00:01:29,13.75
1402959024620000446,20000446,2014-06-16 23:50:24,2014-06-17 01:38:09,107.75
1402959031620000574,20000574,2014-06-16 23:50:31,2014-06-17 00:12:31,22.00
1402959130620000307,20000307,2014-06-16 23:52:10,2014-06-17 00:16:40,24.50
1402959231620000570,20000570,2014-06-16 23:53:51,2014-06-17 00:11:51,18.00
1402959269620000338,20000338,2014-06-16 23:54:29,2014-06-17 00:02:44,8.25
1402959280620000254,20000254,2014-06-16 23:54:40,2014-06-17 00:03:55,9.25
1402959296620000395,20000395,2014-06-16 23:54:56,2014-06-17 00:03:56,9.00
1402959355620000649,20000649,2014-06-16 23:55:55,2014-06-17 00:01:55,6.00
1402959360620000195,20000195,2014-06-16 23:56:00,2014-06-17 00:12:45,16.75
1402959433620000153,20000153,2014-06-16 23:57:13,2014-06-17 00:11:58,14.75
1402959473620000263,20000263,2014-06-16 23:57:53,2014-06-17 00:11:38,13.75
1402959477620000901,20000901,2014-06-16 23:57:57,2014-06-17 00:11:57,14.00
1402959506620000022,20000022,2014-06-16 23:58:26,2014-06-17 00:03:56,5.50
1402959515620000216,20000216,2014-06-16 23:58:35,2014-06-17 00:00:35,2.00
1402959532620000665,20000665,2014-06-16 23:58:52,2014-06-17 00:00:07,1.25
1402959545620000678,20000678,2014-06-16 23:59:05,2014-06-17 00:04:35,5.50
1402959566620000341,20000341,2014-06-16 23:59:26,2014-06-17 00:07:26,8.00
1402959568620000540,20000540,2014-06-16 23:59:28,2014-06-17 01:56:43,117.25
1402959599620000304,20000304,2014-06-16 23:59:59,2014-06-17 00:35:59,36.00
1403041847620000009,20000009,2014-06-17 22:50:47,2014-06-18 00:09:47,79.00
1403043467620000481,20000481,2014-06-17 23:17:47,2014-06-18 00:40:32,82.75
1403043940620000688,20000688,2014-06-17 23:25:40,2014-06-18 00:02:25,36.75
1403044236620000002,20000002,2014-06-17 23:30:36,2014-06-18 00:06:21,35.75
1403044591620000546,20000546,2014-06-17 23:36:31,2014-06-18 00:11:46,35.25
1403045258620000426,20000426,2014-06-17 23:47:38,2014-06-18 00:00:38,13.00
1403045264620000010,20000010,2014-06-17 23:47:44,2014-06-18 00:18:59,31.25
1403045387620000610,20000610,2014-06-17 23:49:47,2014-06-18 00:03:32,13.75
1403045508620000216,20000216,2014-06-17 23:51:48,2014-06-18 00:01:03,9.25
1403045598620000376,20000376,2014-06-17 23:53:18,2014-06-18 00:09:03,15.75
1403045615620000472,20000472,2014-06-17 23:53:35,2014-06-18 00:05:35,12.00
1403045632620000653,20000653,2014-06-17 23:53:52,2014-06-18 00:09:07,15.25
1403045675620000263,20000263,2014-06-17 23:54:35,2014-06-18 00:03:50,9.25
1403045716620000120,20000120,2014-06-17 23:55:16,2014-06-18 00:05:46,10.50
1403045721620000589,20000589,2014-06-17 23:55:21,2014-06-18 00:01:21,6.00
1403045839620000514,20000514,2014-06-17 23:57:19,2014-06-18 00:08:49,11.50
1403045868620000023,20000023,2014-06-17 23:57:48,2014-06-18 00:12:18,14.50
1403045943620000081,20000081,2014-06-17 23:59:03,2014-06-18 00:09:03,10.00
1403127791620000009,20000009,2014-06-18 22:43:11,2014-06-19 00:17:11,94.00
1403130436620000276,20000276,2014-06-18 23:27:16,2014-06-19 00:09:46,42.50
1403131294620000010,20000010,2014-06-18 23:41:34,2014-06-19 00:07:34,26.00
1403131325620000671,20000671,2014-06-18 23:42:05,2014-06-19 00:00:05,18.00
1403131659620000038,20000038,2014-06-18 23:47:39,2014-06-19 00:11:54,24.25
1403131819620000403,20000403,2014-06-18 23:50:19,2014-06-19 00:04:04,13.75
1403131970620000011,20000011,2014-06-18 23:52:50,2014-06-19 00:08:05,15.25
1403132004620000120,20000120,2014-06-18 23:53:24,2014-06-19 00:00:39,7.25
1403132080620000309,20000309,2014-06-18 23:54:40,2014-06-19 00:04:55,10.25
1403132087620000486,20000486,2014-06-18 23:54:47,2014-06-19 00:09:02,14.25
1403132090620000101,20000101,2014-06-18 23:54:50,2014-06-19 00:19:05,24.25
1403132206620000508,20000508,2014-06-18 23:56:46,2014-06-19 00:10:01,13.25
1403132230620000231,20000231,2014-06-18 23:57:10,2014-06-19 00:03:25,6.25
1403132245620000483,20000483,2014-06-18 23:57:25,2014-06-19 00:04:25,7.00
1403132251620000007,20000007,2014-06-18 23:57:31,2014-06-19 00:01:46,4.25
1403132259620000327,20000327,2014-06-18 23:57:39,2014-06-19 00:05:39,8.00
1403132352620000520,20000520,2014-06-18 23:59:12,2014-06-19 00:07:27,8.25
1403218136620000451,20000451,2014-06-19 23:48:56,2014-06-20 00:02:41,13.75
1403218179620000688,20000688,2014-06-19 23:49:39,2014-06-20 00:00:24,10.75
1403218252620000670,20000670,2014-06-19 23:50:52,2014-06-20 00:00:22,9.50
1403218265620000576,20000576,2014-06-19 23:51:05,2014-06-20 00:30:20,39.25
1403218277620000465,20000465,2014-06-19 23:51:17,2014-06-20 00:00:47,9.50
1403218328620000423,20000423,2014-06-19 23:52:08,2014-06-20 00:21:53,29.75
1403218374620000004,20000004,2014-06-19 23:52:54,2014-06-20 00:02:54,10.00
1403218378620000239,20000239,2014-06-19 23:52:58,2014-06-20 00:01:28,8.50
1403218406620000252,20000252,2014-06-19 23:53:26,2014-06-20 00:02:56,9.50
1403218479620000492,20000492,2014-06-19 23:54:39,2014-06-20 00:07:54,13.25
1403218486620000249,20000249,2014-06-19 23:54:46,2014-06-20 00:09:16,14.50
1403218581620000603,20000603,2014-06-19 23:56:21,2014-06-20 00:02:06,5.75
1403218598620000338,20000338,2014-06-19 23:56:38,2014-06-20 00:00:53,4.25
1403218657620000525,20000525,2014-06-19 23:57:37,2014-06-20 00:00:52,3.25
1403218660620000263,20000263,2014-06-19 23:57:40,2014-06-20 00:11:55,14.25
1403218681620000003,20000003,2014-06-19 23:58:01,2014-06-20 00:07:01,9.00
1403218700620000499,20000499,2014-06-19 23:58:20,2014-06-20 00:09:05,10.75
1403218704620000672,20000672,2014-06-19 23:58:24,2014-06-20 00:08:39,10.25
1403218731620000215,20000215,2014-06-19 23:58:51,2014-06-20 00:06:06,7.25
1403218744620000333,20000333,2014-06-19 23:59:04,2014-06-20 00:04:04,5.00
1403218752620000285,20000285,2014-06-19 23:59:12,2014-06-20 00:18:12,19.00
1403300262620000009,20000009,2014-06-20 22:37:42,2014-06-21 01:02:57,145.25
1403304140620000611,20000611,2014-06-20 23:42:20,2014-06-21 00:21:35,39.25
1403304144620000612,20000612,2014-06-20 23:42:24,2014-06-21 00:05:09,22.75
1403304158620000670,20000670,2014-06-20 23:42:38,2014-06-21 00:06:38,24.00
1403304183620000529,20000529,2014-06-20 23:43:03,2014-06-21 00:03:18,20.25
1403304395620000435,20000435,2014-06-20 23:46:35,2014-06-21 00:03:50,17.25
1403304438620000671,20000671,2014-06-20 23:47:18,2014-06-21 00:07:48,20.50
1403304451620000520,20000520,2014-06-20 23:47:31,2014-06-21 00:00:46,13.25
1403304465620000610,20000610,2014-06-20 23:47:45,2014-06-21 00:02:15,14.50
1403304467620000004,20000004,2014-06-20 23:47:47,2014-06-21 00:05:32,17.75
1403304570620000320,20000320,2014-06-20 23:49:30,2014-06-21 00:02:45,13.25
1403304579620000904,20000904,2014-06-20 23:49:39,2014-06-21 00:05:39,16.00
1403304580620000074,20000074,2014-06-20 23:49:40,2014-06-21 00:08:40,19.00
1403304598620000297,20000297,2014-06-20 23:49:58,2014-06-21 00:01:43,11.75
1403304599620000541,20000541,2014-06-20 23:49:59,2014-06-21 00:00:29,10.50
1403304628620000321,20000321,2014-06-20 23:50:28,2014-06-21 00:00:28,10.00
1403304642620000085,20000085,2014-06-20 23:50:42,2014-06-21 00:00:42,10.00
1403304668620000403,20000403,2014-06-20 23:51:08,2014-06-21 00:19:38,28.50
1403304740620000252,20000252,2014-06-20 23:52:20,2014-06-21 00:02:20,10.00
1403304771620000280,20000280,2014-06-20 23:52:51,2014-06-21 00:05:06,12.25
1403304780620000041,20000041,2014-06-20 23:53:00,2014-06-21 00:00:45,7.75
1403304815620000665,20000665,2014-06-20 23:53:35,2014-06-21 00:08:50,15.25
1403304871620000276,20000276,2014-06-20 23:54:31,2014-06-21 00:04:46,10.25
1403304932620000325,20000325,2014-06-20 23:55:32,2014-06-21 00:05:17,9.75
1403304951620000472,20000472,2014-06-20 23:55:51,2014-06-21 00:08:36,12.75
1403304957620000058,20000058,2014-06-20 23:55:57,2014-06-21 00:07:27,11.50
1403305005620000129,20000129,2014-06-20 23:56:45,2014-06-21 00:09:00,12.25
1403305064620000632,20000632,2014-06-20 23:57:44,2014-06-21 00:04:44,7.00
1403305065620000362,20000362,2014-06-20 23:57:45,2014-06-21 00:08:45,11.00
1403305089620000351,20000351,2014-06-20 23:58:09,2014-06-21 00:03:09,5.00
1403305115620000154,20000154,2014-06-20 23:58:35,2014-06-21 00:12:20,13.75
1403305118620000476,20000476,2014-06-20 23:58:38,2014-06-21 00:12:08,13.50
1403305119620000011,20000011,2014-06-20 23:58:39,2014-06-21 00:06:54,8.25
1403305138620000446,20000446,2014-06-20 23:58:58,2014-06-21 00:09:28,10.50
1403305141620000233,20000233,2014-06-20 23:59:01,2014-06-21 00:08:46,9.75
1403305148620000455,20000455,2014-06-20 23:59:08,2014-06-21 00:09:53,10.75
1403305150620000120,20000120,2014-06-20 23:59:10,2014-06-21 00:17:55,18.75
1403305150620000649,20000649,2014-06-20 23:59:10,2014-06-21 00:13:10,14.00
1403390808620000196,20000196,2014-06-21 23:46:48,2014-06-22 00:04:18,17.50
1403390823620000446,20000446,2014-06-21 23:47:03,2014-06-22 00:01:48,14.75
1403390885620000060,20000060,2014-06-21 23:48:05,2014-06-22 00:08:35,20.50
1403390913620000252,20000252,2014-06-21 23:48:33,2014-06-22 00:05:33,17.00
1403390929620000004,20000004,2014-06-21 23:48:49,2014-06-22 00:09:34,20.75
1403390950620000529,20000529,2014-06-21 23:49:10,2014-06-22 00:11:40,22.50
1403391037620000482,20000482,2014-06-21 23:50:37,2014-06-22 00:09:07,18.50
1403391048620000548,20000548,2014-06-21 23:50:48,2014-06-22 00:04:33,13.75
1403391074620000308,20000308,2014-06-21 23:51:14,2014-06-22 00:10:14,19.00
1403391101620000242,20000242,2014-06-21 23:51:41,2014-06-22 00:09:26,17.75
1403391115620000665,20000665,2014-06-21 23:51:55,2014-06-22 00:01:25,9.50
1403391119620000508,20000508,2014-06-21 23:51:59,2014-06-22 00:04:44,12.75
1403391130620000239,20000239,2014-06-21 23:52:10,2014-06-22 00:04:25,12.25
1403391138620000173,20000173,2014-06-21 23:52:18,2014-06-22 00:01:48,9.50
1403391155620000561,20000561,2014-06-21 23:52:35,2014-06-22 00:13:20,20.75
1403391210620000465,20000465,2014-06-21 23:53:30,2014-06-22 00:01:00,7.50
1403391232620000030,20000030,2014-06-21 23:53:52,2014-06-22 00:09:07,15.25
1403391248620000431,20000431,2014-06-21 23:54:08,2014-06-22 00:03:53,9.75
1403391287620000108,20000108,2014-06-21 23:54:47,2014-06-22 00:03:17,8.50
1403391290620000574,20000574,2014-06-21 23:54:50,2014-06-22 00:02:20,7.50
1403391303620000195,20000195,2014-06-21 23:55:03,2014-06-22 00:07:03,12.00
1403391314620000089,20000089,2014-06-21 23:55:14,2014-06-22 00:01:29,6.25
1403391320620000360,20000360,2014-06-21 23:55:20,2014-06-22 00:08:50,13.50
1403391327620000514,20000514,2014-06-21 23:55:27,2014-06-22 00:03:27,8.00
1403391344620000012,20000012,2014-06-21 23:55:44,2014-06-22 00:11:29,15.75
1403391356620000520,20000520,2014-06-21 23:55:56,2014-06-22 00:08:26,12.50
1403391383620000157,20000157,2014-06-21 23:56:23,2014-06-22 00:09:38,13.25
1403391408620000432,20000432,2014-06-21 23:56:48,2014-06-22 00:06:18,9.50
1403391416620000003,20000003,2014-06-21 23:56:56,2014-06-22 00:05:56,9.00
1403391423620000596,20000596,2014-06-21 23:57:03,2014-06-22 00:01:18,4.25
1403391425620000356,20000356,2014-06-21 23:57:05,2014-06-22 00:06:50,9.75
1403391425620000610,20000610,2014-06-21 23:57:05,2014-06-22 00:08:50,11.75
1403391440620000024,20000024,2014-06-21 23:57:20,2014-06-22 00:10:05,12.75
1403391448620000453,20000453,2014-06-21 23:57:28,2014-06-22 00:09:58,12.50
1403391475620000325,20000325,2014-06-21 23:57:55,2014-06-22 00:05:10,7.25
1403391478620000011,20000011,2014-06-21 23:57:58,2014-06-22 00:09:43,11.75
1403391483620000303,20000303,2014-06-21 23:58:03,2014-06-22 00:07:18,9.25
1403391499620000649,20000649,2014-06-21 23:58:19,2014-06-22 00:01:34,3.25
1403391523620000255,20000255,2014-06-21 23:58:43,2014-06-22 00:07:13,8.50
1403391530620000597,20000597,2014-06-21 23:58:50,2014-06-22 00:00:50,2.00
1403391541620000347,20000347,2014-06-21 23:59:01,2014-06-22 00:25:46,26.75
1403391570620000675,20000675,2014-06-21 23:59:30,2014-06-22 00:14:15,14.75
1403391582620000092,20000092,2014-06-21 23:59:42,2014-06-22 00:07:57,8.25
1403391587620000616,20000616,2014-06-21 23:59:47,2014-06-22 00:07:32,7.75
1403476978620000395,20000395,2014-06-22 23:42:58,2014-06-23 00:35:28,52.50
1403477331620000577,20000577,2014-06-22 23:48:51,2014-06-23 00:05:06,16.25
1403477365620000288,20000288,2014-06-22 23:49:25,2014-06-23 00:08:55,19.50
1403477400620000687,20000687,2014-06-22 23:50:00,2014-06-23 00:01:30,11.50
1403477461620000271,20000271,2014-06-22 23:51:01,2014-06-23 00:00:01,9.00
1403477481620000472,20000472,2014-06-22 23:51:21,2014-06-23 00:00:21,9.00
1403477506620000129,20000129,2014-06-22 23:51:46,2014-06-23 00:02:46,11.00
1403477575620000423,20000423,2014-06-22 23:52:55,2014-06-23 00:06:55,14.00
1403477576620000670,20000670,2014-06-22 23:52:56,2014-06-23 00:00:41,7.75
1403477584620000525,20000525,2014-06-22 23:53:04,2014-06-23 00:02:49,9.75
1403477607620000626,20000626,2014-06-22 23:53:27,2014-06-23 00:03:27,10.00
1403477641620000010,20000010,2014-06-22 23:54:01,2014-06-23 00:00:16,6.25
1403477646620000011,20000011,2014-06-22 23:54:06,2014-06-23 00:01:51,7.75
1403477653620000600,20000600,2014-06-22 23:54:13,2014-06-23 00:01:58,7.75
1403477735620000060,20000060,2014-06-22 23:55:35,2014-06-23 00:00:35,5.00
1403477792620000015,20000015,2014-06-22 23:56:32,2014-06-23 00:03:17,6.75
1403477813620000901,20000901,2014-06-22 23:56:53,2014-06-23 00:03:38,6.75
1403477926620000698,20000698,2014-06-22 23:58:46,2014-06-23 00:02:16,3.50
1403561052620000332,20000332,2014-06-23 23:04:12,2014-06-24 00:14:42,70.50
1403562354620000136,20000136,2014-06-23 23:25:54,2014-06-24 00:12:39,46.75
1403562909620000114,20000114,2014-06-23 23:35:09,2014-06-24 00:25:24,50.25
1403562965620000011,20000011,2014-06-23 23:36:05,2014-06-24 00:04:05,28.00
1403563027620000548,20000548,2014-06-23 23:37:07,2014-06-24 00:00:37,23.50
1403563063620000303,20000303,2014-06-23 23:37:43,2014-06-24 00:04:58,27.25
1403563078620000307,20000307,2014-06-23 23:37:58,2014-06-24 00:06:13,28.25
1403563140620000421,20000421,2014-06-23 23:39:00,2014-06-24 00:10:30,31.50
1403563176620000658,20000658,2014-06-23 23:39:36,2014-06-24 00:08:06,28.50
1403563285620000305,20000305,2014-06-23 23:41:25,2014-06-24 00:18:10,36.75
1403563317620000337,20000337,2014-06-23 23:41:57,2014-06-24 00:02:42,20.75
1403563417620000271,20000271,2014-06-23 23:43:37,2014-06-24 00:01:07,17.50
1403563563620000171,20000171,2014-06-23 23:46:03,2014-06-24 00:04:33,18.50
1403563563620000359,20000359,2014-06-23 23:46:03,2014-06-24 00:09:33,23.50
1403563588620000254,20000254,2014-06-23 23:46:28,2014-06-24 00:04:58,18.50
1403563644620000453,20000453,2014-06-23 23:47:24,2014-06-24 00:33:39,46.25
1403563681620000024,20000024,2014-06-23 23:48:01,2014-06-24 00:12:31,24.50
1403563751620000364,20000364,2014-06-23 23:49:11,2014-06-24 00:07:41,18.50
1403563764620000057,20000057,2014-06-23 23:49:24,2014-06-24 00:04:54,15.50
1403563775620000472,20000472,2014-06-23 23:49:35,2014-06-24 00:02:05,12.50
1403563777620000308,20000308,2014-06-23 23:49:37,2014-06-24 00:02:37,13.00
1403563816620000513,20000513,2014-06-23 23:50:16,2014-06-24 00:03:31,13.25
1403563859620000089,20000089,2014-06-23 23:50:59,2014-06-24 00:16:59,26.00
1403563884620000252,20000252,2014-06-23 23:51:24,2014-06-24 00:02:24,11.00
1403563884620000596,20000596,2014-06-23 23:51:24,2014-06-24 00:04:39,13.25
1403563885620000426,20000426,2014-06-23 23:51:25,2014-06-24 00:01:40,10.25
1403563893620000483,20000483,2014-06-23 23:51:33,2014-06-24 00:10:18,18.75
1403563902620000473,20000473,2014-06-23 23:51:42,2014-06-24 00:03:12,11.50
1403563906620000129,20000129,2014-06-23 23:51:46,2014-06-24 00:03:46,12.00
1403563911620000454,20000454,2014-06-23 23:51:51,2014-06-24 00:01:51,10.00
1403563926620000546,20000546,2014-06-23 23:52:06,2014-06-24 00:02:51,10.75
1403563942620000120,20000120,2014-06-23 23:52:22,2014-06-24 00:01:22,9.00
1403563945620000076,20000076,2014-06-23 23:52:25,2014-06-24 00:13:40,21.25
1403563948620000309,20000309,2014-06-23 23:52:28,2014-06-24 00:05:58,13.50
1403564004620000030,20000030,2014-06-23 23:53:24,2014-06-24 00:05:24,12.00
1403564025620000042,20000042,2014-06-23 23:53:45,2014-06-24 00:00:30,6.75
1403564031620000304,20000304,2014-06-23 23:53:51,2014-06-24 00:07:36,13.75
1403564039620000108,20000108,2014-06-23 23:53:59,2014-06-24 00:02:29,8.50
1403564106620000618,20000618,2014-06-23 23:55:06,2014-06-24 00:14:36,19.50
1403564111620000667,20000667,2014-06-23 23:55:11,2014-06-24 00:10:11,15.00
1403564112620000451,20000451,2014-06-23 23:55:12,2014-06-24 00:07:27,12.25
1403564114620000657,20000657,2014-06-23 23:55:14,2014-06-24 00:13:29,18.25
1403564130620000662,20000662,2014-06-23 23:55:30,2014-06-24 00:11:45,16.25
1403564138620000678,20000678,2014-06-23 23:55:38,2014-06-24 00:03:23,7.75
1403564179620000067,20000067,2014-06-23 23:56:19,2014-06-24 00:03:04,6.75
1403564184620000179,20000179,2014-06-23 23:56:24,2014-06-24 00:07:39,11.25
1403564185620000672,20000672,2014-06-23 23:56:25,2014-06-24 00:02:10,5.75
1403564208620000554,20000554,2014-06-23 23:56:48,2014-06-24 00:24:03,27.25
1403564221620000060,20000060,2014-06-23 23:57:01,2014-06-24 00:12:46,15.75
1403564230620000465,20000465,2014-06-23 23:57:10,2014-06-24 00:06:10,9.00
1403564233620000054,20000054,2014-06-23 23:57:13,2014-06-24 00:05:13,8.00
1403564238620000046,20000046,2014-06-23 23:57:18,2014-06-24 00:04:18,7.00
1403564240620000570,20000570,2014-06-23 23:57:20,2014-06-24 00:08:05,10.75
1403564271620000320,20000320,2014-06-23 23:57:51,2014-06-24 00:05:36,7.75
1403564293620000610,20000610,2014-06-23 23:58:13,2014-06-24 00:14:13,16.00
1403564300620000455,20000455,2014-06-23 23:58:20,2014-06-24 00:12:05,13.75
1403564350620000520,20000520,2014-06-23 23:59:10,2014-06-24 00:03:40,4.50
1403564354620000571,20000571,2014-06-23 23:59:14,2014-06-24 00:00:14,1.00
1403564357620000482,20000482,2014-06-23 23:59:17,2014-06-24 00:09:47,10.50
1403564369620000688,20000688,2014-06-23 23:59:29,2014-06-24 00:06:14,6.75
1403564372620000173,20000173,2014-06-23 23:59:32,2014-06-24 00:07:47,8.25
1403564377620000321,20000321,2014-06-23 23:59:37,2014-06-24 00:05:37,6.00
1403649305620000031,20000031,2014-06-24 23:35:05,2014-06-25 00:02:50,27.75
1403649849620000254,20000254,2014-06-24 23:44:09,2014-06-25 00:06:39,22.50
1403649960620000617,20000617,2014-06-24 23:46:00,2014-06-25 00:14:15,28.25
1403650199620000395,20000395,2014-06-24 23:49:59,2014-06-25 00:00:29,10.50
1403650225620000653,20000653,2014-06-24 23:50:25,2014-06-25 00:05:55,15.50
1403650368620000560,20000560,2014-06-24 23:52:48,2014-06-25 00:03:03,10.25
1403650407620000370,20000370,2014-06-24 23:53:27,2014-06-25 00:07:12,13.75
1403650496620000129,20000129,2014-06-24 23:54:56,2014-06-25 00:05:41,10.75
1403650499620000398,20000398,2014-06-24 23:54:59,2014-06-25 00:08:44,13.75
1403650523620000167,20000167,2014-06-24 23:55:23,2014-06-25 00:01:38,6.25
1403650563620000011,20000011,2014-06-24 23:56:03,2014-06-25 00:03:03,7.00
1403650569620000361,20000361,2014-06-24 23:56:09,2014-06-25 00:02:54,6.75
1403650589620000304,20000304,2014-06-24 23:56:29,2014-06-25 00:03:29,7.00
1403650633620000201,20000201,2014-06-24 23:57:13,2014-06-25 00:04:13,7.00
1403650666620000499,20000499,2014-06-24 23:57:46,2014-06-25 00:10:01,12.25
1403650692620000108,20000108,2014-06-24 23:58:12,2014-06-25 00:07:42,9.50
1403650718620000288,20000288,2014-06-24 23:58:38,2014-06-25 00:17:08,18.50
1403650767620000280,20000280,2014-06-24 23:59:27,2014-06-25 00:18:12,18.75
1403731874620000009,20000009,2014-06-25 22:31:14,2014-06-26 00:00:44,89.50
1403734191620000668,20000668,2014-06-25 23:09:51,2014-06-26 00:14:51,65.00
1403736418620000004,20000004,2014-06-25 23:46:58,2014-06-26 00:01:28,14.50
1403736513620000499,20000499,2014-06-25 23:48:33,2014-06-26 00:00:03,11.50
1403736514620000002,20000002,2014-06-25 23:48:34,2014-06-26 00:09:34,21.00
1403736540620000153,20000153,2014-06-25 23:49:00,2014-06-26 00:01:15,12.25
1403736838620000621,20000621,2014-06-25 23:53:58,2014-06-26 00:02:58,9.00
1403736843620000455,20000455,2014-06-25 23:54:03,2014-06-26 00:01:48,7.75
1403736872620000364,20000364,2014-06-25 23:54:32,2014-06-26 00:02:02,7.50
1403736894620000603,20000603,2014-06-25 23:54:54,2014-06-26 00:00:09,5.25
1403736962620000453,20000453,2014-06-25 23:56:02,2014-06-26 00:09:02,13.00
1403737027620000431,20000431,2014-06-25 23:57:07,2014-06-26 00:09:37,12.50
1403737066620000351,20000351,2014-06-25 23:57:46,2014-06-26 00:02:31,4.75
1403737113620000671,20000671,2014-06-25 23:58:33,2014-06-26 00:12:48,14.25
1403737114620000254,20000254,2014-06-25 23:58:34,2014-06-26 00:08:04,9.50
1403737144620000624,20000624,2014-06-25 23:59:04,2014-06-26 00:09:19,10.25
1403737160620000610,20000610,2014-06-25 23:59:20,2014-06-26 00:08:35,9.25
1403737172620000467,20000467,2014-06-25 23:59:32,2014-06-26 00:08:47,9.25
1403737174620000308,20000308,2014-06-25 23:59:34,2014-06-26 00:02:49,3.25
1403815462620000190,20000190,2014-06-26 21:44:22,2014-06-27 01:10:52,206.50
1403819347620000009,20000009,2014-06-26 22:49:07,2014-06-27 00:17:52,88.75
1403822126620000902,20000902,2014-06-26 23:35:26,2014-06-27 00:06:11,30.75
1403822350620000403,20000403,2014-06-26 23:39:10,2014-06-27 01:54:55,135.75
1403822790620000488,20000488,2014-06-26 23:46:30,2014-06-27 00:08:45,22.25
1403822860620000570,20000570,2014-06-26 23:47:40,2014-06-27 00:01:55,14.25
1403822926620000338,20000338,2014-06-26 23:48:46,2014-06-27 00:00:01,11.25
1403823017620000239,20000239,2014-06-26 23:50:17,2014-06-27 00:02:02,11.75
1403823114620000195,20000195,2014-06-26 23:51:54,2014-06-27 00:04:24,12.50
1403823117620000455,20000455,2014-06-26 23:51:57,2014-06-27 00:04:27,12.50
1403823142620000224,20000224,2014-06-26 23:52:22,2014-06-27 00:03:52,11.50
1403823161620000406,20000406,2014-06-26 23:52:41,2014-06-27 00:01:41,9.00
1403823330620000395,20000395,2014-06-26 23:55:30,2014-06-27 00:10:30,15.00
1403823357620000351,20000351,2014-06-26 23:55:57,2014-06-27 00:02:12,6.25
1403823367620000153,20000153,2014-06-26 23:56:07,2014-06-27 00:13:07,17.00
1403823409620000381,20000381,2014-06-26 23:56:49,2014-06-27 00:03:19,6.50
1403823474620000610,20000610,2014-06-26 23:57:54,2014-06-27 00:13:24,15.50
1403823490620000663,20000663,2014-06-26 23:58:10,2014-06-27 00:01:40,3.50
1403823494620000222,20000222,2014-06-26 23:58:14,2014-06-27 00:10:44,12.50
1403823498620000672,20000672,2014-06-26 23:58:18,2014-06-27 00:09:18,11.00
1403823532620000038,20000038,2014-06-26 23:58:52,2014-06-27 00:04:22,5.50
1403823572620000576,20000576,2014-06-26 23:59:32,2014-06-27 00:01:32,2.00
1403823588620000450,20000450,2014-06-26 23:59:48,2014-06-27 00:05:03,5.25
1403905366620000042,20000042,2014-06-27 22:42:46,2014-06-28 00:19:31,96.75
1403905391620000009,20000009,2014-06-27 22:43:11,2014-06-28 00:36:11,113.00
1403907005620000665,20000665,2014-06-27 23:10:05,2014-06-28 00:24:20,74.25
1403908477620000251,20000251,2014-06-27 23:34:37,2014-06-28 00:02:07,27.50
1403908586620000157,20000157,2014-06-27 23:36:26,2014-06-28 00:19:26,43.00
1403908826620000012,20000012,2014-06-27 23:40:26,2014-06-28 00:12:41,32.25
1403909074620000190,20000190,2014-06-27 23:44:34,2014-06-28 00:51:34,67.00
1403909109620000288,20000288,2014-06-27 23:45:09,2014-06-28 00:24:39,39.50
1403909133620000140,20000140,2014-06-27 23:45:33,2014-06-28 00:31:18,45.75
1403909339620000381,20000381,2014-06-27 23:48:59,2014-06-28 00:01:44,12.75
1403909389620000424,20000424,2014-06-27 23:49:49,2014-06-28 00:03:34,13.75
1403909440620000670,20000670,2014-06-27 23:50:40,2014-06-28 00:00:25,9.75
1403909459620000508,20000508,2014-06-27 23:50:59,2014-06-28 00:08:44,17.75
1403909474620000904,20000904,2014-06-27 23:51:14,2014-06-28 00:05:14,14.00
1403909486620000472,20000472,2014-06-27 23:51:26,2014-06-28 00:03:11,11.75
1403909488620000020,20000020,2014-06-27 23:51:28,2014-06-28 00:02:28,11.00
1403909539620000114,20000114,2014-06-27 23:52:19,2014-06-28 00:01:19,9.00
1403909544620000328,20000328,2014-06-27 23:52:24,2014-06-28 00:01:54,9.50
1403909603620000440,20000440,2014-06-27 23:53:23,2014-06-28 00:04:08,10.75
1403909613620000136,20000136,2014-06-27 23:53:33,2014-06-28 00:03:33,10.00
1403909635620000022,20000022,2014-06-27 23:53:55,2014-06-28 00:02:10,8.25
1403909714620000154,20000154,2014-06-27 23:55:14,2014-06-28 00:02:14,7.00
1403909723620000540,20000540,2014-06-27 23:55:23,2014-06-28 00:07:38,12.25
1403909729620000254,20000254,2014-06-27 23:55:29,2014-06-28 00:04:59,9.50
1403909780620000387,20000387,2014-06-27 23:56:20,2014-06-28 00:13:20,17.00
1403909826620000066,20000066,2014-06-27 23:57:06,2014-06-28 00:07:21,10.25
1403909838620000610,20000610,2014-06-27 23:57:18,2014-06-28 00:03:48,6.50
1403909850620000060,20000060,2014-06-27 23:57:30,2014-06-28 00:06:30,9.00
1403909851620000337,20000337,2014-06-27 23:57:31,2014-06-28 00:10:31,13.00
1403909881620000476,20000476,2014-06-27 23:58:01,2014-06-28 00:04:46,6.75
1403909887620000601,20000601,2014-06-27 23:58:07,2014-06-28 00:09:22,11.25
1403909896620000672,20000672,2014-06-27 23:58:16,2014-06-28 00:04:31,6.25
1403909931620000486,20000486,2014-06-27 23:58:51,2014-06-28 00:08:06,9.25
1403909935620000076,20000076,2014-06-27 23:58:55,2014-06-28 00:04:55,6.00
1403909936620000002,20000002,2014-06-27 23:58:56,2014-06-28 00:13:26,14.50
1403909968620000430,20000430,2014-06-27 23:59:28,2014-06-28 00:03:28,4.00
1403909970620000520,20000520,2014-06-27 23:59:30,2014-06-28 00:13:15,13.75
1403909973620000201,20000201,2014-06-27 23:59:33,2014-06-28 00:05:33,6.00
1403909977620000488,20000488,2014-06-27 23:59:37,2014-06-28 00:20:22,20.75
1403909995620000686,20000686,2014-06-27 23:59:55,2014-06-28 00:07:55,8.00
1403992551620000009,20000009,2014-06-28 22:55:51,2014-06-29 00:49:51,114.00
1403994375620000101,20000101,2014-06-28 23:26:15,2014-06-29 00:03:15,37.00
1403994842620000456,20000456,2014-06-28 23:34:02,2014-06-29 00:20:02,46.00
1403994925620000678,20000678,2014-06-28 23:35:25,2014-06-29 00:01:55,26.50
1403995462620000250,20000250,2014-06-28 23:44:22,2014-06-29 00:32:22,48.00
1403995594620000525,20000525,2014-06-28 23:46:34,2014-06-29 00:12:34,26.00
1403995623620000540,20000540,2014-06-28 23:47:03,2014-06-29 00:19:18,32.25
1403995646620000506,20000506,2014-06-28 23:47:26,2014-06-29 00:01:41,14.25
1403995696620000161,20000161,2014-06-28 23:48:16,2014-06-29 00:00:16,12.00
1403995738620000120,20000120,2014-06-28 23:48:58,2014-06-29 00:11:13,22.25
1403995764620000467,20000467,2014-06-28 23:49:24,2014-06-29 00:07:39,18.25
1403995767620000388,20000388,2014-06-28 23:49:27,2014-06-29 00:05:57,16.50
1403995779620000060,20000060,2014-06-28 23:49:39,2014-06-29 00:03:39,14.00
1403995826620000612,20000612,2014-06-28 23:50:26,2014-06-29 00:05:26,15.00
1403995833620000472,20000472,2014-06-28 23:50:33,2014-06-29 00:00:03,9.50
1403995844620000157,20000157,2014-06-28 23:50:44,2014-06-29 00:00:44,10.00
1403995869620000129,20000129,2014-06-28 23:51:09,2014-06-29 00:01:54,10.75
1403995894620000657,20000657,2014-06-28 23:51:34,2014-06-29 00:02:34,11.00
1403995925620000570,20000570,2014-06-28 23:52:05,2014-06-29 00:01:05,9.00
1403995974620000233,20000233,2014-06-28 23:52:54,2014-06-29 00:13:09,20.25
1403995983620000577,20000577,2014-06-28 23:53:03,2014-06-29 00:19:48,26.75
1403996042620000509,20000509,2014-06-28 23:54:02,2014-06-29 00:01:32,7.50
1403996087620000483,20000483,2014-06-28 23:54:47,2014-06-29 00:26:47,32.00
1403996111620000076,20000076,2014-06-28 23:55:11,2014-06-29 00:02:11,7.00
1403996132620000185,20000185,2014-06-28 23:55:32,2014-06-29 00:41:32,46.00
1403996137620000902,20000902,2014-06-28 23:55:37,2014-06-29 00:06:22,10.75
1403996181620000473,20000473,2014-06-28 23:56:21,2014-06-29 00:15:21,19.00
1403996183620000171,20000171,2014-06-28 23:56:23,2014-06-29 00:29:23,33.00
1403996212620000140,20000140,2014-06-28 23:56:52,2014-06-29 00:03:52,7.00
1403996221620000361,20000361,2014-06-28 23:57:01,2014-06-29 00:05:01,8.00
1403996221620000362,20000362,2014-06-28 23:57:01,2014-06-29 00:05:46,8.75
1403996233620000440,20000440,2014-06-28 23:57:13,2014-06-29 00:24:28,27.25
1403996289620000020,20000020,2014-06-28 23:58:09,2014-06-29 00:06:54,8.75
1403996289620000406,20000406,2014-06-28 23:58:09,2014-06-29 00:12:54,14.75
1403996296620000041,20000041,2014-06-28 23:58:16,2014-06-29 00:04:31,6.25
1403996372620000239,20000239,2014-06-28 23:59:32,2014-06-29 00:46:02,46.50
1403996373620000670,20000670,2014-06-28 23:59:33,2014-06-29 00:12:18,12.75
1403996389620000136,20000136,2014-06-28 23:59:49,2014-06-29 00:22:19,22.50
1403996394620000245,20000245,2014-06-28 23:59:54,2014-06-29 00:04:39,4.75
1404076013620000520,20000520,2014-06-29 22:06:53,2014-06-30 00:59:53,173.00
1404078325620000009,20000009,2014-06-29 22:45:25,2014-06-30 00:27:25,102.00
1404082032620000067,20000067,2014-06-29 23:47:12,2014-06-30 00:00:12,13.00
1404082203620000003,20000003,2014-06-29 23:50:03,2014-06-30 00:37:33,47.50
1404082227620000381,20000381,2014-06-29 23:50:27,2014-06-30 00:06:12,15.75
1404082624620000190,20000190,2014-06-29 23:57:04,2014-06-30 00:03:34,6.50
1404082657620000140,20000140,2014-06-29 23:57:37,2014-06-30 00:05:37,8.00
1404082682620000269,20000269,2014-06-29 23:58:02,2014-06-30 00:03:47,5.75
1404082684620000548,20000548,2014-06-29 23:58:04,2014-06-30 00:08:04,10.00
1404082698620000307,20000307,2014-06-29 23:58:18,2014-06-30 00:04:48,6.50
1404082756620000239,20000239,2014-06-29 23:59:16,2014-06-30 00:06:16,7.00
1404082784620000129,20000129,2014-06-29 23:59:44,2014-06-30 00:07:29,7.75
1404167911620000467,20000467,2014-06-30 23:38:31,2014-07-01 00:03:16,24.75
1404167921620000338,20000338,2014-06-30 23:38:41,2014-07-01 00:00:41,22.00
1404168539620000446,20000446,2014-06-30 23:48:59,2014-07-01 00:01:59,13.00
1404168693620000307,20000307,2014-06-30 23:51:33,2014-07-01 00:02:03,10.50
1404168755620000297,20000297,2014-06-30 23:52:35,2014-07-01 00:04:35,12.00
1404168809620000670,20000670,2014-06-30 23:53:29,2014-07-01 00:01:29,8.00
1404168817620000668,20000668,2014-06-30 23:53:37,2014-07-01 00:04:22,10.75
1404168841620000617,20000617,2014-06-30 23:54:01,2014-07-01 00:00:01,6.00
1404168873620000108,20000108,2014-06-30 23:54:33,2014-07-01 00:01:03,6.50
1404168899620000002,20000002,2014-06-30 23:54:59,2014-07-01 00:03:14,8.25
1404168912620000616,20000616,2014-06-30 23:55:12,2014-07-01 00:00:27,5.25
1404168954620000325,20000325,2014-06-30 23:55:54,2014-07-01 00:13:54,18.00
1404169011620000387,20000387,2014-06-30 23:56:51,2014-07-01 00:12:36,15.75
1404169054620000540,20000540,2014-06-30 23:57:34,2014-07-01 00:06:34,9.00
1404169094620000067,20000067,2014-06-30 23:58:14,2014-07-01 00:08:29,10.25
1404169095620000542,20000542,2014-06-30 23:58:15,2014-07-01 00:11:15,13.00
1404169115620000311,20000311,2014-06-30 23:58:35,2014-07-01 00:09:50,11.25
1404169143620000483,20000483,2014-06-30 23:59:03,2014-07-01 00:04:33,5.50
1404169168620000004,20000004,2014-06-30 23:59:28,2014-07-01 00:06:13,6.75
1404169198620000364,20000364,2014-06-30 23:59:58,2014-07-01 00:05:43,5.75
